cp_id,case_id,person_id,association,role,source
CPA-0001,CASE-001,PERSON-001,Associated with registered case record. Requires human verification.,SUBJECT,STRUCTURED_METADATA
CPA-0002,CASE-001,PERSON-002,Associated with registered case record. Requires human verification.,SUBJECT,STRUCTURED_METADATA
CPA-0003,CASE-001,PERSON-004,Associated with registered case record. Requires human verification.,SUBJECT,STRUCTURED_METADATA
CPA-0004,CASE-002,PERSON-001,Associated with registered case record. Requires human verification.,SUBJECT,STRUCTURED_METADATA
CPA-0005,CASE-002,PERSON-002,Associated with registered case record. Requires human verification.,SUBJECT,STRUCTURED_METADATA
CPA-0006,CASE-003,PERSON-003,Associated with registered case record. Requires human verification.,SUBJECT,STRUCTURED_METADATA
CPA-0007,CASE-003,PERSON-004,Associated with registered case record. Requires human verification.,SUBJECT,STRUCTURED_METADATA
CPA-0008,CASE-004,PERSON-006,Associated with registered case record. Requires human verification.,SUBJECT,STRUCTURED_METADATA
CPA-0009,CASE-004,PERSON-007,Associated with registered case record. Requires human verification.,SUBJECT,STRUCTURED_METADATA
CPA-0010,CASE-004,PERSON-008,Associated with registered case record. Requires human verification.,SUBJECT,STRUCTURED_METADATA
CPA-0011,CASE-005,PERSON-006,Associated with registered case record. Requires human verification.,SUBJECT,STRUCTURED_METADATA
CPA-0012,CASE-005,PERSON-009,Associated with registered case record. Requires human verification.,SUBJECT,STRUCTURED_METADATA
CPA-0013,CASE-006,PERSON-007,Associated with registered case record. Requires human verification.,SUBJECT,STRUCTURED_METADATA
CPA-0014,CASE-006,PERSON-008,Associated with registered case record. Requires human verification.,SUBJECT,STRUCTURED_METADATA
CPA-0015,CASE-006,PERSON-009,Associated with registered case record. Requires human verification.,SUBJECT,STRUCTURED_METADATA
CPA-0016,CASE-007,PERSON-011,Associated with registered case record. Requires human verification.,SUBJECT,STRUCTURED_METADATA
CPA-0017,CASE-007,PERSON-012,Associated with registered case record. Requires human verification.,SUBJECT,STRUCTURED_METADATA
CPA-0018,CASE-007,PERSON-013,Associated with registered case record. Requires human verification.,SUBJECT,STRUCTURED_METADATA
CPA-0019,CASE-008,PERSON-011,Associated with registered case record. Requires human verification.,SUBJECT,STRUCTURED_METADATA
CPA-0020,CASE-008,PERSON-013,Associated with registered case record. Requires human verification.,SUBJECT,STRUCTURED_METADATA
CPA-0021,CASE-009,PERSON-012,Associated with registered case record. Requires human verification.,SUBJECT,STRUCTURED_METADATA
CPA-0022,CASE-009,PERSON-015,Associated with registered case record. Requires human verification.,SUBJECT,STRUCTURED_METADATA
CPA-0023,CASE-010,PERSON-011,Associated with registered case record. Requires human verification.,SUBJECT,STRUCTURED_METADATA
CPA-0024,CASE-010,PERSON-012,Associated with registered case record. Requires human verification.,SUBJECT,STRUCTURED_METADATA
CPA-0025,CASE-011,PERSON-016,Associated with registered case record. Requires human verification.,SUBJECT,STRUCTURED_METADATA
CPA-0026,CASE-012,PERSON-016,Associated with registered case record. Requires human verification.,SUBJECT,STRUCTURED_METADATA
CPA-0027,CASE-012,PERSON-018,Associated with registered case record. Requires human verification.,SUBJECT,STRUCTURED_METADATA
CPA-0028,CASE-013,PERSON-016,Associated with registered case record. Requires human verification.,SUBJECT,STRUCTURED_METADATA
CPA-0029,CASE-014,PERSON-016,Associated with registered case record. Requires human verification.,SUBJECT,STRUCTURED_METADATA
CPA-0030,CASE-014,PERSON-018,Associated with registered case record. Requires human verification.,SUBJECT,STRUCTURED_METADATA
CPA-0031,CASE-015,PERSON-016,Associated with registered case record. Requires human verification.,SUBJECT,STRUCTURED_METADATA
CPA-0032,CASE-016,PERSON-016,Associated with registered case record. Requires human verification.,SUBJECT,STRUCTURED_METADATA
CPA-0033,CASE-016,PERSON-018,Associated with registered case record. Requires human verification.,SUBJECT,STRUCTURED_METADATA
CPA-0034,CASE-017,PERSON-016,Associated with registered case record. Requires human verification.,SUBJECT,STRUCTURED_METADATA
CPA-0035,CASE-018,PERSON-019,Associated with registered case record. Requires human verification.,SUBJECT,STRUCTURED_METADATA
CPA-0036,CASE-018,PERSON-021,Associated with registered case record. Requires human verification.,SUBJECT,STRUCTURED_METADATA
CPA-0037,CASE-019,PERSON-019,Associated with registered case record. Requires human verification.,SUBJECT,STRUCTURED_METADATA
CPA-0038,CASE-019,PERSON-020,Associated with registered case record. Requires human verification.,SUBJECT,STRUCTURED_METADATA
CPA-0039,CASE-020,PERSON-020,Associated with registered case record. Requires human verification.,SUBJECT,STRUCTURED_METADATA
CPA-0040,CASE-020,PERSON-021,Associated with registered case record. Requires human verification.,SUBJECT,STRUCTURED_METADATA
CPA-0041,CASE-021,PERSON-023,Associated with registered case record. Requires human verification.,SUBJECT,STRUCTURED_METADATA
CPA-0042,CASE-021,PERSON-024,Associated with registered case record. Requires human verification.,SUBJECT,STRUCTURED_METADATA
CPA-0043,CASE-021,PERSON-025,Associated with registered case record. Requires human verification.,SUBJECT,STRUCTURED_METADATA
CPA-0044,CASE-022,PERSON-023,Associated with registered case record. Requires human verification.,SUBJECT,STRUCTURED_METADATA
CPA-0045,CASE-022,PERSON-026,Associated with registered case record. Requires human verification.,SUBJECT,STRUCTURED_METADATA
CPA-0046,CASE-023,PERSON-025,Associated with registered case record. Requires human verification.,SUBJECT,STRUCTURED_METADATA
CPA-0047,CASE-023,PERSON-027,Associated with registered case record. Requires human verification.,SUBJECT,STRUCTURED_METADATA
CPA-0048,CASE-024,PERSON-028,Associated with registered case record. Requires human verification.,SUBJECT,STRUCTURED_METADATA
CPA-0049,CASE-024,PERSON-029,Associated with registered case record. Requires human verification.,SUBJECT,STRUCTURED_METADATA
CPA-0050,CASE-025,PERSON-029,Associated with registered case record. Requires human verification.,SUBJECT,STRUCTURED_METADATA
CPA-0051,CASE-026,PERSON-031,Associated with registered case record. Requires human verification.,SUBJECT,STRUCTURED_METADATA
CPA-0052,CASE-026,PERSON-001,Associated with registered case record. Requires human verification.,SUBJECT,STRUCTURED_METADATA
CPA-0053,CASE-027,PERSON-031,Associated with registered case record. Requires human verification.,SUBJECT,STRUCTURED_METADATA
CPA-0054,CASE-027,PERSON-011,Associated with registered case record. Requires human verification.,SUBJECT,STRUCTURED_METADATA
CPA-0055,CASE-028,PERSON-140,Associated with registered case record. Requires human verification.,SUBJECT,STRUCTURED_METADATA
CPA-0056,CASE-029,PERSON-116,Associated with registered case record. Requires human verification.,SUBJECT,STRUCTURED_METADATA
CPA-0057,CASE-030,PERSON-130,Associated with registered case record. Requires human verification.,SUBJECT,STRUCTURED_METADATA
CPA-0058,CASE-030,PERSON-098,Associated with registered case record. Requires human verification.,SUBJECT,STRUCTURED_METADATA
CPA-0059,CASE-030,PERSON-188,Associated with registered case record. Requires human verification.,SUBJECT,STRUCTURED_METADATA
CPA-0060,CASE-031,PERSON-169,Associated with registered case record. Requires human verification.,SUBJECT,STRUCTURED_METADATA
CPA-0061,CASE-033,PERSON-169,Associated with registered case record. Requires human verification.,SUBJECT,STRUCTURED_METADATA
CPA-0062,CASE-033,PERSON-018,Associated with registered case record. Requires human verification.,SUBJECT,STRUCTURED_METADATA
CPA-0063,CASE-033,PERSON-012,Associated with registered case record. Requires human verification.,SUBJECT,STRUCTURED_METADATA
CPA-0064,CASE-034,PERSON-147,Associated with registered case record. Requires human verification.,SUBJECT,STRUCTURED_METADATA
CPA-0065,CASE-035,PERSON-156,Associated with registered case record. Requires human verification.,SUBJECT,STRUCTURED_METADATA
CPA-0066,CASE-040,PERSON-143,Associated with registered case record. Requires human verification.,SUBJECT,STRUCTURED_METADATA
CPA-0067,CASE-042,PERSON-087,Associated with registered case record. Requires human verification.,SUBJECT,STRUCTURED_METADATA
CPA-0068,CASE-042,PERSON-169,Associated with registered case record. Requires human verification.,SUBJECT,STRUCTURED_METADATA
CPA-0069,CASE-042,PERSON-041,Associated with registered case record. Requires human verification.,SUBJECT,STRUCTURED_METADATA
CPA-0070,CASE-044,PERSON-097,Associated with registered case record. Requires human verification.,SUBJECT,STRUCTURED_METADATA
CPA-0071,CASE-046,PERSON-002,Associated with registered case record. Requires human verification.,SUBJECT,STRUCTURED_METADATA
CPA-0072,CASE-046,PERSON-077,Associated with registered case record. Requires human verification.,SUBJECT,STRUCTURED_METADATA
CPA-0073,CASE-048,PERSON-040,Associated with registered case record. Requires human verification.,SUBJECT,STRUCTURED_METADATA
CPA-0074,CASE-048,PERSON-036,Associated with registered case record. Requires human verification.,SUBJECT,STRUCTURED_METADATA
CPA-0075,CASE-051,PERSON-010,Associated with registered case record. Requires human verification.,SUBJECT,STRUCTURED_METADATA
CPA-0076,CASE-051,PERSON-188,Associated with registered case record. Requires human verification.,SUBJECT,STRUCTURED_METADATA
CPA-0077,CASE-052,PERSON-107,Associated with registered case record. Requires human verification.,SUBJECT,STRUCTURED_METADATA
CPA-0078,CASE-052,PERSON-031,Associated with registered case record. Requires human verification.,SUBJECT,STRUCTURED_METADATA
CPA-0079,CASE-053,PERSON-011,Associated with registered case record. Requires human verification.,SUBJECT,STRUCTURED_METADATA
CPA-0080,CASE-053,PERSON-082,Associated with registered case record. Requires human verification.,SUBJECT,STRUCTURED_METADATA
CPA-0081,CASE-053,PERSON-139,Associated with registered case record. Requires human verification.,SUBJECT,STRUCTURED_METADATA
CPA-0082,CASE-054,PERSON-188,Associated with registered case record. Requires human verification.,SUBJECT,STRUCTURED_METADATA
CPA-0083,CASE-054,PERSON-101,Associated with registered case record. Requires human verification.,SUBJECT,STRUCTURED_METADATA
CPA-0084,CASE-054,PERSON-115,Associated with registered case record. Requires human verification.,SUBJECT,STRUCTURED_METADATA
CPA-0085,CASE-055,PERSON-038,Associated with registered case record. Requires human verification.,SUBJECT,STRUCTURED_METADATA
CPA-0086,CASE-055,PERSON-034,Associated with registered case record. Requires human verification.,SUBJECT,STRUCTURED_METADATA
CPA-0087,CASE-056,PERSON-022,Associated with registered case record. Requires human verification.,SUBJECT,STRUCTURED_METADATA
CPA-0088,CASE-056,PERSON-103,Associated with registered case record. Requires human verification.,SUBJECT,STRUCTURED_METADATA
CPA-0089,CASE-057,PERSON-147,Associated with registered case record. Requires human verification.,SUBJECT,STRUCTURED_METADATA
CPA-0090,CASE-057,PERSON-051,Associated with registered case record. Requires human verification.,SUBJECT,STRUCTURED_METADATA
CPA-0091,CASE-057,PERSON-144,Associated with registered case record. Requires human verification.,SUBJECT,STRUCTURED_METADATA
CPA-0092,CASE-058,PERSON-083,Associated with registered case record. Requires human verification.,SUBJECT,STRUCTURED_METADATA
CPA-0093,CASE-058,PERSON-176,Associated with registered case record. Requires human verification.,SUBJECT,STRUCTURED_METADATA
CPA-0094,CASE-059,PERSON-089,Associated with registered case record. Requires human verification.,SUBJECT,STRUCTURED_METADATA
CPA-0095,CASE-059,PERSON-153,Associated with registered case record. Requires human verification.,SUBJECT,STRUCTURED_METADATA
CPA-0096,CASE-060,PERSON-012,Associated with registered case record. Requires human verification.,SUBJECT,STRUCTURED_METADATA
CPA-0097,CASE-060,PERSON-060,Associated with registered case record. Requires human verification.,SUBJECT,STRUCTURED_METADATA
CPA-0098,CASE-061,PERSON-063,Associated with registered case record. Requires human verification.,SUBJECT,STRUCTURED_METADATA
CPA-0099,CASE-062,PERSON-006,Associated with registered case record. Requires human verification.,SUBJECT,STRUCTURED_METADATA
CPA-0100,CASE-062,PERSON-085,Associated with registered case record. Requires human verification.,SUBJECT,STRUCTURED_METADATA
CPA-0101,CASE-063,PERSON-187,Associated with registered case record. Requires human verification.,SUBJECT,STRUCTURED_METADATA
CPA-0102,CASE-063,PERSON-037,Associated with registered case record. Requires human verification.,SUBJECT,STRUCTURED_METADATA
CPA-0103,CASE-063,PERSON-178,Associated with registered case record. Requires human verification.,SUBJECT,STRUCTURED_METADATA
CPA-0104,CASE-064,PERSON-073,Associated with registered case record. Requires human verification.,SUBJECT,STRUCTURED_METADATA
CPA-0105,CASE-068,PERSON-144,Associated with registered case record. Requires human verification.,SUBJECT,STRUCTURED_METADATA
CPA-0106,CASE-068,PERSON-183,Associated with registered case record. Requires human verification.,SUBJECT,STRUCTURED_METADATA
CPA-0107,CASE-069,PERSON-041,Associated with registered case record. Requires human verification.,SUBJECT,STRUCTURED_METADATA
CPA-0108,CASE-069,PERSON-005,Associated with registered case record. Requires human verification.,SUBJECT,STRUCTURED_METADATA
CPA-0109,CASE-069,PERSON-089,Associated with registered case record. Requires human verification.,SUBJECT,STRUCTURED_METADATA
CPA-0110,CASE-071,PERSON-101,Associated with registered case record. Requires human verification.,SUBJECT,STRUCTURED_METADATA
CPA-0111,CASE-071,PERSON-169,Associated with registered case record. Requires human verification.,SUBJECT,STRUCTURED_METADATA
CPA-0112,CASE-072,PERSON-040,Associated with registered case record. Requires human verification.,SUBJECT,STRUCTURED_METADATA
CPA-0113,CASE-072,PERSON-110,Associated with registered case record. Requires human verification.,SUBJECT,STRUCTURED_METADATA
CPA-0114,CASE-072,PERSON-080,Associated with registered case record. Requires human verification.,SUBJECT,STRUCTURED_METADATA
CPA-0115,CASE-074,PERSON-168,Associated with registered case record. Requires human verification.,SUBJECT,STRUCTURED_METADATA
CPA-0116,CASE-075,PERSON-187,Associated with registered case record. Requires human verification.,SUBJECT,STRUCTURED_METADATA
CPA-0117,CASE-076,PERSON-190,Associated with registered case record. Requires human verification.,SUBJECT,STRUCTURED_METADATA
CPA-0118,CASE-076,PERSON-071,Associated with registered case record. Requires human verification.,SUBJECT,STRUCTURED_METADATA
CPA-0119,CASE-076,PERSON-039,Associated with registered case record. Requires human verification.,SUBJECT,STRUCTURED_METADATA
CPA-0120,CASE-078,PERSON-176,Associated with registered case record. Requires human verification.,SUBJECT,STRUCTURED_METADATA
CPA-0121,CASE-080,PERSON-009,Associated with registered case record. Requires human verification.,SUBJECT,STRUCTURED_METADATA
CPA-0122,CASE-083,PERSON-156,Associated with registered case record. Requires human verification.,SUBJECT,STRUCTURED_METADATA
CPA-0123,CASE-084,PERSON-117,Associated with registered case record. Requires human verification.,SUBJECT,STRUCTURED_METADATA
CPA-0124,CASE-084,PERSON-011,Associated with registered case record. Requires human verification.,SUBJECT,STRUCTURED_METADATA
CPA-0125,CASE-085,PERSON-196,Associated with registered case record. Requires human verification.,SUBJECT,STRUCTURED_METADATA
CPA-0126,CASE-085,PERSON-162,Associated with registered case record. Requires human verification.,SUBJECT,STRUCTURED_METADATA
CPA-0127,CASE-085,PERSON-013,Associated with registered case record. Requires human verification.,SUBJECT,STRUCTURED_METADATA
CPA-0128,CASE-088,PERSON-179,Associated with registered case record. Requires human verification.,SUBJECT,STRUCTURED_METADATA
CPA-0129,CASE-088,PERSON-140,Associated with registered case record. Requires human verification.,SUBJECT,STRUCTURED_METADATA
CPA-0130,CASE-088,PERSON-035,Associated with registered case record. Requires human verification.,SUBJECT,STRUCTURED_METADATA
CPA-0131,CASE-089,PERSON-052,Associated with registered case record. Requires human verification.,SUBJECT,STRUCTURED_METADATA
CPA-0132,CASE-089,PERSON-117,Associated with registered case record. Requires human verification.,SUBJECT,STRUCTURED_METADATA
CPA-0133,CASE-089,PERSON-024,Associated with registered case record. Requires human verification.,SUBJECT,STRUCTURED_METADATA
CPA-0134,CASE-092,PERSON-086,Associated with registered case record. Requires human verification.,SUBJECT,STRUCTURED_METADATA
CPA-0135,CASE-093,PERSON-014,Associated with registered case record. Requires human verification.,SUBJECT,STRUCTURED_METADATA
CPA-0136,CASE-093,PERSON-108,Associated with registered case record. Requires human verification.,SUBJECT,STRUCTURED_METADATA
CPA-0137,CASE-093,PERSON-079,Associated with registered case record. Requires human verification.,SUBJECT,STRUCTURED_METADATA
CPA-0138,CASE-094,PERSON-052,Associated with registered case record. Requires human verification.,SUBJECT,STRUCTURED_METADATA
CPA-0139,CASE-096,PERSON-169,Associated with registered case record. Requires human verification.,SUBJECT,STRUCTURED_METADATA
CPA-0140,CASE-096,PERSON-122,Associated with registered case record. Requires human verification.,SUBJECT,STRUCTURED_METADATA
CPA-0141,CASE-096,PERSON-117,Associated with registered case record. Requires human verification.,SUBJECT,STRUCTURED_METADATA
CPA-0142,CASE-097,PERSON-072,Associated with registered case record. Requires human verification.,SUBJECT,STRUCTURED_METADATA
CPA-0143,CASE-097,PERSON-159,Associated with registered case record. Requires human verification.,SUBJECT,STRUCTURED_METADATA
CPA-0144,CASE-097,PERSON-161,Associated with registered case record. Requires human verification.,SUBJECT,STRUCTURED_METADATA
CPA-0145,CASE-098,PERSON-010,Associated with registered case record. Requires human verification.,SUBJECT,STRUCTURED_METADATA
CPA-0146,CASE-098,PERSON-038,Associated with registered case record. Requires human verification.,SUBJECT,STRUCTURED_METADATA
CPA-0147,CASE-100,PERSON-180,Associated with registered case record. Requires human verification.,SUBJECT,STRUCTURED_METADATA
CPA-0148,CASE-100,PERSON-153,Associated with registered case record. Requires human verification.,SUBJECT,STRUCTURED_METADATA
CPA-0149,CASE-100,PERSON-147,Associated with registered case record. Requires human verification.,SUBJECT,STRUCTURED_METADATA
CPA-0150,CASE-101,PERSON-083,Associated with registered case record. Requires human verification.,SUBJECT,STRUCTURED_METADATA
CPA-0151,CASE-101,PERSON-095,Associated with registered case record. Requires human verification.,SUBJECT,STRUCTURED_METADATA
CPA-0152,CASE-102,PERSON-032,Associated with registered case record. Requires human verification.,SUBJECT,STRUCTURED_METADATA
CPA-0153,CASE-103,PERSON-054,Associated with registered case record. Requires human verification.,SUBJECT,STRUCTURED_METADATA
CPA-0154,CASE-103,PERSON-157,Associated with registered case record. Requires human verification.,SUBJECT,STRUCTURED_METADATA
CPA-0155,CASE-103,PERSON-015,Associated with registered case record. Requires human verification.,SUBJECT,STRUCTURED_METADATA
CPA-0156,CASE-104,PERSON-067,Associated with registered case record. Requires human verification.,SUBJECT,STRUCTURED_METADATA
CPA-0157,CASE-104,PERSON-135,Associated with registered case record. Requires human verification.,SUBJECT,STRUCTURED_METADATA
CPA-0158,CASE-105,PERSON-128,Associated with registered case record. Requires human verification.,SUBJECT,STRUCTURED_METADATA
CPA-0159,CASE-105,PERSON-127,Associated with registered case record. Requires human verification.,SUBJECT,STRUCTURED_METADATA
CPA-0160,CASE-105,PERSON-047,Associated with registered case record. Requires human verification.,SUBJECT,STRUCTURED_METADATA
CPA-0161,CASE-106,PERSON-031,Associated with registered case record. Requires human verification.,SUBJECT,STRUCTURED_METADATA
CPA-0162,CASE-106,PERSON-189,Associated with registered case record. Requires human verification.,SUBJECT,STRUCTURED_METADATA
CPA-0163,CASE-106,PERSON-054,Associated with registered case record. Requires human verification.,SUBJECT,STRUCTURED_METADATA
CPA-0164,CASE-107,PERSON-055,Associated with registered case record. Requires human verification.,SUBJECT,STRUCTURED_METADATA
CPA-0165,CASE-107,PERSON-003,Associated with registered case record. Requires human verification.,SUBJECT,STRUCTURED_METADATA
CPA-0166,CASE-107,PERSON-164,Associated with registered case record. Requires human verification.,SUBJECT,STRUCTURED_METADATA
CPA-0167,CASE-108,PERSON-141,Associated with registered case record. Requires human verification.,SUBJECT,STRUCTURED_METADATA
CPA-0168,CASE-108,PERSON-083,Associated with registered case record. Requires human verification.,SUBJECT,STRUCTURED_METADATA
CPA-0169,CASE-108,PERSON-197,Associated with registered case record. Requires human verification.,SUBJECT,STRUCTURED_METADATA
CPA-0170,CASE-110,PERSON-040,Associated with registered case record. Requires human verification.,SUBJECT,STRUCTURED_METADATA
CPA-0171,CASE-110,PERSON-161,Associated with registered case record. Requires human verification.,SUBJECT,STRUCTURED_METADATA
CPA-0172,CASE-112,PERSON-054,Associated with registered case record. Requires human verification.,SUBJECT,STRUCTURED_METADATA
CPA-0173,CASE-113,PERSON-087,Associated with registered case record. Requires human verification.,SUBJECT,STRUCTURED_METADATA
CPA-0174,CASE-114,PERSON-193,Associated with registered case record. Requires human verification.,SUBJECT,STRUCTURED_METADATA
CPA-0175,CASE-115,PERSON-096,Associated with registered case record. Requires human verification.,SUBJECT,STRUCTURED_METADATA
CPA-0176,CASE-116,PERSON-010,Associated with registered case record. Requires human verification.,SUBJECT,STRUCTURED_METADATA
CPA-0177,CASE-116,PERSON-200,Associated with registered case record. Requires human verification.,SUBJECT,STRUCTURED_METADATA
CPA-0178,CASE-119,PERSON-118,Associated with registered case record. Requires human verification.,SUBJECT,STRUCTURED_METADATA
CPA-0179,CASE-122,PERSON-083,Associated with registered case record. Requires human verification.,SUBJECT,STRUCTURED_METADATA
CPA-0180,CASE-124,PERSON-144,Associated with registered case record. Requires human verification.,SUBJECT,STRUCTURED_METADATA
CPA-0181,CASE-124,PERSON-132,Associated with registered case record. Requires human verification.,SUBJECT,STRUCTURED_METADATA
CPA-0182,CASE-124,PERSON-027,Associated with registered case record. Requires human verification.,SUBJECT,STRUCTURED_METADATA
CPA-0183,CASE-125,PERSON-073,Associated with registered case record. Requires human verification.,SUBJECT,STRUCTURED_METADATA
CPA-0184,CASE-125,PERSON-147,Associated with registered case record. Requires human verification.,SUBJECT,STRUCTURED_METADATA
CPA-0185,CASE-125,PERSON-063,Associated with registered case record. Requires human verification.,SUBJECT,STRUCTURED_METADATA
CPA-0186,CASE-126,PERSON-121,Associated with registered case record. Requires human verification.,SUBJECT,STRUCTURED_METADATA
CPA-0187,CASE-127,PERSON-181,Associated with registered case record. Requires human verification.,SUBJECT,STRUCTURED_METADATA
CPA-0188,CASE-128,PERSON-183,Associated with registered case record. Requires human verification.,SUBJECT,STRUCTURED_METADATA
CPA-0189,CASE-129,PERSON-179,Associated with registered case record. Requires human verification.,SUBJECT,STRUCTURED_METADATA
CPA-0190,CASE-130,PERSON-037,Associated with registered case record. Requires human verification.,SUBJECT,STRUCTURED_METADATA
CPA-0191,CASE-132,PERSON-119,Associated with registered case record. Requires human verification.,SUBJECT,STRUCTURED_METADATA
CPA-0192,CASE-132,PERSON-044,Associated with registered case record. Requires human verification.,SUBJECT,STRUCTURED_METADATA
CPA-0193,CASE-133,PERSON-183,Associated with registered case record. Requires human verification.,SUBJECT,STRUCTURED_METADATA
CPA-0194,CASE-133,PERSON-028,Associated with registered case record. Requires human verification.,SUBJECT,STRUCTURED_METADATA
CPA-0195,CASE-134,PERSON-062,Associated with registered case record. Requires human verification.,SUBJECT,STRUCTURED_METADATA
CPA-0196,CASE-134,PERSON-159,Associated with registered case record. Requires human verification.,SUBJECT,STRUCTURED_METADATA
CPA-0197,CASE-135,PERSON-152,Associated with registered case record. Requires human verification.,SUBJECT,STRUCTURED_METADATA
CPA-0198,CASE-135,PERSON-111,Associated with registered case record. Requires human verification.,SUBJECT,STRUCTURED_METADATA
CPA-0199,CASE-135,PERSON-112,Associated with registered case record. Requires human verification.,SUBJECT,STRUCTURED_METADATA
CPA-0200,CASE-136,PERSON-020,Associated with registered case record. Requires human verification.,SUBJECT,STRUCTURED_METADATA
CPA-0201,CASE-136,PERSON-190,Associated with registered case record. Requires human verification.,SUBJECT,STRUCTURED_METADATA
CPA-0202,CASE-136,PERSON-183,Associated with registered case record. Requires human verification.,SUBJECT,STRUCTURED_METADATA
CPA-0203,CASE-137,PERSON-114,Associated with registered case record. Requires human verification.,SUBJECT,STRUCTURED_METADATA
CPA-0204,CASE-139,PERSON-149,Associated with registered case record. Requires human verification.,SUBJECT,STRUCTURED_METADATA
CPA-0205,CASE-140,PERSON-100,Associated with registered case record. Requires human verification.,SUBJECT,STRUCTURED_METADATA
CPA-0206,CASE-140,PERSON-158,Associated with registered case record. Requires human verification.,SUBJECT,STRUCTURED_METADATA
CPA-0207,CASE-141,PERSON-078,Associated with registered case record. Requires human verification.,SUBJECT,STRUCTURED_METADATA
CPA-0208,CASE-141,PERSON-112,Associated with registered case record. Requires human verification.,SUBJECT,STRUCTURED_METADATA
CPA-0209,CASE-141,PERSON-184,Associated with registered case record. Requires human verification.,SUBJECT,STRUCTURED_METADATA
CPA-0210,CASE-145,PERSON-170,Associated with registered case record. Requires human verification.,SUBJECT,STRUCTURED_METADATA
CPA-0211,CASE-147,PERSON-166,Associated with registered case record. Requires human verification.,SUBJECT,STRUCTURED_METADATA
CPA-0212,CASE-148,PERSON-117,Associated with registered case record. Requires human verification.,SUBJECT,STRUCTURED_METADATA
CPA-0213,CASE-148,PERSON-179,Associated with registered case record. Requires human verification.,SUBJECT,STRUCTURED_METADATA
CPA-0214,CASE-149,PERSON-099,Associated with registered case record. Requires human verification.,SUBJECT,STRUCTURED_METADATA
CPA-0215,CASE-149,PERSON-091,Associated with registered case record. Requires human verification.,SUBJECT,STRUCTURED_METADATA
CPA-0216,CASE-151,PERSON-146,Associated with registered case record. Requires human verification.,SUBJECT,STRUCTURED_METADATA
CPA-0217,CASE-153,PERSON-023,Associated with registered case record. Requires human verification.,SUBJECT,STRUCTURED_METADATA
CPA-0218,CASE-153,PERSON-063,Associated with registered case record. Requires human verification.,SUBJECT,STRUCTURED_METADATA
CPA-0219,CASE-153,PERSON-121,Associated with registered case record. Requires human verification.,SUBJECT,STRUCTURED_METADATA
CPA-0220,CASE-154,PERSON-137,Associated with registered case record. Requires human verification.,SUBJECT,STRUCTURED_METADATA
CPA-0221,CASE-154,PERSON-200,Associated with registered case record. Requires human verification.,SUBJECT,STRUCTURED_METADATA
CPA-0222,CASE-155,PERSON-075,Associated with registered case record. Requires human verification.,SUBJECT,STRUCTURED_METADATA
CPA-0223,CASE-155,PERSON-043,Associated with registered case record. Requires human verification.,SUBJECT,STRUCTURED_METADATA
CPA-0224,CASE-156,PERSON-149,Associated with registered case record. Requires human verification.,SUBJECT,STRUCTURED_METADATA
CPA-0225,CASE-156,PERSON-044,Associated with registered case record. Requires human verification.,SUBJECT,STRUCTURED_METADATA
CPA-0226,CASE-157,PERSON-130,Associated with registered case record. Requires human verification.,SUBJECT,STRUCTURED_METADATA
CPA-0227,CASE-158,PERSON-004,Associated with registered case record. Requires human verification.,SUBJECT,STRUCTURED_METADATA
CPA-0228,CASE-158,PERSON-190,Associated with registered case record. Requires human verification.,SUBJECT,STRUCTURED_METADATA
CPA-0229,CASE-160,PERSON-009,Associated with registered case record. Requires human verification.,SUBJECT,STRUCTURED_METADATA
CPA-0230,CASE-160,PERSON-088,Associated with registered case record. Requires human verification.,SUBJECT,STRUCTURED_METADATA
CPA-0231,CASE-160,PERSON-022,Associated with registered case record. Requires human verification.,SUBJECT,STRUCTURED_METADATA
CPA-0232,CASE-162,PERSON-194,Associated with registered case record. Requires human verification.,SUBJECT,STRUCTURED_METADATA
CPA-0233,CASE-162,PERSON-030,Associated with registered case record. Requires human verification.,SUBJECT,STRUCTURED_METADATA
CPA-0234,CASE-163,PERSON-060,Associated with registered case record. Requires human verification.,SUBJECT,STRUCTURED_METADATA
CPA-0235,CASE-163,PERSON-098,Associated with registered case record. Requires human verification.,SUBJECT,STRUCTURED_METADATA
CPA-0236,CASE-163,PERSON-175,Associated with registered case record. Requires human verification.,SUBJECT,STRUCTURED_METADATA
CPA-0237,CASE-164,PERSON-098,Associated with registered case record. Requires human verification.,SUBJECT,STRUCTURED_METADATA
CPA-0238,CASE-164,PERSON-174,Associated with registered case record. Requires human verification.,SUBJECT,STRUCTURED_METADATA
CPA-0239,CASE-168,PERSON-173,Associated with registered case record. Requires human verification.,SUBJECT,STRUCTURED_METADATA
CPA-0240,CASE-169,PERSON-115,Associated with registered case record. Requires human verification.,SUBJECT,STRUCTURED_METADATA
CPA-0241,CASE-169,PERSON-090,Associated with registered case record. Requires human verification.,SUBJECT,STRUCTURED_METADATA
CPA-0242,CASE-169,PERSON-057,Associated with registered case record. Requires human verification.,SUBJECT,STRUCTURED_METADATA
CPA-0243,CASE-170,PERSON-153,Associated with registered case record. Requires human verification.,SUBJECT,STRUCTURED_METADATA
CPA-0244,CASE-173,PERSON-197,Associated with registered case record. Requires human verification.,SUBJECT,STRUCTURED_METADATA
CPA-0245,CASE-173,PERSON-110,Associated with registered case record. Requires human verification.,SUBJECT,STRUCTURED_METADATA
CPA-0246,CASE-174,PERSON-098,Associated with registered case record. Requires human verification.,SUBJECT,STRUCTURED_METADATA
CPA-0247,CASE-175,PERSON-126,Associated with registered case record. Requires human verification.,SUBJECT,STRUCTURED_METADATA
CPA-0248,CASE-176,PERSON-197,Associated with registered case record. Requires human verification.,SUBJECT,STRUCTURED_METADATA
CPA-0249,CASE-176,PERSON-111,Associated with registered case record. Requires human verification.,SUBJECT,STRUCTURED_METADATA
CPA-0250,CASE-176,PERSON-056,Associated with registered case record. Requires human verification.,SUBJECT,STRUCTURED_METADATA
CPA-0251,CASE-177,PERSON-019,Associated with registered case record. Requires human verification.,SUBJECT,STRUCTURED_METADATA
CPA-0252,CASE-178,PERSON-001,Associated with registered case record. Requires human verification.,SUBJECT,STRUCTURED_METADATA
CPA-0253,CASE-178,PERSON-010,Associated with registered case record. Requires human verification.,SUBJECT,STRUCTURED_METADATA
CPA-0254,CASE-178,PERSON-171,Associated with registered case record. Requires human verification.,SUBJECT,STRUCTURED_METADATA
CPA-0255,CASE-179,PERSON-123,Associated with registered case record. Requires human verification.,SUBJECT,STRUCTURED_METADATA
CPA-0256,CASE-179,PERSON-112,Associated with registered case record. Requires human verification.,SUBJECT,STRUCTURED_METADATA
CPA-0257,CASE-180,PERSON-200,Associated with registered case record. Requires human verification.,SUBJECT,STRUCTURED_METADATA
CPA-0258,CASE-180,PERSON-124,Associated with registered case record. Requires human verification.,SUBJECT,STRUCTURED_METADATA
CPA-0259,CASE-180,PERSON-032,Associated with registered case record. Requires human verification.,SUBJECT,STRUCTURED_METADATA
CPA-0260,CASE-181,PERSON-166,Associated with registered case record. Requires human verification.,SUBJECT,STRUCTURED_METADATA
CPA-0261,CASE-181,PERSON-024,Associated with registered case record. Requires human verification.,SUBJECT,STRUCTURED_METADATA
CPA-0262,CASE-181,PERSON-094,Associated with registered case record. Requires human verification.,SUBJECT,STRUCTURED_METADATA
CPA-0263,CASE-184,PERSON-113,Associated with registered case record. Requires human verification.,SUBJECT,STRUCTURED_METADATA
CPA-0264,CASE-184,PERSON-189,Associated with registered case record. Requires human verification.,SUBJECT,STRUCTURED_METADATA
CPA-0265,CASE-184,PERSON-049,Associated with registered case record. Requires human verification.,SUBJECT,STRUCTURED_METADATA
CPA-0266,CASE-185,PERSON-139,Associated with registered case record. Requires human verification.,SUBJECT,STRUCTURED_METADATA
CPA-0267,CASE-187,PERSON-168,Associated with registered case record. Requires human verification.,SUBJECT,STRUCTURED_METADATA
CPA-0268,CASE-189,PERSON-012,Associated with registered case record. Requires human verification.,SUBJECT,STRUCTURED_METADATA
CPA-0269,CASE-189,PERSON-063,Associated with registered case record. Requires human verification.,SUBJECT,STRUCTURED_METADATA
CPA-0270,CASE-189,PERSON-180,Associated with registered case record. Requires human verification.,SUBJECT,STRUCTURED_METADATA
CPA-0271,CASE-192,PERSON-110,Associated with registered case record. Requires human verification.,SUBJECT,STRUCTURED_METADATA
CPA-0272,CASE-193,PERSON-196,Associated with registered case record. Requires human verification.,SUBJECT,STRUCTURED_METADATA
CPA-0273,CASE-194,PERSON-044,Associated with registered case record. Requires human verification.,SUBJECT,STRUCTURED_METADATA
CPA-0274,CASE-194,PERSON-179,Associated with registered case record. Requires human verification.,SUBJECT,STRUCTURED_METADATA
CPA-0275,CASE-195,PERSON-157,Associated with registered case record. Requires human verification.,SUBJECT,STRUCTURED_METADATA
CPA-0276,CASE-195,PERSON-097,Associated with registered case record. Requires human verification.,SUBJECT,STRUCTURED_METADATA
CPA-0277,CASE-195,PERSON-200,Associated with registered case record. Requires human verification.,SUBJECT,STRUCTURED_METADATA
CPA-0278,CASE-196,PERSON-181,Associated with registered case record. Requires human verification.,SUBJECT,STRUCTURED_METADATA
CPA-0279,CASE-198,PERSON-157,Associated with registered case record. Requires human verification.,SUBJECT,STRUCTURED_METADATA
CPA-0280,CASE-199,PERSON-161,Associated with registered case record. Requires human verification.,SUBJECT,STRUCTURED_METADATA
CPA-0281,CASE-200,PERSON-025,Associated with registered case record. Requires human verification.,SUBJECT,STRUCTURED_METADATA
CPA-0282,CASE-200,PERSON-159,Associated with registered case record. Requires human verification.,SUBJECT,STRUCTURED_METADATA
CPA-0283,CASE-200,PERSON-093,Associated with registered case record. Requires human verification.,SUBJECT,STRUCTURED_METADATA
CPA-0284,CASE-201,PERSON-029,Associated with registered case record. Requires human verification.,SUBJECT,STRUCTURED_METADATA
CPA-0285,CASE-203,PERSON-195,Associated with registered case record. Requires human verification.,SUBJECT,STRUCTURED_METADATA
CPA-0286,CASE-203,PERSON-117,Associated with registered case record. Requires human verification.,SUBJECT,STRUCTURED_METADATA
CPA-0287,CASE-203,PERSON-012,Associated with registered case record. Requires human verification.,SUBJECT,STRUCTURED_METADATA
CPA-0288,CASE-205,PERSON-108,Associated with registered case record. Requires human verification.,SUBJECT,STRUCTURED_METADATA
CPA-0289,CASE-205,PERSON-051,Associated with registered case record. Requires human verification.,SUBJECT,STRUCTURED_METADATA
CPA-0290,CASE-206,PERSON-061,Associated with registered case record. Requires human verification.,SUBJECT,STRUCTURED_METADATA
CPA-0291,CASE-207,PERSON-125,Associated with registered case record. Requires human verification.,SUBJECT,STRUCTURED_METADATA
CPA-0292,CASE-207,PERSON-014,Associated with registered case record. Requires human verification.,SUBJECT,STRUCTURED_METADATA
CPA-0293,CASE-207,PERSON-112,Associated with registered case record. Requires human verification.,SUBJECT,STRUCTURED_METADATA
CPA-0294,CASE-208,PERSON-185,Associated with registered case record. Requires human verification.,SUBJECT,STRUCTURED_METADATA
CPA-0295,CASE-208,PERSON-050,Associated with registered case record. Requires human verification.,SUBJECT,STRUCTURED_METADATA
CPA-0296,CASE-209,PERSON-016,Associated with registered case record. Requires human verification.,SUBJECT,STRUCTURED_METADATA
CPA-0297,CASE-209,PERSON-072,Associated with registered case record. Requires human verification.,SUBJECT,STRUCTURED_METADATA
CPA-0298,CASE-209,PERSON-035,Associated with registered case record. Requires human verification.,SUBJECT,STRUCTURED_METADATA
CPA-0299,CASE-211,PERSON-059,Associated with registered case record. Requires human verification.,SUBJECT,STRUCTURED_METADATA
CPA-0300,CASE-211,PERSON-023,Associated with registered case record. Requires human verification.,SUBJECT,STRUCTURED_METADATA
CPA-0301,CASE-211,PERSON-106,Associated with registered case record. Requires human verification.,SUBJECT,STRUCTURED_METADATA
CPA-0302,CASE-212,PERSON-110,Associated with registered case record. Requires human verification.,SUBJECT,STRUCTURED_METADATA
CPA-0303,CASE-212,PERSON-189,Associated with registered case record. Requires human verification.,SUBJECT,STRUCTURED_METADATA
CPA-0304,CASE-212,PERSON-064,Associated with registered case record. Requires human verification.,SUBJECT,STRUCTURED_METADATA
CPA-0305,CASE-214,PERSON-123,Associated with registered case record. Requires human verification.,SUBJECT,STRUCTURED_METADATA
CPA-0306,CASE-214,PERSON-179,Associated with registered case record. Requires human verification.,SUBJECT,STRUCTURED_METADATA
CPA-0307,CASE-216,PERSON-005,Associated with registered case record. Requires human verification.,SUBJECT,STRUCTURED_METADATA
CPA-0308,CASE-220,PERSON-179,Associated with registered case record. Requires human verification.,SUBJECT,STRUCTURED_METADATA
CPA-0309,CASE-220,PERSON-157,Associated with registered case record. Requires human verification.,SUBJECT,STRUCTURED_METADATA
CPA-0310,CASE-222,PERSON-011,Associated with registered case record. Requires human verification.,SUBJECT,STRUCTURED_METADATA
CPA-0311,CASE-222,PERSON-094,Associated with registered case record. Requires human verification.,SUBJECT,STRUCTURED_METADATA
CPA-0312,CASE-222,PERSON-045,Associated with registered case record. Requires human verification.,SUBJECT,STRUCTURED_METADATA
CPA-0313,CASE-223,PERSON-062,Associated with registered case record. Requires human verification.,SUBJECT,STRUCTURED_METADATA
CPA-0314,CASE-223,PERSON-139,Associated with registered case record. Requires human verification.,SUBJECT,STRUCTURED_METADATA
CPA-0315,CASE-225,PERSON-096,Associated with registered case record. Requires human verification.,SUBJECT,STRUCTURED_METADATA
CPA-0316,CASE-226,PERSON-174,Associated with registered case record. Requires human verification.,SUBJECT,STRUCTURED_METADATA
CPA-0317,CASE-226,PERSON-137,Associated with registered case record. Requires human verification.,SUBJECT,STRUCTURED_METADATA
CPA-0318,CASE-226,PERSON-075,Associated with registered case record. Requires human verification.,SUBJECT,STRUCTURED_METADATA
CPA-0319,CASE-227,PERSON-046,Associated with registered case record. Requires human verification.,SUBJECT,STRUCTURED_METADATA
CPA-0320,CASE-227,PERSON-074,Associated with registered case record. Requires human verification.,SUBJECT,STRUCTURED_METADATA
CPA-0321,CASE-228,PERSON-134,Associated with registered case record. Requires human verification.,SUBJECT,STRUCTURED_METADATA
CPA-0322,CASE-229,PERSON-114,Associated with registered case record. Requires human verification.,SUBJECT,STRUCTURED_METADATA
CPA-0323,CASE-229,PERSON-189,Associated with registered case record. Requires human verification.,SUBJECT,STRUCTURED_METADATA
CPA-0324,CASE-232,PERSON-034,Associated with registered case record. Requires human verification.,SUBJECT,STRUCTURED_METADATA
CPA-0325,CASE-232,PERSON-079,Associated with registered case record. Requires human verification.,SUBJECT,STRUCTURED_METADATA
CPA-0326,CASE-232,PERSON-044,Associated with registered case record. Requires human verification.,SUBJECT,STRUCTURED_METADATA
CPA-0327,CASE-233,PERSON-117,Associated with registered case record. Requires human verification.,SUBJECT,STRUCTURED_METADATA
CPA-0328,CASE-233,PERSON-043,Associated with registered case record. Requires human verification.,SUBJECT,STRUCTURED_METADATA
CPA-0329,CASE-235,PERSON-148,Associated with registered case record. Requires human verification.,SUBJECT,STRUCTURED_METADATA
CPA-0330,CASE-235,PERSON-033,Associated with registered case record. Requires human verification.,SUBJECT,STRUCTURED_METADATA
CPA-0331,CASE-237,PERSON-007,Associated with registered case record. Requires human verification.,SUBJECT,STRUCTURED_METADATA
CPA-0332,CASE-238,PERSON-140,Associated with registered case record. Requires human verification.,SUBJECT,STRUCTURED_METADATA
CPA-0333,CASE-238,PERSON-130,Associated with registered case record. Requires human verification.,SUBJECT,STRUCTURED_METADATA
CPA-0334,CASE-238,PERSON-085,Associated with registered case record. Requires human verification.,SUBJECT,STRUCTURED_METADATA
CPA-0335,CASE-241,PERSON-115,Associated with registered case record. Requires human verification.,SUBJECT,STRUCTURED_METADATA
CPA-0336,CASE-242,PERSON-197,Associated with registered case record. Requires human verification.,SUBJECT,STRUCTURED_METADATA
CPA-0337,CASE-244,PERSON-015,Associated with registered case record. Requires human verification.,SUBJECT,STRUCTURED_METADATA
CPA-0338,CASE-244,PERSON-171,Associated with registered case record. Requires human verification.,SUBJECT,STRUCTURED_METADATA
CPA-0339,CASE-244,PERSON-093,Associated with registered case record. Requires human verification.,SUBJECT,STRUCTURED_METADATA
CPA-0340,CASE-245,PERSON-090,Associated with registered case record. Requires human verification.,SUBJECT,STRUCTURED_METADATA
CPA-0341,CASE-245,PERSON-079,Associated with registered case record. Requires human verification.,SUBJECT,STRUCTURED_METADATA
CPA-0342,CASE-248,PERSON-135,Associated with registered case record. Requires human verification.,SUBJECT,STRUCTURED_METADATA
CPA-0343,CASE-248,PERSON-086,Associated with registered case record. Requires human verification.,SUBJECT,STRUCTURED_METADATA
CPA-0344,CASE-249,PERSON-107,Associated with registered case record. Requires human verification.,SUBJECT,STRUCTURED_METADATA
CPA-0345,CASE-249,PERSON-045,Associated with registered case record. Requires human verification.,SUBJECT,STRUCTURED_METADATA
