case_id,case_title,offence_category,legal_section,fir_number,date_opened,description,status,police_station,district,state,location_id
CASE-001,Synthetic Case Record 001 — Kidnapping — Raipur,Kidnapping,IPC 363,FIR-SYNTH-RAI-0001,2022-09-07,"Synthetic case record regarding kidnapping associated with registered case record in fictional scenario 1. District: Raipur, State: Chhattisgarh. This record is for demonstration purposes only.",CLOSED,"Fictional PS No.1, Raipur",Raipur,Chhattisgarh,LOCATION-024
CASE-002,Synthetic Case Record 002 — Extortion — Raipur,Extortion,IPC 384,FIR-SYNTH-RAI-0002,2024-06-26,"Synthetic case record regarding extortion associated with registered case record in fictional scenario 2. District: Raipur, State: Chhattisgarh. This record is for demonstration purposes only.",CLOSED,"Fictional PS No.7, Raipur",Raipur,Chhattisgarh,LOCATION-024
CASE-003,Synthetic Case Record 003 — Criminal Intimidation — Raipur,Criminal Intimidation,IPC 506,FIR-SYNTH-RAI-0003,2022-03-10,"Synthetic case record regarding criminal intimidation associated with registered case record in fictional scenario 3. District: Raipur, State: Chhattisgarh. This record is for demonstration purposes only.",CLOSED,"Fictional PS No.12, Raipur",Raipur,Chhattisgarh,LOCATION-024
CASE-004,Synthetic Case Record 004 — Cybercrime — Kolkata,Cybercrime,IT Act 66C,FIR-SYNTH-KOL-0004,2022-07-12,"Synthetic case record regarding cybercrime associated with registered case record in fictional scenario 4. District: Kolkata, State: West Bengal. This record is for demonstration purposes only.",CLOSED,"Fictional PS No.8, Kolkata",Kolkata,West Bengal,LOCATION-001
CASE-005,Synthetic Case Record 005 — Forgery — Kolkata,Forgery,IPC 465,FIR-SYNTH-KOL-0005,2024-03-07,"Synthetic case record regarding forgery associated with registered case record in fictional scenario 5. District: Kolkata, State: West Bengal. This record is for demonstration purposes only.",UNDER INVESTIGATION,"Fictional PS No.8, Kolkata",Kolkata,West Bengal,LOCATION-001
CASE-006,Synthetic Case Record 006 — Fraud — North 24 Parganas,Fraud,IPC 420,FIR-SYNTH-NOR-0006,2022-11-21,"Synthetic case record regarding fraud associated with registered case record in fictional scenario 6. District: North 24 Parganas, State: West Bengal. This record is for demonstration purposes only.",OPEN,"Fictional PS No.6, Kolkata",North 24 Parganas,West Bengal,LOCATION-002
CASE-007,Synthetic Case Record 007 — Theft — Mumbai City,Theft,IPC 379,FIR-SYNTH-MUM-0007,2025-01-30,"Synthetic case record regarding theft associated with registered case record in fictional scenario 7. District: Mumbai City, State: Maharashtra. This record is for demonstration purposes only.",OPEN,"Fictional PS No.12, Mumbai",Mumbai City,Maharashtra,LOCATION-004
CASE-008,Synthetic Case Record 008 — Robbery — Mumbai City,Robbery,IPC 392,FIR-SYNTH-MUM-0008,2024-09-12,"Synthetic case record regarding robbery associated with registered case record in fictional scenario 8. District: Mumbai City, State: Maharashtra. This record is for demonstration purposes only.",UNDER INVESTIGATION,"Fictional PS No.5, Mumbai",Mumbai City,Maharashtra,LOCATION-004
CASE-009,Synthetic Case Record 009 — Burglary — Pune,Burglary,IPC 457,FIR-SYNTH-PUN-0009,2024-01-09,"Synthetic case record regarding burglary associated with registered case record in fictional scenario 9. District: Pune, State: Maharashtra. This record is for demonstration purposes only.",OPEN,"Fictional PS No.4, Pune",Pune,Maharashtra,LOCATION-007
CASE-010,Synthetic Case Record 010 — Theft — Pune,Theft,IPC 379,FIR-SYNTH-PUN-0010,2023-03-23,"Synthetic case record regarding theft associated with registered case record in fictional scenario 10. District: Pune, State: Maharashtra. This record is for demonstration purposes only.",OPEN,"Fictional PS No.11, Pune",Pune,Maharashtra,LOCATION-007
CASE-011,Synthetic Case Record 011 — Assault — Central Delhi,Assault,IPC 323,FIR-SYNTH-CEN-0011,2025-07-20,"Synthetic case record regarding assault associated with registered case record in fictional scenario 11. District: Central Delhi, State: Delhi. This record is for demonstration purposes only.",CHARGESHEETED,"Fictional PS No.4, Delhi",Central Delhi,Delhi,LOCATION-008
CASE-012,Synthetic Case Record 012 — Robbery — Central Delhi,Robbery,IPC 392,FIR-SYNTH-CEN-0012,2022-01-31,"Synthetic case record regarding robbery associated with registered case record in fictional scenario 12. District: Central Delhi, State: Delhi. This record is for demonstration purposes only.",CLOSED,"Fictional PS No.6, Delhi",Central Delhi,Delhi,LOCATION-008
CASE-013,Synthetic Case Record 013 — Criminal Intimidation — North Delhi,Criminal Intimidation,IPC 506,FIR-SYNTH-NOR-0013,2025-04-12,"Synthetic case record regarding criminal intimidation associated with registered case record in fictional scenario 13. District: North Delhi, State: Delhi. This record is for demonstration purposes only.",OPEN,"Fictional PS No.5, Delhi",North Delhi,Delhi,LOCATION-009
CASE-014,Synthetic Case Record 014 — Extortion — North Delhi,Extortion,IPC 384,FIR-SYNTH-NOR-0014,2023-05-13,"Synthetic case record regarding extortion associated with registered case record in fictional scenario 14. District: North Delhi, State: Delhi. This record is for demonstration purposes only.",OPEN,"Fictional PS No.7, Delhi",North Delhi,Delhi,LOCATION-009
CASE-015,Synthetic Case Record 015 — Theft — South Delhi,Theft,IPC 379,FIR-SYNTH-SOU-0015,2025-04-05,"Synthetic case record regarding theft associated with registered case record in fictional scenario 15. District: South Delhi, State: Delhi. This record is for demonstration purposes only.",CHARGESHEETED,"Fictional PS No.1, Delhi",South Delhi,Delhi,LOCATION-010
CASE-016,Synthetic Case Record 016 — Fraud — Central Delhi,Fraud,IPC 420,FIR-SYNTH-CEN-0016,2025-05-06,"Synthetic case record regarding fraud associated with registered case record in fictional scenario 16. District: Central Delhi, State: Delhi. This record is for demonstration purposes only.",CLOSED,"Fictional PS No.12, Delhi",Central Delhi,Delhi,LOCATION-008
CASE-017,Synthetic Case Record 017 — Forgery — North Delhi,Forgery,IPC 465,FIR-SYNTH-NOR-0017,2022-07-03,"Synthetic case record regarding forgery associated with registered case record in fictional scenario 17. District: North Delhi, State: Delhi. This record is for demonstration purposes only.",CLOSED,"Fictional PS No.6, Delhi",North Delhi,Delhi,LOCATION-009
CASE-018,Synthetic Case Record 018 — Property Offence — Kolkata,Property Offence,IPC 425,FIR-SYNTH-KOL-0018,2024-10-20,"Synthetic case record regarding property offence associated with registered case record in fictional scenario 18. District: Kolkata, State: West Bengal. This record is for demonstration purposes only.",OPEN,"Fictional PS No.3, Kolkata",Kolkata,West Bengal,LOCATION-001
CASE-019,Synthetic Case Record 019 — Murder — Kolkata,Murder,IPC 302,FIR-SYNTH-KOL-0019,2025-06-20,"Synthetic case record regarding murder associated with registered case record in fictional scenario 19. District: Kolkata, State: West Bengal. This record is for demonstration purposes only.",UNDER INVESTIGATION,"Fictional PS No.11, Kolkata",Kolkata,West Bengal,LOCATION-001
CASE-020,Synthetic Case Record 020 — Assault — North 24 Parganas,Assault,IPC 323,FIR-SYNTH-NOR-0020,2022-05-03,"Synthetic case record regarding assault associated with registered case record in fictional scenario 20. District: North 24 Parganas, State: West Bengal. This record is for demonstration purposes only.",OPEN,"Fictional PS No.11, Kolkata",North 24 Parganas,West Bengal,LOCATION-002
CASE-021,Synthetic Case Record 021 — Fraud — Mumbai City,Fraud,IPC 420,FIR-SYNTH-MUM-0021,2025-08-13,"Synthetic case record regarding fraud associated with registered case record in fictional scenario 21. District: Mumbai City, State: Maharashtra. This record is for demonstration purposes only.",CLOSED,"Fictional PS No.6, Mumbai",Mumbai City,Maharashtra,LOCATION-004
CASE-022,Synthetic Case Record 022 — Fraud — Central Delhi,Fraud,IPC 420,FIR-SYNTH-CEN-0022,2025-01-03,"Synthetic case record regarding fraud associated with registered case record in fictional scenario 22. District: Central Delhi, State: Delhi. This record is for demonstration purposes only.",OPEN,"Fictional PS No.12, Delhi",Central Delhi,Delhi,LOCATION-008
CASE-023,Synthetic Case Record 023 — Cybercrime — Bengaluru Urban,Cybercrime,IT Act 66C,FIR-SYNTH-BEN-0023,2024-09-26,"Synthetic case record regarding cybercrime associated with registered case record in fictional scenario 23. District: Bengaluru Urban, State: Karnataka. This record is for demonstration purposes only.",CLOSED,"Fictional PS No.3, Bengaluru",Bengaluru Urban,Karnataka,LOCATION-012
CASE-024,Synthetic Case Record 024 — Molestation — Jaipur,Molestation,IPC 354,FIR-SYNTH-JAI-0024,2025-02-17,"Synthetic case record regarding molestation associated with registered case record in fictional scenario 24. District: Jaipur, State: Rajasthan. This record is for demonstration purposes only.",UNDER INVESTIGATION,"Fictional PS No.6, Jaipur",Jaipur,Rajasthan,LOCATION-019
CASE-025,Synthetic Case Record 025 — Assault — Jaipur,Assault,IPC 323,FIR-SYNTH-JAI-0025,2023-01-31,"Synthetic case record regarding assault associated with registered case record in fictional scenario 25. District: Jaipur, State: Rajasthan. This record is for demonstration purposes only.",OPEN,"Fictional PS No.8, Jaipur",Jaipur,Rajasthan,LOCATION-019
CASE-026,Synthetic Case Record 026 — Kidnapping — Raipur,Kidnapping,IPC 363,FIR-SYNTH-RAI-0026,2024-02-13,"Synthetic case record regarding kidnapping associated with registered case record in fictional scenario 26. District: Raipur, State: Chhattisgarh. This record is for demonstration purposes only.",UNDER INVESTIGATION,"Fictional PS No.12, Raipur",Raipur,Chhattisgarh,LOCATION-024
CASE-027,Synthetic Case Record 027 — Theft — Mumbai City,Theft,IPC 379,FIR-SYNTH-MUM-0027,2022-10-03,"Synthetic case record regarding theft associated with registered case record in fictional scenario 27. District: Mumbai City, State: Maharashtra. This record is for demonstration purposes only.",UNDER INVESTIGATION,"Fictional PS No.12, Mumbai",Mumbai City,Maharashtra,LOCATION-004
CASE-028,Synthetic Case Record 028 — Assault — North 24 Parganas,Assault,IPC 323,FIR-SYNTH-NOR-0028,2022-08-27,"Synthetic case record regarding assault in fictional scenario 28. District: North 24 Parganas, State: West Bengal. For demonstration purposes only.",CHARGESHEETED,"Fictional PS No.15, Kolkata",North 24 Parganas,West Bengal,LOCATION-036
CASE-029,Synthetic Case Record 029 — Murder — Bengaluru Urban,Murder,IPC 302,FIR-SYNTH-BEN-0029,2025-11-12,"Synthetic case record regarding murder in fictional scenario 29. District: Bengaluru Urban, State: Karnataka. For demonstration purposes only.",CLOSED,"Fictional PS No.15, Bengaluru",Bengaluru Urban,Karnataka,LOCATION-018
CASE-030,Synthetic Case Record 030 — Criminal Intimidation — South Delhi,Criminal Intimidation,IPC 506,FIR-SYNTH-SOU-0030,2023-01-22,"Synthetic case record regarding criminal intimidation in fictional scenario 30. District: South Delhi, State: Delhi. For demonstration purposes only.",CHARGESHEETED,"Fictional PS No.9, Delhi",South Delhi,Delhi,LOCATION-035
CASE-031,Synthetic Case Record 031 — Theft — Thane,Theft,IPC 379,FIR-SYNTH-THA-0031,2025-05-09,"Synthetic case record regarding theft in fictional scenario 31. District: Thane, State: Maharashtra. For demonstration purposes only.",CLOSED,"Fictional PS No.20, Thane",Thane,Maharashtra,LOCATION-024
CASE-032,Synthetic Case Record 032 — Criminal Intimidation — Surat,Criminal Intimidation,IPC 506,FIR-SYNTH-SUR-0032,2023-12-10,"Synthetic case record regarding criminal intimidation in fictional scenario 32. District: Surat, State: Gujarat. For demonstration purposes only.",CHARGESHEETED,"Fictional PS No.13, Surat",Surat,Gujarat,LOCATION-013
CASE-033,Synthetic Case Record 033 — Extortion — Mumbai Suburban,Extortion,IPC 384,FIR-SYNTH-MUM-0033,2023-04-20,"Synthetic case record regarding extortion in fictional scenario 33. District: Mumbai Suburban, State: Maharashtra. For demonstration purposes only.",UNDER INVESTIGATION,"Fictional PS No.10, Mumbai",Mumbai Suburban,Maharashtra,LOCATION-021
CASE-034,Synthetic Case Record 034 — Kidnapping — Mumbai Suburban,Kidnapping,IPC 363,FIR-SYNTH-MUM-0034,2021-08-08,"Synthetic case record regarding kidnapping in fictional scenario 34. District: Mumbai Suburban, State: Maharashtra. For demonstration purposes only.",CHARGESHEETED,"Fictional PS No.2, Mumbai",Mumbai Suburban,Maharashtra,LOCATION-013
CASE-035,Synthetic Case Record 035 — Criminal Intimidation — Lucknow,Criminal Intimidation,IPC 506,FIR-SYNTH-LUC-0035,2023-12-13,"Synthetic case record regarding criminal intimidation in fictional scenario 35. District: Lucknow, State: Uttar Pradesh. For demonstration purposes only.",UNDER INVESTIGATION,"Fictional PS No.13, Lucknow",Lucknow,Uttar Pradesh,LOCATION-032
CASE-036,Synthetic Case Record 036 — Robbery — Bhopal,Robbery,IPC 392,FIR-SYNTH-BHO-0036,2024-09-04,"Synthetic case record regarding robbery in fictional scenario 36. District: Bhopal, State: Madhya Pradesh. For demonstration purposes only.",CHARGESHEETED,"Fictional PS No.1, Bhopal",Bhopal,Madhya Pradesh,LOCATION-014
CASE-037,Synthetic Case Record 037 — Assault — Howrah,Assault,IPC 323,FIR-SYNTH-HOW-0037,2024-02-17,"Synthetic case record regarding assault in fictional scenario 37. District: Howrah, State: West Bengal. For demonstration purposes only.",CHARGESHEETED,"Fictional PS No.2, Howrah",Howrah,West Bengal,LOCATION-024
CASE-038,Synthetic Case Record 038 — Theft — Bhopal,Theft,IPC 379,FIR-SYNTH-BHO-0038,2023-12-20,"Synthetic case record regarding theft in fictional scenario 38. District: Bhopal, State: Madhya Pradesh. For demonstration purposes only.",OPEN,"Fictional PS No.20, Bhopal",Bhopal,Madhya Pradesh,LOCATION-018
CASE-039,Synthetic Case Record 039 — Robbery — South Delhi,Robbery,IPC 392,FIR-SYNTH-SOU-0039,2021-07-18,"Synthetic case record regarding robbery in fictional scenario 39. District: South Delhi, State: Delhi. For demonstration purposes only.",OPEN,"Fictional PS No.7, Delhi",South Delhi,Delhi,LOCATION-034
CASE-040,Synthetic Case Record 040 — Molestation — Surat,Molestation,IPC 354,FIR-SYNTH-SUR-0040,2023-12-14,"Synthetic case record regarding molestation in fictional scenario 40. District: Surat, State: Gujarat. For demonstration purposes only.",CLOSED,"Fictional PS No.7, Surat",Surat,Gujarat,LOCATION-013
CASE-041,Synthetic Case Record 041 — Burglary — Raipur,Burglary,IPC 457,FIR-SYNTH-RAI-0041,2025-04-19,"Synthetic case record regarding burglary in fictional scenario 41. District: Raipur, State: Chhattisgarh. For demonstration purposes only.",UNDER INVESTIGATION,"Fictional PS No.14, Raipur",Raipur,Chhattisgarh,LOCATION-007
CASE-042,Synthetic Case Record 042 — Property Offence — Bhopal,Property Offence,IPC 425,FIR-SYNTH-BHO-0042,2021-12-08,"Synthetic case record regarding property offence in fictional scenario 42. District: Bhopal, State: Madhya Pradesh. For demonstration purposes only.",CLOSED,"Fictional PS No.14, Bhopal",Bhopal,Madhya Pradesh,LOCATION-007
CASE-043,Synthetic Case Record 043 — Extortion — Surat,Extortion,IPC 384,FIR-SYNTH-SUR-0043,2022-10-08,"Synthetic case record regarding extortion in fictional scenario 43. District: Surat, State: Gujarat. For demonstration purposes only.",UNDER INVESTIGATION,"Fictional PS No.15, Surat",Surat,Gujarat,LOCATION-023
CASE-044,Synthetic Case Record 044 — Forgery — Chennai,Forgery,IPC 465,FIR-SYNTH-CHE-0044,2024-05-31,"Synthetic case record regarding forgery in fictional scenario 44. District: Chennai, State: Tamil Nadu. For demonstration purposes only.",CLOSED,"Fictional PS No.14, Chennai",Chennai,Tamil Nadu,LOCATION-021
CASE-045,Synthetic Case Record 045 — Burglary — Nagpur,Burglary,IPC 457,FIR-SYNTH-NAG-0045,2023-07-16,"Synthetic case record regarding burglary in fictional scenario 45. District: Nagpur, State: Maharashtra. For demonstration purposes only.",CHARGESHEETED,"Fictional PS No.9, Nagpur",Nagpur,Maharashtra,LOCATION-024
CASE-046,Synthetic Case Record 046 — Cybercrime — Kolkata,Cybercrime,IT Act 66C,FIR-SYNTH-KOL-0046,2024-05-05,"Synthetic case record regarding cybercrime in fictional scenario 46. District: Kolkata, State: West Bengal. For demonstration purposes only.",OPEN,"Fictional PS No.2, Kolkata",Kolkata,West Bengal,LOCATION-019
CASE-047,Synthetic Case Record 047 — Fraud — Central Delhi,Fraud,IPC 420,FIR-SYNTH-CEN-0047,2025-04-30,"Synthetic case record regarding fraud in fictional scenario 47. District: Central Delhi, State: Delhi. For demonstration purposes only.",UNDER INVESTIGATION,"Fictional PS No.11, Delhi",Central Delhi,Delhi,LOCATION-002
CASE-048,Synthetic Case Record 048 — Burglary — Ahmedabad,Burglary,IPC 457,FIR-SYNTH-AHM-0048,2021-11-13,"Synthetic case record regarding burglary in fictional scenario 48. District: Ahmedabad, State: Gujarat. For demonstration purposes only.",OPEN,"Fictional PS No.19, Ahmedabad",Ahmedabad,Gujarat,LOCATION-037
CASE-049,Synthetic Case Record 049 — Murder — North Delhi,Murder,IPC 302,FIR-SYNTH-NOR-0049,2022-04-23,"Synthetic case record regarding murder in fictional scenario 49. District: North Delhi, State: Delhi. For demonstration purposes only.",UNDER INVESTIGATION,"Fictional PS No.19, Delhi",North Delhi,Delhi,LOCATION-016
CASE-050,Synthetic Case Record 050 — Extortion — Howrah,Extortion,IPC 384,FIR-SYNTH-HOW-0050,2022-03-22,"Synthetic case record regarding extortion in fictional scenario 50. District: Howrah, State: West Bengal. For demonstration purposes only.",OPEN,"Fictional PS No.13, Howrah",Howrah,West Bengal,LOCATION-037
CASE-051,Synthetic Case Record 051 — Kidnapping — Rangareddy,Kidnapping,IPC 363,FIR-SYNTH-RAN-0051,2025-08-06,"Synthetic case record regarding kidnapping in fictional scenario 51. District: Rangareddy, State: Telangana. For demonstration purposes only.",OPEN,"Fictional PS No.16, Hyderabad",Rangareddy,Telangana,LOCATION-037
CASE-052,Synthetic Case Record 052 — Molestation — Jaipur,Molestation,IPC 354,FIR-SYNTH-JAI-0052,2025-04-28,"Synthetic case record regarding molestation in fictional scenario 52. District: Jaipur, State: Rajasthan. For demonstration purposes only.",UNDER INVESTIGATION,"Fictional PS No.3, Jaipur",Jaipur,Rajasthan,LOCATION-004
CASE-053,Synthetic Case Record 053 — Fraud — Nagpur,Fraud,IPC 420,FIR-SYNTH-NAG-0053,2024-07-22,"Synthetic case record regarding fraud in fictional scenario 53. District: Nagpur, State: Maharashtra. For demonstration purposes only.",CHARGESHEETED,"Fictional PS No.20, Nagpur",Nagpur,Maharashtra,LOCATION-001
CASE-054,Synthetic Case Record 054 — Kidnapping — Jaipur,Kidnapping,IPC 363,FIR-SYNTH-JAI-0054,2024-11-30,"Synthetic case record regarding kidnapping in fictional scenario 54. District: Jaipur, State: Rajasthan. For demonstration purposes only.",CLOSED,"Fictional PS No.11, Jaipur",Jaipur,Rajasthan,LOCATION-033
CASE-055,Synthetic Case Record 055 — Extortion — Nagpur,Extortion,IPC 384,FIR-SYNTH-NAG-0055,2021-07-04,"Synthetic case record regarding extortion in fictional scenario 55. District: Nagpur, State: Maharashtra. For demonstration purposes only.",CLOSED,"Fictional PS No.19, Nagpur",Nagpur,Maharashtra,LOCATION-033
CASE-056,Synthetic Case Record 056 — Robbery — East Delhi,Robbery,IPC 392,FIR-SYNTH-EAS-0056,2025-03-07,"Synthetic case record regarding robbery in fictional scenario 56. District: East Delhi, State: Delhi. For demonstration purposes only.",OPEN,"Fictional PS No.16, Delhi",East Delhi,Delhi,LOCATION-037
CASE-057,Synthetic Case Record 057 — Molestation — Ahmedabad,Molestation,IPC 354,FIR-SYNTH-AHM-0057,2023-09-12,"Synthetic case record regarding molestation in fictional scenario 57. District: Ahmedabad, State: Gujarat. For demonstration purposes only.",CLOSED,"Fictional PS No.5, Ahmedabad",Ahmedabad,Gujarat,LOCATION-009
CASE-058,Synthetic Case Record 058 — Cybercrime — Patna,Cybercrime,IT Act 66C,FIR-SYNTH-PAT-0058,2022-05-12,"Synthetic case record regarding cybercrime in fictional scenario 58. District: Patna, State: Bihar. For demonstration purposes only.",OPEN,"Fictional PS No.17, Patna",Patna,Bihar,LOCATION-016
CASE-059,Synthetic Case Record 059 — Robbery — Jaipur,Robbery,IPC 392,FIR-SYNTH-JAI-0059,2023-05-18,"Synthetic case record regarding robbery in fictional scenario 59. District: Jaipur, State: Rajasthan. For demonstration purposes only.",UNDER INVESTIGATION,"Fictional PS No.4, Jaipur",Jaipur,Rajasthan,LOCATION-027
CASE-060,Synthetic Case Record 060 — Theft — Lucknow,Theft,IPC 379,FIR-SYNTH-LUC-0060,2022-12-18,"Synthetic case record regarding theft in fictional scenario 60. District: Lucknow, State: Uttar Pradesh. For demonstration purposes only.",CHARGESHEETED,"Fictional PS No.10, Lucknow",Lucknow,Uttar Pradesh,LOCATION-011
CASE-061,Synthetic Case Record 061 — Property Offence — Pune,Property Offence,IPC 425,FIR-SYNTH-PUN-0061,2025-04-01,"Synthetic case record regarding property offence in fictional scenario 61. District: Pune, State: Maharashtra. For demonstration purposes only.",OPEN,"Fictional PS No.12, Pune",Pune,Maharashtra,LOCATION-010
CASE-062,Synthetic Case Record 062 — Kidnapping — Patna,Kidnapping,IPC 363,FIR-SYNTH-PAT-0062,2022-12-05,"Synthetic case record regarding kidnapping in fictional scenario 62. District: Patna, State: Bihar. For demonstration purposes only.",OPEN,"Fictional PS No.10, Patna",Patna,Bihar,LOCATION-001
CASE-063,Synthetic Case Record 063 — Cybercrime — Pune,Cybercrime,IT Act 66C,FIR-SYNTH-PUN-0063,2022-02-22,"Synthetic case record regarding cybercrime in fictional scenario 63. District: Pune, State: Maharashtra. For demonstration purposes only.",UNDER INVESTIGATION,"Fictional PS No.18, Pune",Pune,Maharashtra,LOCATION-014
CASE-064,Synthetic Case Record 064 — Property Offence — Bhopal,Property Offence,IPC 425,FIR-SYNTH-BHO-0064,2024-04-08,"Synthetic case record regarding property offence in fictional scenario 64. District: Bhopal, State: Madhya Pradesh. For demonstration purposes only.",OPEN,"Fictional PS No.1, Bhopal",Bhopal,Madhya Pradesh,LOCATION-025
CASE-065,Synthetic Case Record 065 — Forgery — Pune,Forgery,IPC 465,FIR-SYNTH-PUN-0065,2021-04-19,"Synthetic case record regarding forgery in fictional scenario 65. District: Pune, State: Maharashtra. For demonstration purposes only.",CHARGESHEETED,"Fictional PS No.20, Pune",Pune,Maharashtra,LOCATION-018
CASE-066,Synthetic Case Record 066 — Robbery — Kolkata,Robbery,IPC 392,FIR-SYNTH-KOL-0066,2024-09-19,"Synthetic case record regarding robbery in fictional scenario 66. District: Kolkata, State: West Bengal. For demonstration purposes only.",UNDER INVESTIGATION,"Fictional PS No.13, Kolkata",Kolkata,West Bengal,LOCATION-018
CASE-067,Synthetic Case Record 067 — Attempted Murder — Kolkata,Attempted Murder,IPC 307,FIR-SYNTH-KOL-0067,2023-02-19,"Synthetic case record regarding attempted murder in fictional scenario 67. District: Kolkata, State: West Bengal. For demonstration purposes only.",OPEN,"Fictional PS No.13, Kolkata",Kolkata,West Bengal,LOCATION-015
CASE-068,Synthetic Case Record 068 — Criminal Intimidation — Rangareddy,Criminal Intimidation,IPC 506,FIR-SYNTH-RAN-0068,2021-06-30,"Synthetic case record regarding criminal intimidation in fictional scenario 68. District: Rangareddy, State: Telangana. For demonstration purposes only.",CLOSED,"Fictional PS No.20, Hyderabad",Rangareddy,Telangana,LOCATION-035
CASE-069,Synthetic Case Record 069 — Theft — Kolkata,Theft,IPC 379,FIR-SYNTH-KOL-0069,2022-09-17,"Synthetic case record regarding theft in fictional scenario 69. District: Kolkata, State: West Bengal. For demonstration purposes only.",UNDER INVESTIGATION,"Fictional PS No.8, Kolkata",Kolkata,West Bengal,LOCATION-034
CASE-070,Synthetic Case Record 070 — Murder — Kanpur Nagar,Murder,IPC 302,FIR-SYNTH-KAN-0070,2022-04-29,"Synthetic case record regarding murder in fictional scenario 70. District: Kanpur Nagar, State: Uttar Pradesh. For demonstration purposes only.",UNDER INVESTIGATION,"Fictional PS No.12, Kanpur",Kanpur Nagar,Uttar Pradesh,LOCATION-020
CASE-071,Synthetic Case Record 071 — Attempted Murder — Lucknow,Attempted Murder,IPC 307,FIR-SYNTH-LUC-0071,2024-02-11,"Synthetic case record regarding attempted murder in fictional scenario 71. District: Lucknow, State: Uttar Pradesh. For demonstration purposes only.",UNDER INVESTIGATION,"Fictional PS No.13, Lucknow",Lucknow,Uttar Pradesh,LOCATION-002
CASE-072,Synthetic Case Record 072 — Robbery — Mumbai Suburban,Robbery,IPC 392,FIR-SYNTH-MUM-0072,2024-10-20,"Synthetic case record regarding robbery in fictional scenario 72. District: Mumbai Suburban, State: Maharashtra. For demonstration purposes only.",CLOSED,"Fictional PS No.13, Mumbai",Mumbai Suburban,Maharashtra,LOCATION-034
CASE-073,Synthetic Case Record 073 — Murder — Patna,Murder,IPC 302,FIR-SYNTH-PAT-0073,2021-09-27,"Synthetic case record regarding murder in fictional scenario 73. District: Patna, State: Bihar. For demonstration purposes only.",CLOSED,"Fictional PS No.15, Patna",Patna,Bihar,LOCATION-035
CASE-074,Synthetic Case Record 074 — Burglary — Jaipur,Burglary,IPC 457,FIR-SYNTH-JAI-0074,2022-09-25,"Synthetic case record regarding burglary in fictional scenario 74. District: Jaipur, State: Rajasthan. For demonstration purposes only.",CLOSED,"Fictional PS No.7, Jaipur",Jaipur,Rajasthan,LOCATION-009
CASE-075,Synthetic Case Record 075 — Kidnapping — Jaipur,Kidnapping,IPC 363,FIR-SYNTH-JAI-0075,2024-02-16,"Synthetic case record regarding kidnapping in fictional scenario 75. District: Jaipur, State: Rajasthan. For demonstration purposes only.",OPEN,"Fictional PS No.11, Jaipur",Jaipur,Rajasthan,LOCATION-005
CASE-076,Synthetic Case Record 076 — Forgery — Kolkata,Forgery,IPC 465,FIR-SYNTH-KOL-0076,2023-04-23,"Synthetic case record regarding forgery in fictional scenario 76. District: Kolkata, State: West Bengal. For demonstration purposes only.",UNDER INVESTIGATION,"Fictional PS No.11, Kolkata",Kolkata,West Bengal,LOCATION-027
CASE-077,Synthetic Case Record 077 — Fraud — Nagpur,Fraud,IPC 420,FIR-SYNTH-NAG-0077,2022-01-14,"Synthetic case record regarding fraud in fictional scenario 77. District: Nagpur, State: Maharashtra. For demonstration purposes only.",OPEN,"Fictional PS No.4, Nagpur",Nagpur,Maharashtra,LOCATION-009
CASE-078,Synthetic Case Record 078 — Extortion — Patna,Extortion,IPC 384,FIR-SYNTH-PAT-0078,2024-03-07,"Synthetic case record regarding extortion in fictional scenario 78. District: Patna, State: Bihar. For demonstration purposes only.",CLOSED,"Fictional PS No.9, Patna",Patna,Bihar,LOCATION-039
CASE-079,Synthetic Case Record 079 — Murder — Kolkata,Murder,IPC 302,FIR-SYNTH-KOL-0079,2021-10-02,"Synthetic case record regarding murder in fictional scenario 79. District: Kolkata, State: West Bengal. For demonstration purposes only.",CHARGESHEETED,"Fictional PS No.3, Kolkata",Kolkata,West Bengal,LOCATION-031
CASE-080,Synthetic Case Record 080 — Kidnapping — Bengaluru Urban,Kidnapping,IPC 363,FIR-SYNTH-BEN-0080,2023-08-29,"Synthetic case record regarding kidnapping in fictional scenario 80. District: Bengaluru Urban, State: Karnataka. For demonstration purposes only.",CLOSED,"Fictional PS No.13, Bengaluru",Bengaluru Urban,Karnataka,LOCATION-032
CASE-081,Synthetic Case Record 081 — Forgery — Chennai,Forgery,IPC 465,FIR-SYNTH-CHE-0081,2023-04-26,"Synthetic case record regarding forgery in fictional scenario 81. District: Chennai, State: Tamil Nadu. For demonstration purposes only.",CLOSED,"Fictional PS No.1, Chennai",Chennai,Tamil Nadu,LOCATION-018
CASE-082,Synthetic Case Record 082 — Forgery — Pune,Forgery,IPC 465,FIR-SYNTH-PUN-0082,2021-12-29,"Synthetic case record regarding forgery in fictional scenario 82. District: Pune, State: Maharashtra. For demonstration purposes only.",CHARGESHEETED,"Fictional PS No.7, Pune",Pune,Maharashtra,LOCATION-005
CASE-083,Synthetic Case Record 083 — Cybercrime — Rangareddy,Cybercrime,IT Act 66C,FIR-SYNTH-RAN-0083,2025-12-23,"Synthetic case record regarding cybercrime in fictional scenario 83. District: Rangareddy, State: Telangana. For demonstration purposes only.",CLOSED,"Fictional PS No.11, Hyderabad",Rangareddy,Telangana,LOCATION-030
CASE-084,Synthetic Case Record 084 — Criminal Intimidation — Raipur,Criminal Intimidation,IPC 506,FIR-SYNTH-RAI-0084,2023-03-19,"Synthetic case record regarding criminal intimidation in fictional scenario 84. District: Raipur, State: Chhattisgarh. For demonstration purposes only.",OPEN,"Fictional PS No.13, Raipur",Raipur,Chhattisgarh,LOCATION-021
CASE-085,Synthetic Case Record 085 — Burglary — Central Delhi,Burglary,IPC 457,FIR-SYNTH-CEN-0085,2025-02-14,"Synthetic case record regarding burglary in fictional scenario 85. District: Central Delhi, State: Delhi. For demonstration purposes only.",OPEN,"Fictional PS No.18, Delhi",Central Delhi,Delhi,LOCATION-026
CASE-086,Synthetic Case Record 086 — Attempted Murder — Pune,Attempted Murder,IPC 307,FIR-SYNTH-PUN-0086,2025-12-17,"Synthetic case record regarding attempted murder in fictional scenario 86. District: Pune, State: Maharashtra. For demonstration purposes only.",UNDER INVESTIGATION,"Fictional PS No.15, Pune",Pune,Maharashtra,LOCATION-026
CASE-087,Synthetic Case Record 087 — Assault — South Delhi,Assault,IPC 323,FIR-SYNTH-SOU-0087,2022-08-26,"Synthetic case record regarding assault in fictional scenario 87. District: South Delhi, State: Delhi. For demonstration purposes only.",OPEN,"Fictional PS No.6, Delhi",South Delhi,Delhi,LOCATION-028
CASE-088,Synthetic Case Record 088 — Assault — Mumbai Suburban,Assault,IPC 323,FIR-SYNTH-MUM-0088,2025-01-19,"Synthetic case record regarding assault in fictional scenario 88. District: Mumbai Suburban, State: Maharashtra. For demonstration purposes only.",OPEN,"Fictional PS No.15, Mumbai",Mumbai Suburban,Maharashtra,LOCATION-006
CASE-089,Synthetic Case Record 089 — Molestation — Bengaluru Rural,Molestation,IPC 354,FIR-SYNTH-BEN-0089,2021-02-21,"Synthetic case record regarding molestation in fictional scenario 89. District: Bengaluru Rural, State: Karnataka. For demonstration purposes only.",CLOSED,"Fictional PS No.11, Bengaluru",Bengaluru Rural,Karnataka,LOCATION-029
CASE-090,Synthetic Case Record 090 — Murder — North Delhi,Murder,IPC 302,FIR-SYNTH-NOR-0090,2021-07-06,"Synthetic case record regarding murder in fictional scenario 90. District: North Delhi, State: Delhi. For demonstration purposes only.",OPEN,"Fictional PS No.6, Delhi",North Delhi,Delhi,LOCATION-008
CASE-091,Synthetic Case Record 091 — Murder — Lucknow,Murder,IPC 302,FIR-SYNTH-LUC-0091,2024-12-19,"Synthetic case record regarding murder in fictional scenario 91. District: Lucknow, State: Uttar Pradesh. For demonstration purposes only.",CHARGESHEETED,"Fictional PS No.3, Lucknow",Lucknow,Uttar Pradesh,LOCATION-034
CASE-092,Synthetic Case Record 092 — Extortion — Ahmedabad,Extortion,IPC 384,FIR-SYNTH-AHM-0092,2024-02-02,"Synthetic case record regarding extortion in fictional scenario 92. District: Ahmedabad, State: Gujarat. For demonstration purposes only.",CHARGESHEETED,"Fictional PS No.6, Ahmedabad",Ahmedabad,Gujarat,LOCATION-025
CASE-093,Synthetic Case Record 093 — Criminal Intimidation — Jaipur,Criminal Intimidation,IPC 506,FIR-SYNTH-JAI-0093,2025-11-15,"Synthetic case record regarding criminal intimidation in fictional scenario 93. District: Jaipur, State: Rajasthan. For demonstration purposes only.",CLOSED,"Fictional PS No.5, Jaipur",Jaipur,Rajasthan,LOCATION-011
CASE-094,Synthetic Case Record 094 — Cybercrime — South Delhi,Cybercrime,IT Act 66C,FIR-SYNTH-SOU-0094,2024-07-06,"Synthetic case record regarding cybercrime in fictional scenario 94. District: South Delhi, State: Delhi. For demonstration purposes only.",CLOSED,"Fictional PS No.15, Delhi",South Delhi,Delhi,LOCATION-019
CASE-095,Synthetic Case Record 095 — Extortion — Kolkata,Extortion,IPC 384,FIR-SYNTH-KOL-0095,2023-07-29,"Synthetic case record regarding extortion in fictional scenario 95. District: Kolkata, State: West Bengal. For demonstration purposes only.",CHARGESHEETED,"Fictional PS No.9, Kolkata",Kolkata,West Bengal,LOCATION-001
CASE-096,Synthetic Case Record 096 — Forgery — Surat,Forgery,IPC 465,FIR-SYNTH-SUR-0096,2025-12-13,"Synthetic case record regarding forgery in fictional scenario 96. District: Surat, State: Gujarat. For demonstration purposes only.",CHARGESHEETED,"Fictional PS No.1, Surat",Surat,Gujarat,LOCATION-039
CASE-097,Synthetic Case Record 097 — Assault — Chennai,Assault,IPC 323,FIR-SYNTH-CHE-0097,2024-05-14,"Synthetic case record regarding assault in fictional scenario 97. District: Chennai, State: Tamil Nadu. For demonstration purposes only.",OPEN,"Fictional PS No.3, Chennai",Chennai,Tamil Nadu,LOCATION-039
CASE-098,Synthetic Case Record 098 — Criminal Intimidation — Surat,Criminal Intimidation,IPC 506,FIR-SYNTH-SUR-0098,2022-01-14,"Synthetic case record regarding criminal intimidation in fictional scenario 98. District: Surat, State: Gujarat. For demonstration purposes only.",CLOSED,"Fictional PS No.7, Surat",Surat,Gujarat,LOCATION-004
CASE-099,Synthetic Case Record 099 — Property Offence — North 24 Parganas,Property Offence,IPC 425,FIR-SYNTH-NOR-0099,2022-09-04,"Synthetic case record regarding property offence in fictional scenario 99. District: North 24 Parganas, State: West Bengal. For demonstration purposes only.",UNDER INVESTIGATION,"Fictional PS No.19, Kolkata",North 24 Parganas,West Bengal,LOCATION-039
CASE-100,Synthetic Case Record 100 — Robbery — North 24 Parganas,Robbery,IPC 392,FIR-SYNTH-NOR-0100,2021-11-27,"Synthetic case record regarding robbery in fictional scenario 100. District: North 24 Parganas, State: West Bengal. For demonstration purposes only.",UNDER INVESTIGATION,"Fictional PS No.14, Kolkata",North 24 Parganas,West Bengal,LOCATION-012
CASE-101,Synthetic Case Record 101 — Kidnapping — Surat,Kidnapping,IPC 363,FIR-SYNTH-SUR-0101,2023-01-08,"Synthetic case record regarding kidnapping in fictional scenario 101. District: Surat, State: Gujarat. For demonstration purposes only.",OPEN,"Fictional PS No.15, Surat",Surat,Gujarat,LOCATION-038
CASE-102,Synthetic Case Record 102 — Criminal Intimidation — Bengaluru Rural,Criminal Intimidation,IPC 506,FIR-SYNTH-BEN-0102,2025-09-24,"Synthetic case record regarding criminal intimidation in fictional scenario 102. District: Bengaluru Rural, State: Karnataka. For demonstration purposes only.",OPEN,"Fictional PS No.3, Bengaluru",Bengaluru Rural,Karnataka,LOCATION-028
CASE-103,Synthetic Case Record 103 — Criminal Intimidation — Bhopal,Criminal Intimidation,IPC 506,FIR-SYNTH-BHO-0103,2023-12-16,"Synthetic case record regarding criminal intimidation in fictional scenario 103. District: Bhopal, State: Madhya Pradesh. For demonstration purposes only.",CHARGESHEETED,"Fictional PS No.9, Bhopal",Bhopal,Madhya Pradesh,LOCATION-022
CASE-104,Synthetic Case Record 104 — Extortion — Mumbai City,Extortion,IPC 384,FIR-SYNTH-MUM-0104,2023-09-18,"Synthetic case record regarding extortion in fictional scenario 104. District: Mumbai City, State: Maharashtra. For demonstration purposes only.",UNDER INVESTIGATION,"Fictional PS No.17, Mumbai",Mumbai City,Maharashtra,LOCATION-006
CASE-105,Synthetic Case Record 105 — Extortion — Jaipur,Extortion,IPC 384,FIR-SYNTH-JAI-0105,2024-06-12,"Synthetic case record regarding extortion in fictional scenario 105. District: Jaipur, State: Rajasthan. For demonstration purposes only.",CHARGESHEETED,"Fictional PS No.12, Jaipur",Jaipur,Rajasthan,LOCATION-009
CASE-106,Synthetic Case Record 106 — Fraud — Patna,Fraud,IPC 420,FIR-SYNTH-PAT-0106,2021-01-04,"Synthetic case record regarding fraud in fictional scenario 106. District: Patna, State: Bihar. For demonstration purposes only.",OPEN,"Fictional PS No.10, Patna",Patna,Bihar,LOCATION-013
CASE-107,Synthetic Case Record 107 — Molestation — Patna,Molestation,IPC 354,FIR-SYNTH-PAT-0107,2022-11-15,"Synthetic case record regarding molestation in fictional scenario 107. District: Patna, State: Bihar. For demonstration purposes only.",UNDER INVESTIGATION,"Fictional PS No.14, Patna",Patna,Bihar,LOCATION-003
CASE-108,Synthetic Case Record 108 — Cybercrime — Pune,Cybercrime,IT Act 66C,FIR-SYNTH-PUN-0108,2025-06-07,"Synthetic case record regarding cybercrime in fictional scenario 108. District: Pune, State: Maharashtra. For demonstration purposes only.",OPEN,"Fictional PS No.10, Pune",Pune,Maharashtra,LOCATION-017
CASE-109,Synthetic Case Record 109 — Robbery — Kolkata,Robbery,IPC 392,FIR-SYNTH-KOL-0109,2023-03-23,"Synthetic case record regarding robbery in fictional scenario 109. District: Kolkata, State: West Bengal. For demonstration purposes only.",OPEN,"Fictional PS No.11, Kolkata",Kolkata,West Bengal,LOCATION-022
CASE-110,Synthetic Case Record 110 — Murder — Pune,Murder,IPC 302,FIR-SYNTH-PUN-0110,2023-08-30,"Synthetic case record regarding murder in fictional scenario 110. District: Pune, State: Maharashtra. For demonstration purposes only.",OPEN,"Fictional PS No.11, Pune",Pune,Maharashtra,LOCATION-031
CASE-111,Synthetic Case Record 111 — Criminal Intimidation — Hyderabad,Criminal Intimidation,IPC 506,FIR-SYNTH-HYD-0111,2023-08-06,"Synthetic case record regarding criminal intimidation in fictional scenario 111. District: Hyderabad, State: Telangana. For demonstration purposes only.",CHARGESHEETED,"Fictional PS No.18, Hyderabad",Hyderabad,Telangana,LOCATION-022
CASE-112,Synthetic Case Record 112 — Criminal Intimidation — North 24 Parganas,Criminal Intimidation,IPC 506,FIR-SYNTH-NOR-0112,2024-03-03,"Synthetic case record regarding criminal intimidation in fictional scenario 112. District: North 24 Parganas, State: West Bengal. For demonstration purposes only.",UNDER INVESTIGATION,"Fictional PS No.17, Kolkata",North 24 Parganas,West Bengal,LOCATION-020
CASE-113,Synthetic Case Record 113 — Property Offence — Jaipur,Property Offence,IPC 425,FIR-SYNTH-JAI-0113,2021-05-16,"Synthetic case record regarding property offence in fictional scenario 113. District: Jaipur, State: Rajasthan. For demonstration purposes only.",CLOSED,"Fictional PS No.11, Jaipur",Jaipur,Rajasthan,LOCATION-023
CASE-114,Synthetic Case Record 114 — Property Offence — Bengaluru Rural,Property Offence,IPC 425,FIR-SYNTH-BEN-0114,2024-03-15,"Synthetic case record regarding property offence in fictional scenario 114. District: Bengaluru Rural, State: Karnataka. For demonstration purposes only.",CHARGESHEETED,"Fictional PS No.18, Bengaluru",Bengaluru Rural,Karnataka,LOCATION-011
CASE-115,Synthetic Case Record 115 — Cybercrime — South Delhi,Cybercrime,IT Act 66C,FIR-SYNTH-SOU-0115,2022-07-11,"Synthetic case record regarding cybercrime in fictional scenario 115. District: South Delhi, State: Delhi. For demonstration purposes only.",CHARGESHEETED,"Fictional PS No.11, Delhi",South Delhi,Delhi,LOCATION-003
CASE-116,Synthetic Case Record 116 — Criminal Intimidation — Hyderabad,Criminal Intimidation,IPC 506,FIR-SYNTH-HYD-0116,2023-12-12,"Synthetic case record regarding criminal intimidation in fictional scenario 116. District: Hyderabad, State: Telangana. For demonstration purposes only.",UNDER INVESTIGATION,"Fictional PS No.10, Hyderabad",Hyderabad,Telangana,LOCATION-014
CASE-117,Synthetic Case Record 117 — Robbery — Pune,Robbery,IPC 392,FIR-SYNTH-PUN-0117,2021-02-21,"Synthetic case record regarding robbery in fictional scenario 117. District: Pune, State: Maharashtra. For demonstration purposes only.",CHARGESHEETED,"Fictional PS No.15, Pune",Pune,Maharashtra,LOCATION-033
CASE-118,Synthetic Case Record 118 — Fraud — Mumbai Suburban,Fraud,IPC 420,FIR-SYNTH-MUM-0118,2025-02-09,"Synthetic case record regarding fraud in fictional scenario 118. District: Mumbai Suburban, State: Maharashtra. For demonstration purposes only.",UNDER INVESTIGATION,"Fictional PS No.11, Mumbai",Mumbai Suburban,Maharashtra,LOCATION-031
CASE-119,Synthetic Case Record 119 — Forgery — Mumbai Suburban,Forgery,IPC 465,FIR-SYNTH-MUM-0119,2024-10-17,"Synthetic case record regarding forgery in fictional scenario 119. District: Mumbai Suburban, State: Maharashtra. For demonstration purposes only.",CLOSED,"Fictional PS No.4, Mumbai",Mumbai Suburban,Maharashtra,LOCATION-034
CASE-120,Synthetic Case Record 120 — Cybercrime — Bengaluru Rural,Cybercrime,IT Act 66C,FIR-SYNTH-BEN-0120,2021-01-09,"Synthetic case record regarding cybercrime in fictional scenario 120. District: Bengaluru Rural, State: Karnataka. For demonstration purposes only.",UNDER INVESTIGATION,"Fictional PS No.17, Bengaluru",Bengaluru Rural,Karnataka,LOCATION-008
CASE-121,Synthetic Case Record 121 — Criminal Intimidation — Kanpur Nagar,Criminal Intimidation,IPC 506,FIR-SYNTH-KAN-0121,2022-11-14,"Synthetic case record regarding criminal intimidation in fictional scenario 121. District: Kanpur Nagar, State: Uttar Pradesh. For demonstration purposes only.",CHARGESHEETED,"Fictional PS No.20, Kanpur",Kanpur Nagar,Uttar Pradesh,LOCATION-006
CASE-122,Synthetic Case Record 122 — Burglary — Mumbai City,Burglary,IPC 457,FIR-SYNTH-MUM-0122,2024-03-28,"Synthetic case record regarding burglary in fictional scenario 122. District: Mumbai City, State: Maharashtra. For demonstration purposes only.",UNDER INVESTIGATION,"Fictional PS No.10, Mumbai",Mumbai City,Maharashtra,LOCATION-002
CASE-123,Synthetic Case Record 123 — Fraud — Pune,Fraud,IPC 420,FIR-SYNTH-PUN-0123,2023-12-27,"Synthetic case record regarding fraud in fictional scenario 123. District: Pune, State: Maharashtra. For demonstration purposes only.",UNDER INVESTIGATION,"Fictional PS No.10, Pune",Pune,Maharashtra,LOCATION-018
CASE-124,Synthetic Case Record 124 — Robbery — Kanpur Nagar,Robbery,IPC 392,FIR-SYNTH-KAN-0124,2021-11-19,"Synthetic case record regarding robbery in fictional scenario 124. District: Kanpur Nagar, State: Uttar Pradesh. For demonstration purposes only.",UNDER INVESTIGATION,"Fictional PS No.9, Kanpur",Kanpur Nagar,Uttar Pradesh,LOCATION-010
CASE-125,Synthetic Case Record 125 — Burglary — Pune,Burglary,IPC 457,FIR-SYNTH-PUN-0125,2022-10-15,"Synthetic case record regarding burglary in fictional scenario 125. District: Pune, State: Maharashtra. For demonstration purposes only.",UNDER INVESTIGATION,"Fictional PS No.12, Pune",Pune,Maharashtra,LOCATION-036
CASE-126,Synthetic Case Record 126 — Robbery — Thane,Robbery,IPC 392,FIR-SYNTH-THA-0126,2022-11-25,"Synthetic case record regarding robbery in fictional scenario 126. District: Thane, State: Maharashtra. For demonstration purposes only.",CHARGESHEETED,"Fictional PS No.10, Thane",Thane,Maharashtra,LOCATION-040
CASE-127,Synthetic Case Record 127 — Theft — Kanpur Nagar,Theft,IPC 379,FIR-SYNTH-KAN-0127,2021-04-21,"Synthetic case record regarding theft in fictional scenario 127. District: Kanpur Nagar, State: Uttar Pradesh. For demonstration purposes only.",OPEN,"Fictional PS No.4, Kanpur",Kanpur Nagar,Uttar Pradesh,LOCATION-025
CASE-128,Synthetic Case Record 128 — Extortion — Patna,Extortion,IPC 384,FIR-SYNTH-PAT-0128,2022-12-30,"Synthetic case record regarding extortion in fictional scenario 128. District: Patna, State: Bihar. For demonstration purposes only.",UNDER INVESTIGATION,"Fictional PS No.15, Patna",Patna,Bihar,LOCATION-040
CASE-129,Synthetic Case Record 129 — Property Offence — Nagpur,Property Offence,IPC 425,FIR-SYNTH-NAG-0129,2025-03-28,"Synthetic case record regarding property offence in fictional scenario 129. District: Nagpur, State: Maharashtra. For demonstration purposes only.",CHARGESHEETED,"Fictional PS No.18, Nagpur",Nagpur,Maharashtra,LOCATION-006
CASE-130,Synthetic Case Record 130 — Robbery — Hyderabad,Robbery,IPC 392,FIR-SYNTH-HYD-0130,2024-11-02,"Synthetic case record regarding robbery in fictional scenario 130. District: Hyderabad, State: Telangana. For demonstration purposes only.",CHARGESHEETED,"Fictional PS No.15, Hyderabad",Hyderabad,Telangana,LOCATION-020
CASE-131,Synthetic Case Record 131 — Attempted Murder — Patna,Attempted Murder,IPC 307,FIR-SYNTH-PAT-0131,2022-01-11,"Synthetic case record regarding attempted murder in fictional scenario 131. District: Patna, State: Bihar. For demonstration purposes only.",UNDER INVESTIGATION,"Fictional PS No.12, Patna",Patna,Bihar,LOCATION-026
CASE-132,Synthetic Case Record 132 — Assault — East Delhi,Assault,IPC 323,FIR-SYNTH-EAS-0132,2021-05-14,"Synthetic case record regarding assault in fictional scenario 132. District: East Delhi, State: Delhi. For demonstration purposes only.",CHARGESHEETED,"Fictional PS No.16, Delhi",East Delhi,Delhi,LOCATION-002
CASE-133,Synthetic Case Record 133 — Forgery — South Delhi,Forgery,IPC 465,FIR-SYNTH-SOU-0133,2024-03-22,"Synthetic case record regarding forgery in fictional scenario 133. District: South Delhi, State: Delhi. For demonstration purposes only.",CLOSED,"Fictional PS No.12, Delhi",South Delhi,Delhi,LOCATION-039
CASE-134,Synthetic Case Record 134 — Burglary — East Delhi,Burglary,IPC 457,FIR-SYNTH-EAS-0134,2023-12-28,"Synthetic case record regarding burglary in fictional scenario 134. District: East Delhi, State: Delhi. For demonstration purposes only.",CHARGESHEETED,"Fictional PS No.3, Delhi",East Delhi,Delhi,LOCATION-020
CASE-135,Synthetic Case Record 135 — Burglary — Central Delhi,Burglary,IPC 457,FIR-SYNTH-CEN-0135,2023-02-26,"Synthetic case record regarding burglary in fictional scenario 135. District: Central Delhi, State: Delhi. For demonstration purposes only.",OPEN,"Fictional PS No.6, Delhi",Central Delhi,Delhi,LOCATION-031
CASE-136,Synthetic Case Record 136 — Forgery — Jaipur,Forgery,IPC 465,FIR-SYNTH-JAI-0136,2024-11-22,"Synthetic case record regarding forgery in fictional scenario 136. District: Jaipur, State: Rajasthan. For demonstration purposes only.",CLOSED,"Fictional PS No.11, Jaipur",Jaipur,Rajasthan,LOCATION-035
CASE-137,Synthetic Case Record 137 — Criminal Intimidation — Jaipur,Criminal Intimidation,IPC 506,FIR-SYNTH-JAI-0137,2024-04-27,"Synthetic case record regarding criminal intimidation in fictional scenario 137. District: Jaipur, State: Rajasthan. For demonstration purposes only.",CHARGESHEETED,"Fictional PS No.16, Jaipur",Jaipur,Rajasthan,LOCATION-008
CASE-138,Synthetic Case Record 138 — Attempted Murder — Thane,Attempted Murder,IPC 307,FIR-SYNTH-THA-0138,2024-05-10,"Synthetic case record regarding attempted murder in fictional scenario 138. District: Thane, State: Maharashtra. For demonstration purposes only.",OPEN,"Fictional PS No.13, Thane",Thane,Maharashtra,LOCATION-005
CASE-139,Synthetic Case Record 139 — Forgery — Patna,Forgery,IPC 465,FIR-SYNTH-PAT-0139,2023-10-10,"Synthetic case record regarding forgery in fictional scenario 139. District: Patna, State: Bihar. For demonstration purposes only.",OPEN,"Fictional PS No.13, Patna",Patna,Bihar,LOCATION-021
CASE-140,Synthetic Case Record 140 — Property Offence — Nagpur,Property Offence,IPC 425,FIR-SYNTH-NAG-0140,2024-09-15,"Synthetic case record regarding property offence in fictional scenario 140. District: Nagpur, State: Maharashtra. For demonstration purposes only.",CLOSED,"Fictional PS No.1, Nagpur",Nagpur,Maharashtra,LOCATION-010
CASE-141,Synthetic Case Record 141 — Assault — Jaipur,Assault,IPC 323,FIR-SYNTH-JAI-0141,2024-10-27,"Synthetic case record regarding assault in fictional scenario 141. District: Jaipur, State: Rajasthan. For demonstration purposes only.",UNDER INVESTIGATION,"Fictional PS No.7, Jaipur",Jaipur,Rajasthan,LOCATION-014
CASE-142,Synthetic Case Record 142 — Robbery — Bengaluru Urban,Robbery,IPC 392,FIR-SYNTH-BEN-0142,2024-06-06,"Synthetic case record regarding robbery in fictional scenario 142. District: Bengaluru Urban, State: Karnataka. For demonstration purposes only.",CHARGESHEETED,"Fictional PS No.19, Bengaluru",Bengaluru Urban,Karnataka,LOCATION-001
CASE-143,Synthetic Case Record 143 — Theft — South Delhi,Theft,IPC 379,FIR-SYNTH-SOU-0143,2021-04-19,"Synthetic case record regarding theft in fictional scenario 143. District: South Delhi, State: Delhi. For demonstration purposes only.",OPEN,"Fictional PS No.12, Delhi",South Delhi,Delhi,LOCATION-036
CASE-144,Synthetic Case Record 144 — Robbery — Bengaluru Urban,Robbery,IPC 392,FIR-SYNTH-BEN-0144,2022-04-27,"Synthetic case record regarding robbery in fictional scenario 144. District: Bengaluru Urban, State: Karnataka. For demonstration purposes only.",CHARGESHEETED,"Fictional PS No.10, Bengaluru",Bengaluru Urban,Karnataka,LOCATION-002
CASE-145,Synthetic Case Record 145 — Property Offence — Bengaluru Rural,Property Offence,IPC 425,FIR-SYNTH-BEN-0145,2023-04-12,"Synthetic case record regarding property offence in fictional scenario 145. District: Bengaluru Rural, State: Karnataka. For demonstration purposes only.",CHARGESHEETED,"Fictional PS No.11, Bengaluru",Bengaluru Rural,Karnataka,LOCATION-025
CASE-146,Synthetic Case Record 146 — Assault — Thane,Assault,IPC 323,FIR-SYNTH-THA-0146,2024-02-12,"Synthetic case record regarding assault in fictional scenario 146. District: Thane, State: Maharashtra. For demonstration purposes only.",CHARGESHEETED,"Fictional PS No.5, Thane",Thane,Maharashtra,LOCATION-013
CASE-147,Synthetic Case Record 147 — Criminal Intimidation — Bengaluru Urban,Criminal Intimidation,IPC 506,FIR-SYNTH-BEN-0147,2022-08-14,"Synthetic case record regarding criminal intimidation in fictional scenario 147. District: Bengaluru Urban, State: Karnataka. For demonstration purposes only.",CLOSED,"Fictional PS No.14, Bengaluru",Bengaluru Urban,Karnataka,LOCATION-010
CASE-148,Synthetic Case Record 148 — Kidnapping — Kolkata,Kidnapping,IPC 363,FIR-SYNTH-KOL-0148,2021-10-06,"Synthetic case record regarding kidnapping in fictional scenario 148. District: Kolkata, State: West Bengal. For demonstration purposes only.",OPEN,"Fictional PS No.16, Kolkata",Kolkata,West Bengal,LOCATION-028
CASE-149,Synthetic Case Record 149 — Molestation — Patna,Molestation,IPC 354,FIR-SYNTH-PAT-0149,2023-07-20,"Synthetic case record regarding molestation in fictional scenario 149. District: Patna, State: Bihar. For demonstration purposes only.",CHARGESHEETED,"Fictional PS No.20, Patna",Patna,Bihar,LOCATION-012
CASE-150,Synthetic Case Record 150 — Kidnapping — Central Delhi,Kidnapping,IPC 363,FIR-SYNTH-CEN-0150,2021-01-16,"Synthetic case record regarding kidnapping in fictional scenario 150. District: Central Delhi, State: Delhi. For demonstration purposes only.",CHARGESHEETED,"Fictional PS No.14, Delhi",Central Delhi,Delhi,LOCATION-039
CASE-151,Synthetic Case Record 151 — Cybercrime — Central Delhi,Cybercrime,IT Act 66C,FIR-SYNTH-CEN-0151,2023-04-22,"Synthetic case record regarding cybercrime in fictional scenario 151. District: Central Delhi, State: Delhi. For demonstration purposes only.",UNDER INVESTIGATION,"Fictional PS No.17, Delhi",Central Delhi,Delhi,LOCATION-018
CASE-152,Synthetic Case Record 152 — Cybercrime — Rangareddy,Cybercrime,IT Act 66C,FIR-SYNTH-RAN-0152,2024-04-03,"Synthetic case record regarding cybercrime in fictional scenario 152. District: Rangareddy, State: Telangana. For demonstration purposes only.",CHARGESHEETED,"Fictional PS No.12, Hyderabad",Rangareddy,Telangana,LOCATION-008
CASE-153,Synthetic Case Record 153 — Kidnapping — Howrah,Kidnapping,IPC 363,FIR-SYNTH-HOW-0153,2023-08-11,"Synthetic case record regarding kidnapping in fictional scenario 153. District: Howrah, State: West Bengal. For demonstration purposes only.",OPEN,"Fictional PS No.17, Howrah",Howrah,West Bengal,LOCATION-018
CASE-154,Synthetic Case Record 154 — Cybercrime — Lucknow,Cybercrime,IT Act 66C,FIR-SYNTH-LUC-0154,2025-06-23,"Synthetic case record regarding cybercrime in fictional scenario 154. District: Lucknow, State: Uttar Pradesh. For demonstration purposes only.",UNDER INVESTIGATION,"Fictional PS No.3, Lucknow",Lucknow,Uttar Pradesh,LOCATION-035
CASE-155,Synthetic Case Record 155 — Assault — Kolkata,Assault,IPC 323,FIR-SYNTH-KOL-0155,2023-08-19,"Synthetic case record regarding assault in fictional scenario 155. District: Kolkata, State: West Bengal. For demonstration purposes only.",UNDER INVESTIGATION,"Fictional PS No.15, Kolkata",Kolkata,West Bengal,LOCATION-033
CASE-156,Synthetic Case Record 156 — Cybercrime — North 24 Parganas,Cybercrime,IT Act 66C,FIR-SYNTH-NOR-0156,2025-01-28,"Synthetic case record regarding cybercrime in fictional scenario 156. District: North 24 Parganas, State: West Bengal. For demonstration purposes only.",UNDER INVESTIGATION,"Fictional PS No.20, Kolkata",North 24 Parganas,West Bengal,LOCATION-020
CASE-157,Synthetic Case Record 157 — Theft — Jaipur,Theft,IPC 379,FIR-SYNTH-JAI-0157,2021-02-25,"Synthetic case record regarding theft in fictional scenario 157. District: Jaipur, State: Rajasthan. For demonstration purposes only.",UNDER INVESTIGATION,"Fictional PS No.10, Jaipur",Jaipur,Rajasthan,LOCATION-040
CASE-158,Synthetic Case Record 158 — Criminal Intimidation — Howrah,Criminal Intimidation,IPC 506,FIR-SYNTH-HOW-0158,2021-09-29,"Synthetic case record regarding criminal intimidation in fictional scenario 158. District: Howrah, State: West Bengal. For demonstration purposes only.",UNDER INVESTIGATION,"Fictional PS No.9, Howrah",Howrah,West Bengal,LOCATION-017
CASE-159,Synthetic Case Record 159 — Extortion — Mumbai City,Extortion,IPC 384,FIR-SYNTH-MUM-0159,2025-02-22,"Synthetic case record regarding extortion in fictional scenario 159. District: Mumbai City, State: Maharashtra. For demonstration purposes only.",CLOSED,"Fictional PS No.6, Mumbai",Mumbai City,Maharashtra,LOCATION-038
CASE-160,Synthetic Case Record 160 — Forgery — Bengaluru Urban,Forgery,IPC 465,FIR-SYNTH-BEN-0160,2025-05-22,"Synthetic case record regarding forgery in fictional scenario 160. District: Bengaluru Urban, State: Karnataka. For demonstration purposes only.",CLOSED,"Fictional PS No.6, Bengaluru",Bengaluru Urban,Karnataka,LOCATION-017
CASE-161,Synthetic Case Record 161 — Extortion — Mumbai Suburban,Extortion,IPC 384,FIR-SYNTH-MUM-0161,2025-03-22,"Synthetic case record regarding extortion in fictional scenario 161. District: Mumbai Suburban, State: Maharashtra. For demonstration purposes only.",CHARGESHEETED,"Fictional PS No.5, Mumbai",Mumbai Suburban,Maharashtra,LOCATION-032
CASE-162,Synthetic Case Record 162 — Property Offence — Central Delhi,Property Offence,IPC 425,FIR-SYNTH-CEN-0162,2022-03-08,"Synthetic case record regarding property offence in fictional scenario 162. District: Central Delhi, State: Delhi. For demonstration purposes only.",UNDER INVESTIGATION,"Fictional PS No.15, Delhi",Central Delhi,Delhi,LOCATION-011
CASE-163,Synthetic Case Record 163 — Kidnapping — North 24 Parganas,Kidnapping,IPC 363,FIR-SYNTH-NOR-0163,2023-09-03,"Synthetic case record regarding kidnapping in fictional scenario 163. District: North 24 Parganas, State: West Bengal. For demonstration purposes only.",UNDER INVESTIGATION,"Fictional PS No.15, Kolkata",North 24 Parganas,West Bengal,LOCATION-026
CASE-164,Synthetic Case Record 164 — Molestation — Bhopal,Molestation,IPC 354,FIR-SYNTH-BHO-0164,2021-10-25,"Synthetic case record regarding molestation in fictional scenario 164. District: Bhopal, State: Madhya Pradesh. For demonstration purposes only.",CHARGESHEETED,"Fictional PS No.16, Bhopal",Bhopal,Madhya Pradesh,LOCATION-017
CASE-165,Synthetic Case Record 165 — Burglary — East Delhi,Burglary,IPC 457,FIR-SYNTH-EAS-0165,2023-12-25,"Synthetic case record regarding burglary in fictional scenario 165. District: East Delhi, State: Delhi. For demonstration purposes only.",UNDER INVESTIGATION,"Fictional PS No.2, Delhi",East Delhi,Delhi,LOCATION-007
CASE-166,Synthetic Case Record 166 — Extortion — Chennai,Extortion,IPC 384,FIR-SYNTH-CHE-0166,2022-07-08,"Synthetic case record regarding extortion in fictional scenario 166. District: Chennai, State: Tamil Nadu. For demonstration purposes only.",UNDER INVESTIGATION,"Fictional PS No.9, Chennai",Chennai,Tamil Nadu,LOCATION-022
CASE-167,Synthetic Case Record 167 — Property Offence — North Delhi,Property Offence,IPC 425,FIR-SYNTH-NOR-0167,2023-08-03,"Synthetic case record regarding property offence in fictional scenario 167. District: North Delhi, State: Delhi. For demonstration purposes only.",CLOSED,"Fictional PS No.19, Delhi",North Delhi,Delhi,LOCATION-026
CASE-168,Synthetic Case Record 168 — Forgery — Jaipur,Forgery,IPC 465,FIR-SYNTH-JAI-0168,2022-11-23,"Synthetic case record regarding forgery in fictional scenario 168. District: Jaipur, State: Rajasthan. For demonstration purposes only.",CLOSED,"Fictional PS No.7, Jaipur",Jaipur,Rajasthan,LOCATION-034
CASE-169,Synthetic Case Record 169 — Criminal Intimidation — Kolkata,Criminal Intimidation,IPC 506,FIR-SYNTH-KOL-0169,2023-04-23,"Synthetic case record regarding criminal intimidation in fictional scenario 169. District: Kolkata, State: West Bengal. For demonstration purposes only.",OPEN,"Fictional PS No.3, Kolkata",Kolkata,West Bengal,LOCATION-001
CASE-170,Synthetic Case Record 170 — Attempted Murder — Raipur,Attempted Murder,IPC 307,FIR-SYNTH-RAI-0170,2021-03-11,"Synthetic case record regarding attempted murder in fictional scenario 170. District: Raipur, State: Chhattisgarh. For demonstration purposes only.",OPEN,"Fictional PS No.9, Raipur",Raipur,Chhattisgarh,LOCATION-013
CASE-171,Synthetic Case Record 171 — Criminal Intimidation — Kanpur Nagar,Criminal Intimidation,IPC 506,FIR-SYNTH-KAN-0171,2024-07-30,"Synthetic case record regarding criminal intimidation in fictional scenario 171. District: Kanpur Nagar, State: Uttar Pradesh. For demonstration purposes only.",OPEN,"Fictional PS No.7, Kanpur",Kanpur Nagar,Uttar Pradesh,LOCATION-039
CASE-172,Synthetic Case Record 172 — Robbery — Mumbai City,Robbery,IPC 392,FIR-SYNTH-MUM-0172,2023-02-09,"Synthetic case record regarding robbery in fictional scenario 172. District: Mumbai City, State: Maharashtra. For demonstration purposes only.",CLOSED,"Fictional PS No.20, Mumbai",Mumbai City,Maharashtra,LOCATION-009
CASE-173,Synthetic Case Record 173 — Kidnapping — Bhopal,Kidnapping,IPC 363,FIR-SYNTH-BHO-0173,2023-08-15,"Synthetic case record regarding kidnapping in fictional scenario 173. District: Bhopal, State: Madhya Pradesh. For demonstration purposes only.",OPEN,"Fictional PS No.9, Bhopal",Bhopal,Madhya Pradesh,LOCATION-019
CASE-174,Synthetic Case Record 174 — Property Offence — Bhopal,Property Offence,IPC 425,FIR-SYNTH-BHO-0174,2021-11-28,"Synthetic case record regarding property offence in fictional scenario 174. District: Bhopal, State: Madhya Pradesh. For demonstration purposes only.",OPEN,"Fictional PS No.11, Bhopal",Bhopal,Madhya Pradesh,LOCATION-017
CASE-175,Synthetic Case Record 175 — Murder — Bengaluru Rural,Murder,IPC 302,FIR-SYNTH-BEN-0175,2025-07-23,"Synthetic case record regarding murder in fictional scenario 175. District: Bengaluru Rural, State: Karnataka. For demonstration purposes only.",UNDER INVESTIGATION,"Fictional PS No.2, Bengaluru",Bengaluru Rural,Karnataka,LOCATION-017
CASE-176,Synthetic Case Record 176 — Extortion — Pune,Extortion,IPC 384,FIR-SYNTH-PUN-0176,2024-08-14,"Synthetic case record regarding extortion in fictional scenario 176. District: Pune, State: Maharashtra. For demonstration purposes only.",CHARGESHEETED,"Fictional PS No.13, Pune",Pune,Maharashtra,LOCATION-012
CASE-177,Synthetic Case Record 177 — Property Offence — Patna,Property Offence,IPC 425,FIR-SYNTH-PAT-0177,2025-01-05,"Synthetic case record regarding property offence in fictional scenario 177. District: Patna, State: Bihar. For demonstration purposes only.",UNDER INVESTIGATION,"Fictional PS No.4, Patna",Patna,Bihar,LOCATION-029
CASE-178,Synthetic Case Record 178 — Cybercrime — Jaipur,Cybercrime,IT Act 66C,FIR-SYNTH-JAI-0178,2021-02-08,"Synthetic case record regarding cybercrime in fictional scenario 178. District: Jaipur, State: Rajasthan. For demonstration purposes only.",CHARGESHEETED,"Fictional PS No.9, Jaipur",Jaipur,Rajasthan,LOCATION-029
CASE-179,Synthetic Case Record 179 — Attempted Murder — Bengaluru Rural,Attempted Murder,IPC 307,FIR-SYNTH-BEN-0179,2023-03-13,"Synthetic case record regarding attempted murder in fictional scenario 179. District: Bengaluru Rural, State: Karnataka. For demonstration purposes only.",OPEN,"Fictional PS No.5, Bengaluru",Bengaluru Rural,Karnataka,LOCATION-022
CASE-180,Synthetic Case Record 180 — Criminal Intimidation — Bengaluru Rural,Criminal Intimidation,IPC 506,FIR-SYNTH-BEN-0180,2022-04-08,"Synthetic case record regarding criminal intimidation in fictional scenario 180. District: Bengaluru Rural, State: Karnataka. For demonstration purposes only.",OPEN,"Fictional PS No.3, Bengaluru",Bengaluru Rural,Karnataka,LOCATION-035
CASE-181,Synthetic Case Record 181 — Burglary — Jaipur,Burglary,IPC 457,FIR-SYNTH-JAI-0181,2024-10-28,"Synthetic case record regarding burglary in fictional scenario 181. District: Jaipur, State: Rajasthan. For demonstration purposes only.",UNDER INVESTIGATION,"Fictional PS No.12, Jaipur",Jaipur,Rajasthan,LOCATION-022
CASE-182,Synthetic Case Record 182 — Criminal Intimidation — Surat,Criminal Intimidation,IPC 506,FIR-SYNTH-SUR-0182,2025-09-19,"Synthetic case record regarding criminal intimidation in fictional scenario 182. District: Surat, State: Gujarat. For demonstration purposes only.",CHARGESHEETED,"Fictional PS No.11, Surat",Surat,Gujarat,LOCATION-006
CASE-183,Synthetic Case Record 183 — Property Offence — South Delhi,Property Offence,IPC 425,FIR-SYNTH-SOU-0183,2024-02-10,"Synthetic case record regarding property offence in fictional scenario 183. District: South Delhi, State: Delhi. For demonstration purposes only.",OPEN,"Fictional PS No.7, Delhi",South Delhi,Delhi,LOCATION-012
CASE-184,Synthetic Case Record 184 — Fraud — Kanpur Nagar,Fraud,IPC 420,FIR-SYNTH-KAN-0184,2021-08-07,"Synthetic case record regarding fraud in fictional scenario 184. District: Kanpur Nagar, State: Uttar Pradesh. For demonstration purposes only.",UNDER INVESTIGATION,"Fictional PS No.10, Kanpur",Kanpur Nagar,Uttar Pradesh,LOCATION-025
CASE-185,Synthetic Case Record 185 — Theft — Mumbai Suburban,Theft,IPC 379,FIR-SYNTH-MUM-0185,2025-01-14,"Synthetic case record regarding theft in fictional scenario 185. District: Mumbai Suburban, State: Maharashtra. For demonstration purposes only.",CLOSED,"Fictional PS No.7, Mumbai",Mumbai Suburban,Maharashtra,LOCATION-002
CASE-186,Synthetic Case Record 186 — Attempted Murder — Lucknow,Attempted Murder,IPC 307,FIR-SYNTH-LUC-0186,2025-09-05,"Synthetic case record regarding attempted murder in fictional scenario 186. District: Lucknow, State: Uttar Pradesh. For demonstration purposes only.",CHARGESHEETED,"Fictional PS No.16, Lucknow",Lucknow,Uttar Pradesh,LOCATION-035
CASE-187,Synthetic Case Record 187 — Theft — Kolkata,Theft,IPC 379,FIR-SYNTH-KOL-0187,2022-11-23,"Synthetic case record regarding theft in fictional scenario 187. District: Kolkata, State: West Bengal. For demonstration purposes only.",OPEN,"Fictional PS No.11, Kolkata",Kolkata,West Bengal,LOCATION-004
CASE-188,Synthetic Case Record 188 — Burglary — Kanpur Nagar,Burglary,IPC 457,FIR-SYNTH-KAN-0188,2021-11-02,"Synthetic case record regarding burglary in fictional scenario 188. District: Kanpur Nagar, State: Uttar Pradesh. For demonstration purposes only.",CLOSED,"Fictional PS No.15, Kanpur",Kanpur Nagar,Uttar Pradesh,LOCATION-035
CASE-189,Synthetic Case Record 189 — Cybercrime — North 24 Parganas,Cybercrime,IT Act 66C,FIR-SYNTH-NOR-0189,2024-09-01,"Synthetic case record regarding cybercrime in fictional scenario 189. District: North 24 Parganas, State: West Bengal. For demonstration purposes only.",OPEN,"Fictional PS No.5, Kolkata",North 24 Parganas,West Bengal,LOCATION-032
CASE-190,Synthetic Case Record 190 — Kidnapping — Lucknow,Kidnapping,IPC 363,FIR-SYNTH-LUC-0190,2024-07-19,"Synthetic case record regarding kidnapping in fictional scenario 190. District: Lucknow, State: Uttar Pradesh. For demonstration purposes only.",OPEN,"Fictional PS No.1, Lucknow",Lucknow,Uttar Pradesh,LOCATION-012
CASE-191,Synthetic Case Record 191 — Assault — Mumbai City,Assault,IPC 323,FIR-SYNTH-MUM-0191,2025-09-07,"Synthetic case record regarding assault in fictional scenario 191. District: Mumbai City, State: Maharashtra. For demonstration purposes only.",OPEN,"Fictional PS No.20, Mumbai",Mumbai City,Maharashtra,LOCATION-011
CASE-192,Synthetic Case Record 192 — Robbery — Mumbai City,Robbery,IPC 392,FIR-SYNTH-MUM-0192,2025-06-25,"Synthetic case record regarding robbery in fictional scenario 192. District: Mumbai City, State: Maharashtra. For demonstration purposes only.",CLOSED,"Fictional PS No.16, Mumbai",Mumbai City,Maharashtra,LOCATION-039
CASE-193,Synthetic Case Record 193 — Forgery — East Delhi,Forgery,IPC 465,FIR-SYNTH-EAS-0193,2021-09-05,"Synthetic case record regarding forgery in fictional scenario 193. District: East Delhi, State: Delhi. For demonstration purposes only.",CLOSED,"Fictional PS No.13, Delhi",East Delhi,Delhi,LOCATION-021
CASE-194,Synthetic Case Record 194 — Extortion — North 24 Parganas,Extortion,IPC 384,FIR-SYNTH-NOR-0194,2021-05-10,"Synthetic case record regarding extortion in fictional scenario 194. District: North 24 Parganas, State: West Bengal. For demonstration purposes only.",OPEN,"Fictional PS No.6, Kolkata",North 24 Parganas,West Bengal,LOCATION-022
CASE-195,Synthetic Case Record 195 — Burglary — Bengaluru Urban,Burglary,IPC 457,FIR-SYNTH-BEN-0195,2022-05-14,"Synthetic case record regarding burglary in fictional scenario 195. District: Bengaluru Urban, State: Karnataka. For demonstration purposes only.",OPEN,"Fictional PS No.6, Bengaluru",Bengaluru Urban,Karnataka,LOCATION-029
CASE-196,Synthetic Case Record 196 — Theft — Thane,Theft,IPC 379,FIR-SYNTH-THA-0196,2021-01-14,"Synthetic case record regarding theft in fictional scenario 196. District: Thane, State: Maharashtra. For demonstration purposes only.",OPEN,"Fictional PS No.16, Thane",Thane,Maharashtra,LOCATION-006
CASE-197,Synthetic Case Record 197 — Extortion — Lucknow,Extortion,IPC 384,FIR-SYNTH-LUC-0197,2024-11-21,"Synthetic case record regarding extortion in fictional scenario 197. District: Lucknow, State: Uttar Pradesh. For demonstration purposes only.",CHARGESHEETED,"Fictional PS No.10, Lucknow",Lucknow,Uttar Pradesh,LOCATION-027
CASE-198,Synthetic Case Record 198 — Kidnapping — Pune,Kidnapping,IPC 363,FIR-SYNTH-PUN-0198,2023-07-12,"Synthetic case record regarding kidnapping in fictional scenario 198. District: Pune, State: Maharashtra. For demonstration purposes only.",CHARGESHEETED,"Fictional PS No.9, Pune",Pune,Maharashtra,LOCATION-034
CASE-199,Synthetic Case Record 199 — Theft — Bhopal,Theft,IPC 379,FIR-SYNTH-BHO-0199,2025-01-08,"Synthetic case record regarding theft in fictional scenario 199. District: Bhopal, State: Madhya Pradesh. For demonstration purposes only.",CHARGESHEETED,"Fictional PS No.20, Bhopal",Bhopal,Madhya Pradesh,LOCATION-012
CASE-200,Synthetic Case Record 200 — Murder — South Delhi,Murder,IPC 302,FIR-SYNTH-SOU-0200,2024-02-17,"Synthetic case record regarding murder in fictional scenario 200. District: South Delhi, State: Delhi. For demonstration purposes only.",CLOSED,"Fictional PS No.14, Delhi",South Delhi,Delhi,LOCATION-001
CASE-201,Synthetic Case Record 201 — Burglary — Nagpur,Burglary,IPC 457,FIR-SYNTH-NAG-0201,2023-08-09,"Synthetic case record regarding burglary in fictional scenario 201. District: Nagpur, State: Maharashtra. For demonstration purposes only.",CLOSED,"Fictional PS No.17, Nagpur",Nagpur,Maharashtra,LOCATION-015
CASE-202,Synthetic Case Record 202 — Property Offence — Mumbai Suburban,Property Offence,IPC 425,FIR-SYNTH-MUM-0202,2021-12-28,"Synthetic case record regarding property offence in fictional scenario 202. District: Mumbai Suburban, State: Maharashtra. For demonstration purposes only.",CLOSED,"Fictional PS No.16, Mumbai",Mumbai Suburban,Maharashtra,LOCATION-032
CASE-203,Synthetic Case Record 203 — Theft — North 24 Parganas,Theft,IPC 379,FIR-SYNTH-NOR-0203,2022-03-06,"Synthetic case record regarding theft in fictional scenario 203. District: North 24 Parganas, State: West Bengal. For demonstration purposes only.",CHARGESHEETED,"Fictional PS No.12, Kolkata",North 24 Parganas,West Bengal,LOCATION-019
CASE-204,Synthetic Case Record 204 — Cybercrime — Mumbai City,Cybercrime,IT Act 66C,FIR-SYNTH-MUM-0204,2021-12-27,"Synthetic case record regarding cybercrime in fictional scenario 204. District: Mumbai City, State: Maharashtra. For demonstration purposes only.",CLOSED,"Fictional PS No.2, Mumbai",Mumbai City,Maharashtra,LOCATION-035
CASE-205,Synthetic Case Record 205 — Burglary — Rangareddy,Burglary,IPC 457,FIR-SYNTH-RAN-0205,2022-04-27,"Synthetic case record regarding burglary in fictional scenario 205. District: Rangareddy, State: Telangana. For demonstration purposes only.",CHARGESHEETED,"Fictional PS No.4, Hyderabad",Rangareddy,Telangana,LOCATION-005
CASE-206,Synthetic Case Record 206 — Property Offence — Raipur,Property Offence,IPC 425,FIR-SYNTH-RAI-0206,2025-05-15,"Synthetic case record regarding property offence in fictional scenario 206. District: Raipur, State: Chhattisgarh. For demonstration purposes only.",OPEN,"Fictional PS No.11, Raipur",Raipur,Chhattisgarh,LOCATION-015
CASE-207,Synthetic Case Record 207 — Molestation — Raipur,Molestation,IPC 354,FIR-SYNTH-RAI-0207,2025-12-31,"Synthetic case record regarding molestation in fictional scenario 207. District: Raipur, State: Chhattisgarh. For demonstration purposes only.",CLOSED,"Fictional PS No.7, Raipur",Raipur,Chhattisgarh,LOCATION-025
CASE-208,Synthetic Case Record 208 — Fraud — Mumbai Suburban,Fraud,IPC 420,FIR-SYNTH-MUM-0208,2021-12-31,"Synthetic case record regarding fraud in fictional scenario 208. District: Mumbai Suburban, State: Maharashtra. For demonstration purposes only.",CHARGESHEETED,"Fictional PS No.20, Mumbai",Mumbai Suburban,Maharashtra,LOCATION-030
CASE-209,Synthetic Case Record 209 — Murder — Lucknow,Murder,IPC 302,FIR-SYNTH-LUC-0209,2022-11-19,"Synthetic case record regarding murder in fictional scenario 209. District: Lucknow, State: Uttar Pradesh. For demonstration purposes only.",CLOSED,"Fictional PS No.9, Lucknow",Lucknow,Uttar Pradesh,LOCATION-013
CASE-210,Synthetic Case Record 210 — Criminal Intimidation — Mumbai City,Criminal Intimidation,IPC 506,FIR-SYNTH-MUM-0210,2023-05-07,"Synthetic case record regarding criminal intimidation in fictional scenario 210. District: Mumbai City, State: Maharashtra. For demonstration purposes only.",CLOSED,"Fictional PS No.15, Mumbai",Mumbai City,Maharashtra,LOCATION-030
CASE-211,Synthetic Case Record 211 — Attempted Murder — Central Delhi,Attempted Murder,IPC 307,FIR-SYNTH-CEN-0211,2025-06-05,"Synthetic case record regarding attempted murder in fictional scenario 211. District: Central Delhi, State: Delhi. For demonstration purposes only.",CLOSED,"Fictional PS No.20, Delhi",Central Delhi,Delhi,LOCATION-011
CASE-212,Synthetic Case Record 212 — Assault — Ahmedabad,Assault,IPC 323,FIR-SYNTH-AHM-0212,2023-08-28,"Synthetic case record regarding assault in fictional scenario 212. District: Ahmedabad, State: Gujarat. For demonstration purposes only.",CHARGESHEETED,"Fictional PS No.7, Ahmedabad",Ahmedabad,Gujarat,LOCATION-038
CASE-213,Synthetic Case Record 213 — Murder — Central Delhi,Murder,IPC 302,FIR-SYNTH-CEN-0213,2022-04-01,"Synthetic case record regarding murder in fictional scenario 213. District: Central Delhi, State: Delhi. For demonstration purposes only.",CLOSED,"Fictional PS No.14, Delhi",Central Delhi,Delhi,LOCATION-038
CASE-214,Synthetic Case Record 214 — Molestation — Kolkata,Molestation,IPC 354,FIR-SYNTH-KOL-0214,2023-08-22,"Synthetic case record regarding molestation in fictional scenario 214. District: Kolkata, State: West Bengal. For demonstration purposes only.",OPEN,"Fictional PS No.2, Kolkata",Kolkata,West Bengal,LOCATION-003
CASE-215,Synthetic Case Record 215 — Assault — Mumbai City,Assault,IPC 323,FIR-SYNTH-MUM-0215,2021-06-20,"Synthetic case record regarding assault in fictional scenario 215. District: Mumbai City, State: Maharashtra. For demonstration purposes only.",OPEN,"Fictional PS No.16, Mumbai",Mumbai City,Maharashtra,LOCATION-016
CASE-216,Synthetic Case Record 216 — Fraud — Chennai,Fraud,IPC 420,FIR-SYNTH-CHE-0216,2022-08-29,"Synthetic case record regarding fraud in fictional scenario 216. District: Chennai, State: Tamil Nadu. For demonstration purposes only.",CLOSED,"Fictional PS No.5, Chennai",Chennai,Tamil Nadu,LOCATION-023
CASE-217,Synthetic Case Record 217 — Property Offence — Rangareddy,Property Offence,IPC 425,FIR-SYNTH-RAN-0217,2024-12-11,"Synthetic case record regarding property offence in fictional scenario 217. District: Rangareddy, State: Telangana. For demonstration purposes only.",CHARGESHEETED,"Fictional PS No.10, Hyderabad",Rangareddy,Telangana,LOCATION-011
CASE-218,Synthetic Case Record 218 — Extortion — Raipur,Extortion,IPC 384,FIR-SYNTH-RAI-0218,2023-08-08,"Synthetic case record regarding extortion in fictional scenario 218. District: Raipur, State: Chhattisgarh. For demonstration purposes only.",CLOSED,"Fictional PS No.1, Raipur",Raipur,Chhattisgarh,LOCATION-030
CASE-219,Synthetic Case Record 219 — Kidnapping — Bengaluru Rural,Kidnapping,IPC 363,FIR-SYNTH-BEN-0219,2024-12-12,"Synthetic case record regarding kidnapping in fictional scenario 219. District: Bengaluru Rural, State: Karnataka. For demonstration purposes only.",OPEN,"Fictional PS No.12, Bengaluru",Bengaluru Rural,Karnataka,LOCATION-030
CASE-220,Synthetic Case Record 220 — Molestation — Howrah,Molestation,IPC 354,FIR-SYNTH-HOW-0220,2021-03-08,"Synthetic case record regarding molestation in fictional scenario 220. District: Howrah, State: West Bengal. For demonstration purposes only.",UNDER INVESTIGATION,"Fictional PS No.11, Howrah",Howrah,West Bengal,LOCATION-034
CASE-221,Synthetic Case Record 221 — Extortion — Surat,Extortion,IPC 384,FIR-SYNTH-SUR-0221,2024-06-24,"Synthetic case record regarding extortion in fictional scenario 221. District: Surat, State: Gujarat. For demonstration purposes only.",UNDER INVESTIGATION,"Fictional PS No.7, Surat",Surat,Gujarat,LOCATION-006
CASE-222,Synthetic Case Record 222 — Burglary — North 24 Parganas,Burglary,IPC 457,FIR-SYNTH-NOR-0222,2021-08-16,"Synthetic case record regarding burglary in fictional scenario 222. District: North 24 Parganas, State: West Bengal. For demonstration purposes only.",CHARGESHEETED,"Fictional PS No.12, Kolkata",North 24 Parganas,West Bengal,LOCATION-004
CASE-223,Synthetic Case Record 223 — Burglary — Lucknow,Burglary,IPC 457,FIR-SYNTH-LUC-0223,2024-12-23,"Synthetic case record regarding burglary in fictional scenario 223. District: Lucknow, State: Uttar Pradesh. For demonstration purposes only.",CLOSED,"Fictional PS No.3, Lucknow",Lucknow,Uttar Pradesh,LOCATION-036
CASE-224,Synthetic Case Record 224 — Property Offence — Mumbai City,Property Offence,IPC 425,FIR-SYNTH-MUM-0224,2025-11-20,"Synthetic case record regarding property offence in fictional scenario 224. District: Mumbai City, State: Maharashtra. For demonstration purposes only.",CLOSED,"Fictional PS No.16, Mumbai",Mumbai City,Maharashtra,LOCATION-038
CASE-225,Synthetic Case Record 225 — Fraud — Nagpur,Fraud,IPC 420,FIR-SYNTH-NAG-0225,2022-07-02,"Synthetic case record regarding fraud in fictional scenario 225. District: Nagpur, State: Maharashtra. For demonstration purposes only.",CHARGESHEETED,"Fictional PS No.11, Nagpur",Nagpur,Maharashtra,LOCATION-023
CASE-226,Synthetic Case Record 226 — Assault — Bengaluru Urban,Assault,IPC 323,FIR-SYNTH-BEN-0226,2023-12-15,"Synthetic case record regarding assault in fictional scenario 226. District: Bengaluru Urban, State: Karnataka. For demonstration purposes only.",OPEN,"Fictional PS No.16, Bengaluru",Bengaluru Urban,Karnataka,LOCATION-033
CASE-227,Synthetic Case Record 227 — Extortion — Hyderabad,Extortion,IPC 384,FIR-SYNTH-HYD-0227,2022-01-21,"Synthetic case record regarding extortion in fictional scenario 227. District: Hyderabad, State: Telangana. For demonstration purposes only.",CHARGESHEETED,"Fictional PS No.12, Hyderabad",Hyderabad,Telangana,LOCATION-005
CASE-228,Synthetic Case Record 228 — Robbery — Howrah,Robbery,IPC 392,FIR-SYNTH-HOW-0228,2021-08-18,"Synthetic case record regarding robbery in fictional scenario 228. District: Howrah, State: West Bengal. For demonstration purposes only.",CLOSED,"Fictional PS No.6, Howrah",Howrah,West Bengal,LOCATION-018
CASE-229,Synthetic Case Record 229 — Theft — Lucknow,Theft,IPC 379,FIR-SYNTH-LUC-0229,2024-10-29,"Synthetic case record regarding theft in fictional scenario 229. District: Lucknow, State: Uttar Pradesh. For demonstration purposes only.",CLOSED,"Fictional PS No.10, Lucknow",Lucknow,Uttar Pradesh,LOCATION-027
CASE-230,Synthetic Case Record 230 — Theft — Lucknow,Theft,IPC 379,FIR-SYNTH-LUC-0230,2021-05-09,"Synthetic case record regarding theft in fictional scenario 230. District: Lucknow, State: Uttar Pradesh. For demonstration purposes only.",OPEN,"Fictional PS No.10, Lucknow",Lucknow,Uttar Pradesh,LOCATION-013
CASE-231,Synthetic Case Record 231 — Criminal Intimidation — Central Delhi,Criminal Intimidation,IPC 506,FIR-SYNTH-CEN-0231,2023-04-24,"Synthetic case record regarding criminal intimidation in fictional scenario 231. District: Central Delhi, State: Delhi. For demonstration purposes only.",UNDER INVESTIGATION,"Fictional PS No.17, Delhi",Central Delhi,Delhi,LOCATION-022
CASE-232,Synthetic Case Record 232 — Assault — East Delhi,Assault,IPC 323,FIR-SYNTH-EAS-0232,2025-09-21,"Synthetic case record regarding assault in fictional scenario 232. District: East Delhi, State: Delhi. For demonstration purposes only.",CHARGESHEETED,"Fictional PS No.19, Delhi",East Delhi,Delhi,LOCATION-034
CASE-233,Synthetic Case Record 233 — Fraud — North Delhi,Fraud,IPC 420,FIR-SYNTH-NOR-0233,2022-08-14,"Synthetic case record regarding fraud in fictional scenario 233. District: North Delhi, State: Delhi. For demonstration purposes only.",OPEN,"Fictional PS No.16, Delhi",North Delhi,Delhi,LOCATION-024
CASE-234,Synthetic Case Record 234 — Kidnapping — Patna,Kidnapping,IPC 363,FIR-SYNTH-PAT-0234,2022-01-09,"Synthetic case record regarding kidnapping in fictional scenario 234. District: Patna, State: Bihar. For demonstration purposes only.",CLOSED,"Fictional PS No.18, Patna",Patna,Bihar,LOCATION-019
CASE-235,Synthetic Case Record 235 — Property Offence — Bhopal,Property Offence,IPC 425,FIR-SYNTH-BHO-0235,2022-05-03,"Synthetic case record regarding property offence in fictional scenario 235. District: Bhopal, State: Madhya Pradesh. For demonstration purposes only.",OPEN,"Fictional PS No.5, Bhopal",Bhopal,Madhya Pradesh,LOCATION-011
CASE-236,Synthetic Case Record 236 — Attempted Murder — Hyderabad,Attempted Murder,IPC 307,FIR-SYNTH-HYD-0236,2022-02-25,"Synthetic case record regarding attempted murder in fictional scenario 236. District: Hyderabad, State: Telangana. For demonstration purposes only.",OPEN,"Fictional PS No.12, Hyderabad",Hyderabad,Telangana,LOCATION-012
CASE-237,Synthetic Case Record 237 — Kidnapping — Bengaluru Urban,Kidnapping,IPC 363,FIR-SYNTH-BEN-0237,2024-01-11,"Synthetic case record regarding kidnapping in fictional scenario 237. District: Bengaluru Urban, State: Karnataka. For demonstration purposes only.",CLOSED,"Fictional PS No.12, Bengaluru",Bengaluru Urban,Karnataka,LOCATION-029
CASE-238,Synthetic Case Record 238 — Assault — Bengaluru Rural,Assault,IPC 323,FIR-SYNTH-BEN-0238,2022-10-18,"Synthetic case record regarding assault in fictional scenario 238. District: Bengaluru Rural, State: Karnataka. For demonstration purposes only.",CLOSED,"Fictional PS No.5, Bengaluru",Bengaluru Rural,Karnataka,LOCATION-030
CASE-239,Synthetic Case Record 239 — Cybercrime — Lucknow,Cybercrime,IT Act 66C,FIR-SYNTH-LUC-0239,2022-08-17,"Synthetic case record regarding cybercrime in fictional scenario 239. District: Lucknow, State: Uttar Pradesh. For demonstration purposes only.",CLOSED,"Fictional PS No.10, Lucknow",Lucknow,Uttar Pradesh,LOCATION-031
CASE-240,Synthetic Case Record 240 — Assault — Raipur,Assault,IPC 323,FIR-SYNTH-RAI-0240,2025-02-07,"Synthetic case record regarding assault in fictional scenario 240. District: Raipur, State: Chhattisgarh. For demonstration purposes only.",CHARGESHEETED,"Fictional PS No.11, Raipur",Raipur,Chhattisgarh,LOCATION-008
CASE-241,Synthetic Case Record 241 — Property Offence — Mumbai Suburban,Property Offence,IPC 425,FIR-SYNTH-MUM-0241,2022-09-23,"Synthetic case record regarding property offence in fictional scenario 241. District: Mumbai Suburban, State: Maharashtra. For demonstration purposes only.",OPEN,"Fictional PS No.18, Mumbai",Mumbai Suburban,Maharashtra,LOCATION-008
CASE-242,Synthetic Case Record 242 — Robbery — Bengaluru Urban,Robbery,IPC 392,FIR-SYNTH-BEN-0242,2024-05-30,"Synthetic case record regarding robbery in fictional scenario 242. District: Bengaluru Urban, State: Karnataka. For demonstration purposes only.",CLOSED,"Fictional PS No.11, Bengaluru",Bengaluru Urban,Karnataka,LOCATION-004
CASE-243,Synthetic Case Record 243 — Fraud — North Delhi,Fraud,IPC 420,FIR-SYNTH-NOR-0243,2024-01-08,"Synthetic case record regarding fraud in fictional scenario 243. District: North Delhi, State: Delhi. For demonstration purposes only.",CHARGESHEETED,"Fictional PS No.1, Delhi",North Delhi,Delhi,LOCATION-006
CASE-244,Synthetic Case Record 244 — Burglary — Howrah,Burglary,IPC 457,FIR-SYNTH-HOW-0244,2023-10-02,"Synthetic case record regarding burglary in fictional scenario 244. District: Howrah, State: West Bengal. For demonstration purposes only.",UNDER INVESTIGATION,"Fictional PS No.13, Howrah",Howrah,West Bengal,LOCATION-013
CASE-245,Synthetic Case Record 245 — Kidnapping — Bengaluru Rural,Kidnapping,IPC 363,FIR-SYNTH-BEN-0245,2023-03-02,"Synthetic case record regarding kidnapping in fictional scenario 245. District: Bengaluru Rural, State: Karnataka. For demonstration purposes only.",UNDER INVESTIGATION,"Fictional PS No.14, Bengaluru",Bengaluru Rural,Karnataka,LOCATION-024
CASE-246,Synthetic Case Record 246 — Criminal Intimidation — Hyderabad,Criminal Intimidation,IPC 506,FIR-SYNTH-HYD-0246,2022-03-18,"Synthetic case record regarding criminal intimidation in fictional scenario 246. District: Hyderabad, State: Telangana. For demonstration purposes only.",CHARGESHEETED,"Fictional PS No.18, Hyderabad",Hyderabad,Telangana,LOCATION-006
CASE-247,Synthetic Case Record 247 — Forgery — Chennai,Forgery,IPC 465,FIR-SYNTH-CHE-0247,2021-12-02,"Synthetic case record regarding forgery in fictional scenario 247. District: Chennai, State: Tamil Nadu. For demonstration purposes only.",CHARGESHEETED,"Fictional PS No.15, Chennai",Chennai,Tamil Nadu,LOCATION-019
CASE-248,Synthetic Case Record 248 — Kidnapping — Chennai,Kidnapping,IPC 363,FIR-SYNTH-CHE-0248,2021-06-26,"Synthetic case record regarding kidnapping in fictional scenario 248. District: Chennai, State: Tamil Nadu. For demonstration purposes only.",CLOSED,"Fictional PS No.19, Chennai",Chennai,Tamil Nadu,LOCATION-039
CASE-249,Synthetic Case Record 249 — Extortion — Howrah,Extortion,IPC 384,FIR-SYNTH-HOW-0249,2021-01-14,"Synthetic case record regarding extortion in fictional scenario 249. District: Howrah, State: West Bengal. For demonstration purposes only.",CHARGESHEETED,"Fictional PS No.13, Howrah",Howrah,West Bengal,LOCATION-006
CASE-250,Synthetic Case Record 250 — Assault — Surat,Assault,IPC 323,FIR-SYNTH-SUR-0250,2022-02-13,"Synthetic case record regarding assault in fictional scenario 250. District: Surat, State: Gujarat. For demonstration purposes only.",CLOSED,"Fictional PS No.19, Surat",Surat,Gujarat,LOCATION-009
