person_id,full_name,first_name,last_name,gender,date_of_birth,age,occupation,education,address,locality,city,district,state,pin_code,phone_id,phone_id_2,bank_account_id,bank_account_id_2,vehicle_id,vehicle_id_2,location_id,organization_id,email
PERSON-001,Arjun Mehta,Arjun,Mehta,Male,1978-03-14,48,Clerk,Intermediate (12th),"Fictional H.No. 710, Green Park",Fictional Nehru Road,Raipur,Raipur,Chhattisgarh,972436,PHONE-001,,BANK-005,,VEHICLE-001,,LOCATION-024,,fictional.arjun.mehta@synthetic-demo.invalid
PERSON-002,Vikram Singh,Vikram,Singh,Male,1974-11-28,52,Plumber,Illiterate,"Fictional H.No. 633, Nehru Road",Fictional New Colony,Raipur,Raipur,Chhattisgarh,746800,PHONE-001,,BANK-041,,VEHICLE-001,,LOCATION-024,,fictional.vikram.singh@synthetic-demo.invalid
PERSON-003,Renu Sharma,Renu,Sharma,Female,1972-05-08,54,Security Guard,Illiterate,"Fictional H.No. 48, Civil Lines",Fictional Gandhi Colony,Raipur,Raipur,Chhattisgarh,400467,PHONE-012,,BANK-046,,VEHICLE-001,VEHICLE-041,LOCATION-024,ORG-023,fictional.renu.sharma@synthetic-demo.invalid
PERSON-004,Mohan Yadav,Mohan,Yadav,Male,1990-07-05,36,Labourer,High School,"Fictional H.No. 935, Ring Road Mohalla",Fictional Station Road,Raipur,Raipur,Chhattisgarh,337572,PHONE-032,,BANK-040,,VEHICLE-012,VEHICLE-006,LOCATION-024,,fictional.mohan.yadav@synthetic-demo.invalid
PERSON-005,Suresh Mehta,Suresh,Mehta,Male,1981-05-15,45,Business Owner,Intermediate (12th),"Fictional H.No. 307, Sector 7",Fictional Transport Nagar,Raipur,Raipur,Chhattisgarh,567965,PHONE-033,,BANK-019,,,,LOCATION-024,ORG-015,fictional.suresh.mehta@synthetic-demo.invalid
PERSON-006,Deepak Arora,Deepak,Arora,Male,1992-04-13,34,Real Estate Agent,Middle School,"Fictional H.No. 9, Ring Road Mohalla",Fictional Gandhi Colony,Kolkata,Kolkata,West Bengal,720863,PHONE-062,PHONE-049,BANK-002,,VEHICLE-037,,LOCATION-001,ORG-022,fictional.deepak.arora@synthetic-demo.invalid
PERSON-007,Sunita Bhat,Sunita,Bhat,Female,1986-05-25,40,Grocery Merchant,Graduate,"Fictional H.No. 859, Station Road",Fictional Patel Chowk,Kolkata,Kolkata,West Bengal,742761,PHONE-030,,BANK-002,,VEHICLE-041,VEHICLE-017,LOCATION-001,,fictional.sunita.bhat@synthetic-demo.invalid
PERSON-008,Rajesh Malhotra,Rajesh,Malhotra,Male,2000-05-26,26,Contractor,Post Graduate,"Fictional H.No. 553, Lake View",Fictional Sector 35,Kolkata,Kolkata,West Bengal,613379,PHONE-057,PHONE-047,BANK-002,,VEHICLE-006,,LOCATION-001,ORG-007,fictional.rajesh.malhotra@synthetic-demo.invalid
PERSON-009,Kavita Desai,Kavita,Desai,Female,1975-03-09,51,Grocery Merchant,Graduate,"Fictional H.No. 691, Green Park",Fictional MG Road,Kolkata,North 24 Parganas,West Bengal,474192,PHONE-062,,BANK-030,,VEHICLE-022,,LOCATION-002,ORG-008,fictional.kavita.desai@synthetic-demo.invalid
PERSON-010,Anand Arora,Anand,Arora,Male,1976-07-01,50,Business Owner,Illiterate,"Fictional H.No. 692, New Colony",Fictional Sector 21,Kolkata,Kolkata,West Bengal,125734,PHONE-034,,BANK-017,,VEHICLE-044,,LOCATION-001,,fictional.anand.arora@synthetic-demo.invalid
PERSON-011,Sanjay Dubey,Sanjay,Dubey,Male,1973-09-11,53,Mechanic,Primary School,"Fictional H.No. 47, Gandhi Colony",Fictional Industrial Area,Mumbai,Mumbai City,Maharashtra,604218,PHONE-079,PHONE-009,BANK-030,,VEHICLE-003,,LOCATION-004,ORG-014,fictional.sanjay.dubey@synthetic-demo.invalid
PERSON-012,Ajay Tiwari,Ajay,Tiwari,Male,1998-04-18,28,Contractor,High School,"Fictional H.No. 671, Patel Chowk",Fictional Sector 21,Pune,Pune,Maharashtra,730517,PHONE-018,PHONE-048,BANK-048,,VEHICLE-003,,LOCATION-007,ORG-019,fictional.ajay.tiwari@synthetic-demo.invalid
PERSON-013,Ram Das,Ram,Das,Male,1971-05-02,55,Business Owner,Intermediate (12th),"Fictional H.No. 924, Lake View",Fictional Gandhi Colony,Mumbai,Mumbai City,Maharashtra,507382,PHONE-048,PHONE-057,BANK-055,,VEHICLE-003,,LOCATION-004,,fictional.ram.das@synthetic-demo.invalid
PERSON-014,Priya Dubey,Priya,Dubey,Female,1995-02-28,31,Daily Wage Worker,Primary School,"Fictional H.No. 71, MG Road",Fictional Old City Quarter,Mumbai,Mumbai City,Maharashtra,700321,PHONE-059,PHONE-028,BANK-004,,VEHICLE-039,,LOCATION-004,ORG-005,fictional.priya.dubey@synthetic-demo.invalid
PERSON-015,Naresh Yadav,Naresh,Yadav,Male,1975-04-11,51,Mechanic,Graduate,"Fictional H.No. 888, Shastri Nagar",Fictional Station Road,Pune,Pune,Maharashtra,115466,PHONE-019,,BANK-010,,VEHICLE-018,,LOCATION-007,ORG-006,fictional.naresh.yadav@synthetic-demo.invalid
PERSON-016,Balram Sinha,Balram,Sinha,Male,1976-04-19,50,Business Owner,Intermediate (12th),"Fictional H.No. 608, Patel Chowk",Fictional Sector 12,Delhi,Central Delhi,Delhi,615326,PHONE-042,PHONE-034,BANK-008,,VEHICLE-048,,LOCATION-008,ORG-025,fictional.balram.sinha@synthetic-demo.invalid
PERSON-017,Geeta Sinha,Geeta,Sinha,Female,1971-10-02,55,Farmer,Illiterate,"Fictional H.No. 330, Bypass Colony",Fictional Station Road,Delhi,Central Delhi,Delhi,167229,PHONE-067,PHONE-004,BANK-028,,VEHICLE-031,,LOCATION-008,ORG-015,fictional.geeta.sinha@synthetic-demo.invalid
PERSON-018,Sudhir Kapoor,Sudhir,Kapoor,Male,1993-10-21,33,Mechanic,Post Graduate,"Fictional H.No. 671, MG Road",Fictional Old City Quarter,Delhi,North Delhi,Delhi,540562,PHONE-075,,BANK-030,,VEHICLE-039,,LOCATION-009,ORG-023,fictional.sudhir.kapoor@synthetic-demo.invalid
PERSON-019,Prakash Roy,Prakash,Roy,Male,1973-04-14,53,Grocery Merchant,High School,"Fictional H.No. 69, Nehru Road",Fictional Nehru Road,Kolkata,Kolkata,West Bengal,195542,PHONE-044,,BANK-021,,VEHICLE-047,VEHICLE-028,LOCATION-001,ORG-005,fictional.prakash.roy@synthetic-demo.invalid
PERSON-020,Mamta Ghosh,Mamta,Ghosh,Female,1998-12-24,28,Grocery Merchant,Post Graduate,"Fictional H.No. 434, Gandhi Colony",Fictional Industrial Area,Kolkata,Kolkata,West Bengal,714419,PHONE-048,,BANK-036,,VEHICLE-038,,LOCATION-001,ORG-012,fictional.mamta.ghosh@synthetic-demo.invalid
PERSON-021,Dinesh Chatterjee,Dinesh,Chatterjee,Male,1990-02-19,36,Daily Wage Worker,Primary School,"Fictional H.No. 827, Sector 7",Fictional MG Road,Kolkata,North 24 Parganas,West Bengal,885938,PHONE-065,PHONE-062,BANK-036,,VEHICLE-007,,LOCATION-002,,fictional.dinesh.chatterjee@synthetic-demo.invalid
PERSON-022,Hema Roy,Hema,Roy,Female,1982-10-22,44,Contractor,Intermediate (12th),"Fictional H.No. 674, Green Park",Fictional Nehru Road,Kolkata,Kolkata,West Bengal,245858,PHONE-072,PHONE-035,BANK-020,,VEHICLE-018,,LOCATION-001,ORG-006,fictional.hema.roy@synthetic-demo.invalid
PERSON-023,Vivek Jain,Vivek,Jain,Male,1981-01-03,45,Daily Wage Worker,Intermediate (12th),"Fictional H.No. 87, Gandhi Colony",Fictional Station Road,Mumbai,Mumbai City,Maharashtra,261872,PHONE-068,PHONE-054,BANK-006,,VEHICLE-011,,LOCATION-004,,fictional.vivek.jain@synthetic-demo.invalid
PERSON-024,Nisha Kapoor,Nisha,Kapoor,Female,1982-01-22,44,Mechanic,Middle School,"Fictional H.No. 695, Ring Road Mohalla",Fictional Sector 21,Delhi,Central Delhi,Delhi,639783,PHONE-011,PHONE-055,BANK-006,BANK-033,VEHICLE-029,,LOCATION-008,ORG-014,fictional.nisha.kapoor@synthetic-demo.invalid
PERSON-025,Omkar Naidu,Omkar,Naidu,Male,1992-01-08,34,Security Guard,Middle School,"Fictional H.No. 123, Shastri Nagar",Fictional Sector 21,Bengaluru,Bengaluru Urban,Karnataka,864540,PHONE-051,,BANK-006,BANK-009,VEHICLE-014,,LOCATION-012,,fictional.omkar.naidu@synthetic-demo.invalid
PERSON-026,Farida Khan,Farida,Khan,Female,1996-03-13,30,Courier,Illiterate,"Fictional H.No. 471, Nehru Road",Fictional Civil Lines,Mumbai,Mumbai City,Maharashtra,689539,PHONE-069,,BANK-005,,VEHICLE-043,,LOCATION-004,,fictional.farida.khan@synthetic-demo.invalid
PERSON-027,Tarun Jain,Tarun,Jain,Male,1983-07-23,43,Farmer,High School,"Fictional H.No. 865, Patel Chowk",Fictional New Colony,Mumbai,Mumbai City,Maharashtra,546703,PHONE-054,PHONE-052,BANK-030,,VEHICLE-021,VEHICLE-040,LOCATION-004,,fictional.tarun.jain@synthetic-demo.invalid
PERSON-028,Yogesh Chauhan,Yogesh,Chauhan,Male,1989-09-03,37,Student,Post Graduate,"Fictional H.No. 358, Lake View",Fictional Station Road,Jaipur,Jaipur,Rajasthan,341205,PHONE-051,,BANK-011,BANK-041,VEHICLE-015,,LOCATION-019,ORG-017,fictional.yogesh.chauhan@synthetic-demo.invalid
PERSON-029,Lalit Saxena,Lalit,Saxena,Male,1997-05-07,29,Daily Wage Worker,High School,"Fictional H.No. 698, Ring Road Mohalla",Fictional Bypass Colony,Jaipur,Jaipur,Rajasthan,430984,PHONE-023,,BANK-041,,VEHICLE-042,VEHICLE-050,LOCATION-019,,fictional.lalit.saxena@synthetic-demo.invalid
PERSON-030,Seema Chauhan,Seema,Chauhan,Female,1981-06-05,45,Shopkeeper,Illiterate,"Fictional H.No. 378, Industrial Area",Fictional Nehru Road,Jaipur,Jaipur,Rajasthan,760984,PHONE-057,PHONE-057,BANK-023,,VEHICLE-018,,LOCATION-019,ORG-015,fictional.seema.chauhan@synthetic-demo.invalid
PERSON-031,Hemant Pandey,Hemant,Pandey,Male,1974-02-20,52,Tailor,Primary School,"Fictional H.No. 330, Bypass Colony",Fictional Sector 21,Patna,Patna,Bihar,613254,PHONE-077,,BANK-048,,VEHICLE-036,,LOCATION-020,ORG-019,fictional.hemant.pandey@synthetic-demo.invalid
PERSON-032,Mohan Bose,Mohan,Bose,Male,1963-02-17,63,Clerk,Graduate,"Fictional H.No. 613, Gandhi Colony",Fictional Civil Lines,Delhi,East Delhi,Delhi,167437,PHONE-006,PHONE-057,BANK-029,,VEHICLE-024,,LOCATION-012,ORG-014,fictional.mohan.bose31@synthetic-demo.invalid
PERSON-033,Umesh Chaudhary,Umesh,Chaudhary,Male,1992-12-28,34,Farmer,Middle School,"Fictional H.No. 573, Green Park",Fictional Civil Lines,Delhi,South Delhi,Delhi,932230,PHONE-020,PHONE-075,BANK-043,BANK-023,VEHICLE-042,,LOCATION-039,ORG-020,fictional.umesh.chaudhary32@synthetic-demo.invalid
PERSON-034,Akshay Rao,Akshay,Rao,Male,1985-01-12,41,Mechanic,Intermediate (12th),"Fictional H.No. 790, MG Road",Fictional Sector 35,Ahmedabad,Ahmedabad,Gujarat,138777,PHONE-024,,BANK-022,,VEHICLE-015,,LOCATION-020,ORG-010,fictional.akshay.rao33@synthetic-demo.invalid
PERSON-035,Sarita Patel,Sarita,Patel,Female,1984-03-06,42,Unemployed,Middle School,"Fictional H.No. 771, Sector 12",Fictional New Colony,Patna,Patna,Bihar,646344,PHONE-080,,BANK-011,,VEHICLE-024,,LOCATION-012,ORG-015,fictional.sarita.patel34@synthetic-demo.invalid
PERSON-036,Uma Iyer,Uma,Iyer,Female,1965-10-15,61,Contractor,Post Graduate,"Fictional H.No. 257, Gandhi Colony",Fictional Sector 21,Bengaluru,Bengaluru Urban,Karnataka,995480,PHONE-037,,BANK-033,,,,LOCATION-030,,fictional.uma.iyer35@synthetic-demo.invalid
PERSON-037,Firoz Roy,Firoz,Roy,Male,1990-02-25,36,Driver,High School,"Fictional H.No. 55, Green Park",Fictional Sector 35,Mumbai,Mumbai City,Maharashtra,482341,PHONE-035,,BANK-033,BANK-028,VEHICLE-015,,LOCATION-011,,fictional.firoz.roy36@synthetic-demo.invalid
PERSON-038,Meena Mehta,Meena,Mehta,Female,2007-06-04,19,Driver,Illiterate,"Fictional H.No. 20, Transport Nagar",Fictional Old City Quarter,Delhi,Central Delhi,Delhi,955253,PHONE-019,PHONE-037,BANK-059,,VEHICLE-009,,LOCATION-022,ORG-020,fictional.meena.mehta37@synthetic-demo.invalid
PERSON-039,Sita Yadav,Sita,Yadav,Female,1989-02-02,37,Daily Wage Worker,Primary School,"Fictional H.No. 736, Station Road",Fictional Industrial Area,Delhi,Central Delhi,Delhi,539101,PHONE-054,,BANK-040,,VEHICLE-032,,LOCATION-016,ORG-017,fictional.sita.yadav38@synthetic-demo.invalid
PERSON-040,Seema Jain,Seema,Jain,Female,1997-11-22,29,Shopkeeper,Graduate,"Fictional H.No. 397, Lake View",Fictional Transport Nagar,Chennai,Chennai,Tamil Nadu,865116,PHONE-068,,BANK-005,,VEHICLE-033,,LOCATION-006,ORG-016,fictional.seema.jain39@synthetic-demo.invalid
PERSON-041,Kavita Khanna,Kavita,Khanna,Female,1962-11-21,64,Hotel Staff,Graduate,"Fictional H.No. 491, Market Area",Fictional Station Road,Delhi,Central Delhi,Delhi,164833,PHONE-075,,BANK-022,BANK-023,VEHICLE-042,,LOCATION-007,,fictional.kavita.khanna40@synthetic-demo.invalid
PERSON-042,Rekha Yadav,Rekha,Yadav,Female,2006-04-02,20,Shopkeeper,Post Graduate,"Fictional H.No. 672, Civil Lines",Fictional Transport Nagar,Pune,Pune,Maharashtra,227918,PHONE-040,,BANK-053,,VEHICLE-049,,LOCATION-021,ORG-025,fictional.rekha.yadav41@synthetic-demo.invalid
PERSON-043,Pratibha Dubey,Pratibha,Dubey,Female,1980-07-11,46,Trader,Intermediate (12th),"Fictional H.No. 301, Civil Lines",Fictional Patel Chowk,Raipur,Raipur,Chhattisgarh,181435,PHONE-064,,BANK-024,,VEHICLE-006,,LOCATION-012,ORG-020,fictional.pratibha.dubey42@synthetic-demo.invalid
PERSON-044,Tanuja Pillai,Tanuja,Pillai,Female,1963-07-06,63,Shopkeeper,Illiterate,"Fictional H.No. 688, Green Park",Fictional Lake View,Patna,Patna,Bihar,625920,PHONE-045,,BANK-047,,VEHICLE-028,,LOCATION-029,,fictional.tanuja.pillai43@synthetic-demo.invalid
PERSON-045,Vikram Shah,Vikram,Shah,Male,1965-08-02,61,Business Owner,High School,"Fictional H.No. 782, Nehru Road",Fictional Ring Road Mohalla,Patna,Patna,Bihar,240642,PHONE-009,PHONE-047,BANK-024,,VEHICLE-039,,LOCATION-009,ORG-012,fictional.vikram.shah44@synthetic-demo.invalid
PERSON-046,Nalini Malhotra,Nalini,Malhotra,Female,1991-04-04,35,Security Guard,Graduate,"Fictional H.No. 939, Sector 21",Fictional Old City Quarter,Lucknow,Lucknow,Uttar Pradesh,225238,PHONE-024,,BANK-025,,VEHICLE-050,,LOCATION-002,ORG-020,fictional.nalini.malhotra45@synthetic-demo.invalid
PERSON-047,Mohan Nair,Mohan,Nair,Male,1980-02-26,46,Tailor,Primary School,"Fictional H.No. 813, Lake View",Fictional Sector 35,Bhopal,Bhopal,Madhya Pradesh,329224,PHONE-045,,BANK-036,,,,LOCATION-021,,fictional.mohan.nair46@synthetic-demo.invalid
PERSON-048,Manoj Mishra,Manoj,Mishra,Male,2007-06-18,19,Auto-Rickshaw Driver,Intermediate (12th),"Fictional H.No. 421, Sector 7",Fictional Ring Road Mohalla,Hyderabad,Rangareddy,Telangana,175228,PHONE-048,,BANK-036,BANK-057,VEHICLE-020,,LOCATION-037,,fictional.manoj.mishra47@synthetic-demo.invalid
PERSON-049,Kavita Pillai,Kavita,Pillai,Female,1965-09-12,61,Electrician,Primary School,"Fictional H.No. 312, Market Area",Fictional Market Area,Hyderabad,Hyderabad,Telangana,430826,PHONE-071,,BANK-012,,VEHICLE-033,,LOCATION-009,ORG-004,fictional.kavita.pillai48@synthetic-demo.invalid
PERSON-050,Bharat Roy,Bharat,Roy,Male,2003-05-07,23,Trader,Graduate,"Fictional H.No. 640, Bypass Colony",Fictional Civil Lines,Delhi,South Delhi,Delhi,962677,PHONE-036,PHONE-039,BANK-040,,VEHICLE-011,,LOCATION-036,,fictional.bharat.roy49@synthetic-demo.invalid
PERSON-051,Vikram Das,Vikram,Das,Male,1967-10-09,59,Grocery Merchant,High School,"Fictional H.No. 305, Sector 12",Fictional Nehru Road,Kolkata,North 24 Parganas,West Bengal,805161,PHONE-074,,BANK-041,BANK-057,VEHICLE-019,,LOCATION-014,ORG-008,fictional.vikram.das50@synthetic-demo.invalid
PERSON-052,Mohan Sinha,Mohan,Sinha,Male,1979-04-11,47,Clerk,Primary School,"Fictional H.No. 478, Patel Chowk",Fictional Transport Nagar,Hyderabad,Rangareddy,Telangana,560353,PHONE-019,PHONE-041,BANK-047,,VEHICLE-026,VEHICLE-024,LOCATION-039,ORG-004,fictional.mohan.sinha51@synthetic-demo.invalid
PERSON-053,Ajay Singh,Ajay,Singh,Male,1984-10-14,42,Hotel Staff,High School,"Fictional H.No. 901, Industrial Area",Fictional Sector 21,Delhi,South Delhi,Delhi,123192,PHONE-021,,BANK-060,,VEHICLE-049,,LOCATION-016,,fictional.ajay.singh52@synthetic-demo.invalid
PERSON-054,Vimla Naidu,Vimla,Naidu,Female,1995-10-12,31,Courier,Primary School,"Fictional H.No. 904, Transport Nagar",Fictional Lake View,Delhi,Central Delhi,Delhi,882512,PHONE-007,PHONE-077,BANK-057,,VEHICLE-019,,LOCATION-004,,fictional.vimla.naidu53@synthetic-demo.invalid
PERSON-055,Rekha Dubey,Rekha,Dubey,Female,1972-09-07,54,Real Estate Agent,Middle School,"Fictional H.No. 814, Civil Lines",Fictional MG Road,Kolkata,North 24 Parganas,West Bengal,474873,PHONE-071,PHONE-050,BANK-033,,VEHICLE-040,,LOCATION-024,ORG-004,fictional.rekha.dubey54@synthetic-demo.invalid
PERSON-056,Ashok Kapoor,Ashok,Kapoor,Male,1983-09-02,43,Clerk,Primary School,"Fictional H.No. 403, Bypass Colony",Fictional Industrial Area,Ahmedabad,Ahmedabad,Gujarat,707444,PHONE-005,PHONE-043,BANK-052,,VEHICLE-039,,LOCATION-003,ORG-020,fictional.ashok.kapoor55@synthetic-demo.invalid
PERSON-057,Bharati Chauhan,Bharati,Chauhan,Female,1956-01-12,70,Unemployed,High School,"Fictional H.No. 272, Ring Road Mohalla",Fictional Ring Road Mohalla,Hyderabad,Rangareddy,Telangana,333838,PHONE-015,,BANK-038,,,,LOCATION-022,,fictional.bharati.chauhan56@synthetic-demo.invalid
PERSON-058,Yogesh Chatterjee,Yogesh,Chatterjee,Male,1975-11-24,51,Contractor,High School,"Fictional H.No. 708, Old City Quarter",Fictional Sector 7,Thane,Thane,Maharashtra,613893,PHONE-049,PHONE-032,BANK-003,,,,LOCATION-040,ORG-014,fictional.yogesh.chatterjee57@synthetic-demo.invalid
PERSON-059,Anita Patel,Anita,Patel,Female,1995-09-11,31,Grocery Merchant,Graduate,"Fictional H.No. 823, Transport Nagar",Fictional Bypass Colony,Ahmedabad,Ahmedabad,Gujarat,595296,PHONE-068,,BANK-012,,VEHICLE-035,,LOCATION-031,,fictional.anita.patel58@synthetic-demo.invalid
PERSON-060,Ramesh Agarwal,Ramesh,Agarwal,Male,1994-05-25,32,Plumber,High School,"Fictional H.No. 918, Green Park",Fictional Lake View,Delhi,South Delhi,Delhi,891923,PHONE-027,,BANK-032,,VEHICLE-047,,LOCATION-019,ORG-022,fictional.ramesh.agarwal59@synthetic-demo.invalid
PERSON-061,Mukesh Gupta,Mukesh,Gupta,Male,1963-02-12,63,Daily Wage Worker,Primary School,"Fictional H.No. 249, Gandhi Colony",Fictional Sector 35,Delhi,South Delhi,Delhi,331753,PHONE-033,,BANK-014,BANK-035,VEHICLE-036,,LOCATION-029,ORG-020,fictional.mukesh.gupta60@synthetic-demo.invalid
PERSON-062,Amit Bose,Amit,Bose,Male,1987-12-16,39,Security Guard,Middle School,"Fictional H.No. 293, Gandhi Colony",Fictional Nehru Road,Chennai,Chennai,Tamil Nadu,767687,PHONE-018,PHONE-071,BANK-060,BANK-042,,,LOCATION-007,ORG-007,fictional.amit.bose61@synthetic-demo.invalid
PERSON-063,Tarun Gupta,Tarun,Gupta,Male,1982-03-02,44,Tailor,Intermediate (12th),"Fictional H.No. 537, Sector 21",Fictional Station Road,Thane,Thane,Maharashtra,971616,PHONE-064,PHONE-038,BANK-057,BANK-020,VEHICLE-007,,LOCATION-026,ORG-015,fictional.tarun.gupta62@synthetic-demo.invalid
PERSON-064,Mamta Iyer,Mamta,Iyer,Female,1987-03-24,39,Trader,Intermediate (12th),"Fictional H.No. 877, Green Park",Fictional Sector 7,Mumbai,Mumbai City,Maharashtra,627435,PHONE-033,,BANK-001,,,,LOCATION-030,,fictional.mamta.iyer63@synthetic-demo.invalid
PERSON-065,Jitendra Bose,Jitendra,Bose,Male,2000-08-11,26,Driver,Middle School,"Fictional H.No. 670, Lake View",Fictional New Colony,Thane,Thane,Maharashtra,163783,PHONE-001,PHONE-031,BANK-029,,,,LOCATION-016,,fictional.jitendra.bose64@synthetic-demo.invalid
PERSON-066,Naresh Chauhan,Naresh,Chauhan,Male,1983-11-17,43,Business Owner,High School,"Fictional H.No. 719, MG Road",Fictional Sector 21,Thane,Thane,Maharashtra,875650,PHONE-016,,BANK-019,,VEHICLE-009,,LOCATION-020,ORG-020,fictional.naresh.chauhan65@synthetic-demo.invalid
PERSON-067,Anand Mishra,Anand,Mishra,Male,1960-10-28,66,Student,Intermediate (12th),"Fictional H.No. 550, Station Road",Fictional Market Area,Kanpur,Kanpur Nagar,Uttar Pradesh,435974,PHONE-068,,BANK-046,,,VEHICLE-036,LOCATION-006,,fictional.anand.mishra66@synthetic-demo.invalid
PERSON-068,Sita Joshi,Sita,Joshi,Female,1971-08-03,55,Security Guard,Graduate,"Fictional H.No. 23, Green Park",Fictional Transport Nagar,Bhopal,Bhopal,Madhya Pradesh,936103,PHONE-058,,BANK-030,BANK-027,VEHICLE-004,,LOCATION-033,,fictional.sita.joshi67@synthetic-demo.invalid
PERSON-069,Yogesh Kumar,Yogesh,Kumar,Male,1981-06-23,45,Contractor,Post Graduate,"Fictional H.No. 657, Sector 7",Fictional Lake View,Kolkata,North 24 Parganas,West Bengal,491559,PHONE-070,,BANK-060,,,,LOCATION-005,ORG-006,fictional.yogesh.kumar68@synthetic-demo.invalid
PERSON-070,Mala Das,Mala,Das,Female,1966-09-05,60,Security Guard,High School,"Fictional H.No. 690, MG Road",Fictional Sector 7,Kanpur,Kanpur Nagar,Uttar Pradesh,644488,PHONE-016,PHONE-069,BANK-026,,,,LOCATION-023,ORG-001,fictional.mala.das69@synthetic-demo.invalid
PERSON-071,Vivek Naidu,Vivek,Naidu,Male,1999-05-07,27,Mechanic,Intermediate (12th),"Fictional H.No. 35, Sector 12",Fictional Bypass Colony,Bengaluru,Bengaluru Urban,Karnataka,788820,PHONE-005,,BANK-027,,,,LOCATION-008,ORG-003,fictional.vivek.naidu70@synthetic-demo.invalid
PERSON-072,Vivek Gupta,Vivek,Gupta,Male,1980-04-18,46,Grocery Merchant,Post Graduate,"Fictional H.No. 329, New Colony",Fictional Industrial Area,Bengaluru,Bengaluru Rural,Karnataka,997246,PHONE-008,PHONE-038,BANK-015,,,,LOCATION-014,,fictional.vivek.gupta71@synthetic-demo.invalid
PERSON-073,Kamal Chauhan,Kamal,Chauhan,Male,2005-09-19,21,Clerk,Graduate,"Fictional H.No. 427, Sector 7",Fictional Station Road,Delhi,North Delhi,Delhi,407485,PHONE-055,,BANK-004,,,,LOCATION-012,,fictional.kamal.chauhan72@synthetic-demo.invalid
PERSON-074,Anand Ghosh,Anand,Ghosh,Male,1993-04-10,33,Tailor,Illiterate,"Fictional H.No. 945, Sector 12",Fictional Lake View,Hyderabad,Rangareddy,Telangana,194648,PHONE-060,,BANK-036,,VEHICLE-034,VEHICLE-016,LOCATION-010,ORG-011,fictional.anand.ghosh73@synthetic-demo.invalid
PERSON-075,Amit Tiwari,Amit,Tiwari,Male,1965-10-20,61,Student,Primary School,"Fictional H.No. 986, Patel Chowk",Fictional Sector 21,Bengaluru,Bengaluru Rural,Karnataka,348812,PHONE-010,PHONE-076,BANK-047,,VEHICLE-014,,LOCATION-003,ORG-001,fictional.amit.tiwari74@synthetic-demo.invalid
PERSON-076,Jitendra Mishra,Jitendra,Mishra,Male,1988-05-13,38,Auto-Rickshaw Driver,Post Graduate,"Fictional H.No. 860, Civil Lines",Fictional Old City Quarter,Surat,Surat,Gujarat,479420,PHONE-069,,BANK-020,,VEHICLE-032,,LOCATION-030,,fictional.jitendra.mishra75@synthetic-demo.invalid
PERSON-077,Rekha Jain,Rekha,Jain,Female,1961-03-01,65,Auto-Rickshaw Driver,Intermediate (12th),"Fictional H.No. 671, Civil Lines",Fictional Transport Nagar,Delhi,Central Delhi,Delhi,881941,PHONE-071,,BANK-038,,VEHICLE-013,,LOCATION-017,ORG-008,fictional.rekha.jain76@synthetic-demo.invalid
PERSON-078,Vinita Naidu,Vinita,Naidu,Female,1962-06-06,64,Grocery Merchant,Illiterate,"Fictional H.No. 783, Shastri Nagar",Fictional Sector 7,Thane,Thane,Maharashtra,240962,PHONE-070,,BANK-059,,,,LOCATION-009,ORG-003,fictional.vinita.naidu77@synthetic-demo.invalid
PERSON-079,Rajesh Shah,Rajesh,Shah,Male,1995-09-15,31,Plumber,High School,"Fictional H.No. 13, Shastri Nagar",Fictional Sector 35,Kolkata,Kolkata,West Bengal,839381,PHONE-008,,BANK-043,,,,LOCATION-024,ORG-018,fictional.rajesh.shah78@synthetic-demo.invalid
PERSON-080,Sunita Mukherjee,Sunita,Mukherjee,Female,1965-07-26,61,Farmer,Middle School,"Fictional H.No. 983, Green Park",Fictional Sector 12,Bhopal,Bhopal,Madhya Pradesh,678349,PHONE-014,,BANK-034,BANK-013,VEHICLE-017,,LOCATION-012,ORG-013,fictional.sunita.mukherjee79@synthetic-demo.invalid
PERSON-081,Satish Das,Satish,Das,Male,1967-01-03,59,Clerk,Intermediate (12th),"Fictional H.No. 879, Patel Chowk",Fictional Sector 35,Lucknow,Lucknow,Uttar Pradesh,143335,PHONE-049,,BANK-031,BANK-001,,VEHICLE-028,LOCATION-026,,fictional.satish.das80@synthetic-demo.invalid
PERSON-082,Girish Jain,Girish,Jain,Male,1991-01-03,35,Real Estate Agent,Illiterate,"Fictional H.No. 307, Market Area",Fictional Ring Road Mohalla,Hyderabad,Rangareddy,Telangana,346680,PHONE-070,,BANK-003,BANK-055,VEHICLE-014,,LOCATION-018,,fictional.girish.jain81@synthetic-demo.invalid
PERSON-083,Divya Arora,Divya,Arora,Female,1960-12-05,66,Unemployed,High School,"Fictional H.No. 993, Civil Lines",Fictional Shastri Nagar,Bengaluru,Bengaluru Rural,Karnataka,749379,PHONE-065,,BANK-023,BANK-028,VEHICLE-005,,LOCATION-006,,fictional.divya.arora82@synthetic-demo.invalid
PERSON-084,Vinita Desai,Vinita,Desai,Female,1973-07-14,53,Real Estate Agent,Graduate,"Fictional H.No. 803, Station Road",Fictional Green Park,Bengaluru,Bengaluru Urban,Karnataka,424469,PHONE-075,,BANK-006,,VEHICLE-016,,LOCATION-012,ORG-005,fictional.vinita.desai83@synthetic-demo.invalid
PERSON-085,Suresh Sharma,Suresh,Sharma,Male,1980-06-25,46,Unemployed,Intermediate (12th),"Fictional H.No. 804, Civil Lines",Fictional Green Park,Delhi,South Delhi,Delhi,112398,PHONE-014,PHONE-024,BANK-028,,VEHICLE-027,VEHICLE-006,LOCATION-018,ORG-003,fictional.suresh.sharma84@synthetic-demo.invalid
PERSON-086,Arti Mishra,Arti,Mishra,Female,1975-03-22,51,Business Owner,Middle School,"Fictional H.No. 967, New Colony",Fictional Sector 21,Jaipur,Jaipur,Rajasthan,708731,PHONE-022,PHONE-039,BANK-018,,VEHICLE-028,,LOCATION-025,ORG-003,fictional.arti.mishra85@synthetic-demo.invalid
PERSON-087,Naresh Bose,Naresh,Bose,Male,1989-01-13,37,Unemployed,Graduate,"Fictional H.No. 206, Sector 21",Fictional Civil Lines,Mumbai,Mumbai Suburban,Maharashtra,281507,PHONE-080,,BANK-056,,VEHICLE-042,,LOCATION-022,ORG-011,fictional.naresh.bose86@synthetic-demo.invalid
PERSON-088,Savita Lal,Savita,Lal,Female,1972-04-11,54,Trader,Graduate,"Fictional H.No. 787, MG Road",Fictional Shastri Nagar,Hyderabad,Rangareddy,Telangana,844572,PHONE-036,,BANK-026,,,,LOCATION-025,,fictional.savita.lal87@synthetic-demo.invalid
PERSON-089,Girish Kumar,Girish,Kumar,Male,1965-08-05,61,Plumber,Intermediate (12th),"Fictional H.No. 946, Sector 7",Fictional MG Road,Chennai,Chennai,Tamil Nadu,137909,PHONE-031,PHONE-020,BANK-046,,VEHICLE-029,,LOCATION-020,ORG-013,fictional.girish.kumar88@synthetic-demo.invalid
PERSON-090,Divya Kapoor,Divya,Kapoor,Female,2003-02-25,23,Courier,Illiterate,"Fictional H.No. 11, Patel Chowk",Fictional Transport Nagar,Lucknow,Lucknow,Uttar Pradesh,327622,PHONE-046,PHONE-079,BANK-003,,VEHICLE-042,,LOCATION-016,,fictional.divya.kapoor89@synthetic-demo.invalid
PERSON-091,Mohan Mehta,Mohan,Mehta,Male,1979-11-19,47,Clerk,High School,"Fictional H.No. 804, Old City Quarter",Fictional Sector 35,Bengaluru,Bengaluru Rural,Karnataka,594456,PHONE-020,PHONE-004,BANK-031,BANK-027,,VEHICLE-047,LOCATION-033,ORG-010,fictional.mohan.mehta90@synthetic-demo.invalid
PERSON-092,Geeta Pillai,Geeta,Pillai,Female,1964-08-11,62,Labourer,Intermediate (12th),"Fictional H.No. 179, MG Road",Fictional Market Area,Raipur,Raipur,Chhattisgarh,438673,PHONE-039,PHONE-015,BANK-002,,VEHICLE-044,,LOCATION-005,,fictional.geeta.pillai91@synthetic-demo.invalid
PERSON-093,Tara Desai,Tara,Desai,Female,1968-03-06,58,Farmer,Intermediate (12th),"Fictional H.No. 105, MG Road",Fictional Market Area,Bengaluru,Bengaluru Rural,Karnataka,474433,PHONE-051,PHONE-079,BANK-057,BANK-038,VEHICLE-001,,LOCATION-028,ORG-025,fictional.tara.desai92@synthetic-demo.invalid
PERSON-094,Naresh Sen,Naresh,Sen,Male,1966-08-17,60,Security Guard,Intermediate (12th),"Fictional H.No. 605, Nehru Road",Fictional Station Road,Delhi,North Delhi,Delhi,420220,PHONE-077,,BANK-026,,VEHICLE-030,,LOCATION-021,,fictional.naresh.sen93@synthetic-demo.invalid
PERSON-095,Satish Sen,Satish,Sen,Male,1985-12-05,41,Tailor,Primary School,"Fictional H.No. 569, Market Area",Fictional Sector 21,Thane,Thane,Maharashtra,395243,PHONE-050,,BANK-009,,VEHICLE-032,,LOCATION-033,,fictional.satish.sen94@synthetic-demo.invalid
PERSON-096,Arvind Pillai,Arvind,Pillai,Male,2005-06-01,21,Hotel Staff,High School,"Fictional H.No. 172, Nehru Road",Fictional Ring Road Mohalla,Patna,Patna,Bihar,131914,PHONE-018,PHONE-050,BANK-036,,VEHICLE-044,,LOCATION-032,,fictional.arvind.pillai95@synthetic-demo.invalid
PERSON-097,Ramesh Desai,Ramesh,Desai,Male,1990-03-25,36,Plumber,Post Graduate,"Fictional H.No. 775, Gandhi Colony",Fictional Sector 12,Surat,Surat,Gujarat,659323,PHONE-073,,BANK-050,,VEHICLE-037,VEHICLE-050,LOCATION-030,ORG-012,fictional.ramesh.desai96@synthetic-demo.invalid
PERSON-098,Geeta Prasad,Geeta,Prasad,Female,1993-05-28,33,Business Owner,Post Graduate,"Fictional H.No. 728, Bypass Colony",Fictional Sector 7,Nagpur,Nagpur,Maharashtra,269730,PHONE-058,PHONE-012,BANK-029,,VEHICLE-016,,LOCATION-003,,fictional.geeta.prasad97@synthetic-demo.invalid
PERSON-099,Nitin Joshi,Nitin,Joshi,Male,1972-06-18,54,Grocery Merchant,Post Graduate,"Fictional H.No. 98, Station Road",Fictional Sector 7,Kolkata,North 24 Parganas,West Bengal,160383,PHONE-077,,BANK-021,,VEHICLE-037,,LOCATION-018,,fictional.nitin.joshi98@synthetic-demo.invalid
PERSON-100,Girish Patel,Girish,Patel,Male,1999-12-11,27,Farmer,High School,"Fictional H.No. 528, Transport Nagar",Fictional Lake View,Delhi,Central Delhi,Delhi,565599,PHONE-051,,BANK-037,,VEHICLE-025,,LOCATION-016,,fictional.girish.patel99@synthetic-demo.invalid
PERSON-101,Chandra Sharma,Chandra,Sharma,Female,1962-02-24,64,Security Guard,Middle School,"Fictional H.No. 561, Ring Road Mohalla",Fictional Station Road,Nagpur,Nagpur,Maharashtra,679972,PHONE-046,,BANK-051,,VEHICLE-028,,LOCATION-030,ORG-011,fictional.chandra.sharma100@synthetic-demo.invalid
PERSON-102,Jyoti Singh,Jyoti,Singh,Female,2002-11-26,24,Contractor,Graduate,"Fictional H.No. 310, Market Area",Fictional Transport Nagar,Kolkata,North 24 Parganas,West Bengal,195770,PHONE-003,PHONE-021,BANK-029,,,,LOCATION-030,,fictional.jyoti.singh101@synthetic-demo.invalid
PERSON-103,Radha Das,Radha,Das,Female,1966-11-06,60,Farmer,Primary School,"Fictional H.No. 608, New Colony",Fictional Sector 35,Bengaluru,Bengaluru Urban,Karnataka,796555,PHONE-051,,BANK-047,,VEHICLE-042,VEHICLE-007,LOCATION-004,ORG-016,fictional.radha.das102@synthetic-demo.invalid
PERSON-104,Arjun Arora,Arjun,Arora,Male,1981-12-05,45,Contractor,Graduate,"Fictional H.No. 694, Station Road",Fictional Nehru Road,Mumbai,Mumbai City,Maharashtra,643676,PHONE-010,PHONE-012,BANK-047,,VEHICLE-024,,LOCATION-031,ORG-025,fictional.arjun.arora103@synthetic-demo.invalid
PERSON-105,Prashant Prasad,Prashant,Prasad,Male,1980-06-24,46,Daily Wage Worker,Graduate,"Fictional H.No. 394, Lake View",Fictional Sector 7,Thane,Thane,Maharashtra,422910,PHONE-020,,BANK-040,,,VEHICLE-007,LOCATION-014,ORG-004,fictional.prashant.prasad104@synthetic-demo.invalid
PERSON-106,Vivek Tiwari,Vivek,Tiwari,Male,2003-04-18,23,Electrician,Primary School,"Fictional H.No. 766, Green Park",Fictional Industrial Area,Lucknow,Lucknow,Uttar Pradesh,761155,PHONE-077,,BANK-019,,VEHICLE-043,,LOCATION-039,ORG-020,fictional.vivek.tiwari105@synthetic-demo.invalid
PERSON-107,Prakash Chaudhary,Prakash,Chaudhary,Male,1993-08-21,33,Grocery Merchant,Primary School,"Fictional H.No. 782, Sector 21",Fictional Nehru Road,Mumbai,Mumbai City,Maharashtra,117701,PHONE-010,,BANK-001,,,VEHICLE-037,LOCATION-039,ORG-018,fictional.prakash.chaudhary106@synthetic-demo.invalid
PERSON-108,Arjun Pandey,Arjun,Pandey,Male,2006-01-26,20,Hawker,Illiterate,"Fictional H.No. 318, Nehru Road",Fictional Sector 35,Pune,Pune,Maharashtra,308927,PHONE-065,PHONE-065,BANK-050,,,VEHICLE-035,LOCATION-026,ORG-005,fictional.arjun.pandey107@synthetic-demo.invalid
PERSON-109,Tarun Malhotra,Tarun,Malhotra,Male,1971-11-25,55,Unemployed,Illiterate,"Fictional H.No. 317, Market Area",Fictional Patel Chowk,Bengaluru,Bengaluru Rural,Karnataka,112824,PHONE-040,,BANK-047,,VEHICLE-016,VEHICLE-028,LOCATION-005,ORG-020,fictional.tarun.malhotra108@synthetic-demo.invalid
PERSON-110,Girish Sharma,Girish,Sharma,Male,1977-06-17,49,Hawker,Intermediate (12th),"Fictional H.No. 66, Transport Nagar",Fictional Ring Road Mohalla,Thane,Thane,Maharashtra,742178,PHONE-034,PHONE-017,BANK-048,,VEHICLE-008,,LOCATION-034,ORG-014,fictional.girish.sharma109@synthetic-demo.invalid
PERSON-111,Tara Mukherjee,Tara,Mukherjee,Female,2005-08-28,21,Electrician,Illiterate,"Fictional H.No. 46, Shastri Nagar",Fictional New Colony,Bengaluru,Bengaluru Urban,Karnataka,147583,PHONE-022,,BANK-017,,,,LOCATION-037,ORG-024,fictional.tara.mukherjee110@synthetic-demo.invalid
PERSON-112,Mala Shah,Mala,Shah,Female,2006-09-26,20,Shopkeeper,Primary School,"Fictional H.No. 229, Sector 35",Fictional Gandhi Colony,Thane,Thane,Maharashtra,510170,PHONE-029,PHONE-054,BANK-059,,VEHICLE-005,,LOCATION-027,ORG-022,fictional.mala.shah111@synthetic-demo.invalid
PERSON-113,Savita Chauhan,Savita,Chauhan,Female,2003-09-15,23,Student,Graduate,"Fictional H.No. 923, MG Road",Fictional New Colony,Delhi,East Delhi,Delhi,254106,PHONE-048,PHONE-073,BANK-051,,VEHICLE-030,,LOCATION-001,,fictional.savita.chauhan112@synthetic-demo.invalid
PERSON-114,Sunita Desai,Sunita,Desai,Female,1986-11-27,40,Shopkeeper,Primary School,"Fictional H.No. 729, Transport Nagar",Fictional Nehru Road,Surat,Surat,Gujarat,144337,PHONE-043,PHONE-049,BANK-055,,VEHICLE-014,,LOCATION-001,ORG-016,fictional.sunita.desai113@synthetic-demo.invalid
PERSON-115,Lalita Naidu,Lalita,Naidu,Female,2003-10-04,23,Clerk,Post Graduate,"Fictional H.No. 403, Civil Lines",Fictional Civil Lines,Raipur,Raipur,Chhattisgarh,563378,PHONE-018,,BANK-026,BANK-037,VEHICLE-043,,LOCATION-033,ORG-009,fictional.lalita.naidu114@synthetic-demo.invalid
PERSON-116,Rajesh Iyer,Rajesh,Iyer,Male,1959-10-04,67,Mechanic,Illiterate,"Fictional H.No. 162, Industrial Area",Fictional Bypass Colony,Mumbai,Mumbai Suburban,Maharashtra,141320,PHONE-014,PHONE-060,BANK-021,,VEHICLE-050,,LOCATION-010,ORG-009,fictional.rajesh.iyer115@synthetic-demo.invalid
PERSON-117,Usha Das,Usha,Das,Female,1993-06-13,33,Plumber,Primary School,"Fictional H.No. 97, Sector 12",Fictional Patel Chowk,Bhopal,Bhopal,Madhya Pradesh,923912,PHONE-007,,BANK-017,,VEHICLE-026,,LOCATION-033,,fictional.usha.das116@synthetic-demo.invalid
PERSON-118,Deepak Sharma,Deepak,Sharma,Male,1959-04-05,67,Driver,Illiterate,"Fictional H.No. 203, Sector 12",Fictional Station Road,Kolkata,North 24 Parganas,West Bengal,194967,PHONE-052,,BANK-041,,VEHICLE-038,,LOCATION-013,,fictional.deepak.sharma117@synthetic-demo.invalid
PERSON-119,Sita Gupta,Sita,Gupta,Female,2005-03-19,21,Contractor,Illiterate,"Fictional H.No. 629, Bypass Colony",Fictional Bypass Colony,Hyderabad,Hyderabad,Telangana,351762,PHONE-051,,BANK-025,,VEHICLE-014,,LOCATION-028,ORG-015,fictional.sita.gupta118@synthetic-demo.invalid
PERSON-120,Vinita Sinha,Vinita,Sinha,Female,1978-01-03,48,Real Estate Agent,Post Graduate,"Fictional H.No. 731, Lake View",Fictional Sector 21,Surat,Surat,Gujarat,657900,PHONE-050,PHONE-026,BANK-042,,VEHICLE-041,,LOCATION-018,ORG-001,fictional.vinita.sinha119@synthetic-demo.invalid
PERSON-121,Kamla Jain,Kamla,Jain,Female,1988-07-09,38,Daily Wage Worker,Primary School,"Fictional H.No. 998, Market Area",Fictional Patel Chowk,Ahmedabad,Ahmedabad,Gujarat,353772,PHONE-004,PHONE-029,BANK-002,,,VEHICLE-031,LOCATION-012,ORG-025,fictional.kamla.jain120@synthetic-demo.invalid
PERSON-122,Ramesh Ghosh,Ramesh,Ghosh,Male,2005-04-19,21,Driver,Graduate,"Fictional H.No. 718, Lake View",Fictional Ring Road Mohalla,Raipur,Raipur,Chhattisgarh,677245,PHONE-046,,BANK-055,BANK-016,VEHICLE-048,,LOCATION-025,,fictional.ramesh.ghosh121@synthetic-demo.invalid
PERSON-123,Prakash Ghosh,Prakash,Ghosh,Male,1997-08-02,29,Trader,Post Graduate,"Fictional H.No. 865, Civil Lines",Fictional Gandhi Colony,Delhi,South Delhi,Delhi,122251,PHONE-008,PHONE-029,BANK-002,,VEHICLE-040,,LOCATION-006,ORG-023,fictional.prakash.ghosh122@synthetic-demo.invalid
PERSON-124,Kiran Sen,Kiran,Sen,Male,1985-02-12,41,Auto-Rickshaw Driver,Graduate,"Fictional H.No. 325, Market Area",Fictional MG Road,Ahmedabad,Ahmedabad,Gujarat,810728,PHONE-076,PHONE-039,BANK-021,BANK-011,,,LOCATION-026,,fictional.kiran.sen123@synthetic-demo.invalid
PERSON-125,Asha Saxena,Asha,Saxena,Female,1984-05-24,42,Clerk,Post Graduate,"Fictional H.No. 991, Bypass Colony",Fictional New Colony,Thane,Thane,Maharashtra,754679,PHONE-017,PHONE-001,BANK-045,,VEHICLE-050,,LOCATION-019,ORG-020,fictional.asha.saxena124@synthetic-demo.invalid
PERSON-126,Prakash Shah,Prakash,Shah,Male,1961-02-08,65,Farmer,Middle School,"Fictional H.No. 263, Patel Chowk",Fictional Shastri Nagar,Delhi,East Delhi,Delhi,149495,PHONE-041,PHONE-012,BANK-053,,VEHICLE-022,,LOCATION-023,ORG-008,fictional.prakash.shah125@synthetic-demo.invalid
PERSON-127,Padma Reddy,Padma,Reddy,Female,1977-07-12,49,Security Guard,Illiterate,"Fictional H.No. 327, Transport Nagar",Fictional Patel Chowk,Chennai,Chennai,Tamil Nadu,175450,PHONE-049,PHONE-062,BANK-051,,VEHICLE-044,,LOCATION-035,ORG-002,fictional.padma.reddy126@synthetic-demo.invalid
PERSON-128,Harish Reddy,Harish,Reddy,Male,2004-09-03,22,Trader,Illiterate,"Fictional H.No. 104, Civil Lines",Fictional Old City Quarter,Raipur,Raipur,Chhattisgarh,294519,PHONE-077,,BANK-058,,VEHICLE-042,,LOCATION-022,,fictional.harish.reddy127@synthetic-demo.invalid
PERSON-129,Seema Bose,Seema,Bose,Female,1983-10-18,43,Trader,Graduate,"Fictional H.No. 299, Nehru Road",Fictional Sector 21,Kolkata,North 24 Parganas,West Bengal,964218,PHONE-020,PHONE-001,BANK-028,BANK-053,VEHICLE-039,,LOCATION-032,ORG-007,fictional.seema.bose128@synthetic-demo.invalid
PERSON-130,Nalini Chatterjee,Nalini,Chatterjee,Female,1966-05-03,60,Daily Wage Worker,Illiterate,"Fictional H.No. 155, Patel Chowk",Fictional Nehru Road,Hyderabad,Rangareddy,Telangana,784452,PHONE-050,PHONE-049,BANK-024,BANK-003,VEHICLE-030,,LOCATION-035,,fictional.nalini.chatterjee129@synthetic-demo.invalid
PERSON-131,Chandra Desai,Chandra,Desai,Female,2005-07-27,21,Shopkeeper,Intermediate (12th),"Fictional H.No. 585, Sector 35",Fictional Ring Road Mohalla,Surat,Surat,Gujarat,793735,PHONE-054,,BANK-044,,VEHICLE-016,,LOCATION-034,ORG-023,fictional.chandra.desai130@synthetic-demo.invalid
PERSON-132,Deepak Pillai,Deepak,Pillai,Male,1998-04-26,28,Hawker,Middle School,"Fictional H.No. 933, Nehru Road",Fictional Nehru Road,Thane,Thane,Maharashtra,497669,PHONE-017,PHONE-011,BANK-044,,,,LOCATION-013,,fictional.deepak.pillai131@synthetic-demo.invalid
PERSON-133,Arti Malhotra,Arti,Malhotra,Female,1975-08-28,51,Mechanic,Illiterate,"Fictional H.No. 577, Patel Chowk",Fictional Industrial Area,Delhi,North Delhi,Delhi,988648,PHONE-080,,BANK-051,,VEHICLE-010,,LOCATION-001,,fictional.arti.malhotra132@synthetic-demo.invalid
PERSON-134,Padma Pandey,Padma,Pandey,Female,1967-08-19,59,Shopkeeper,Graduate,"Fictional H.No. 487, Transport Nagar",Fictional Lake View,Bengaluru,Bengaluru Rural,Karnataka,120445,PHONE-061,PHONE-036,BANK-026,BANK-039,VEHICLE-026,VEHICLE-022,LOCATION-039,,fictional.padma.pandey133@synthetic-demo.invalid
PERSON-135,Tanuja Tiwari,Tanuja,Tiwari,Female,1964-11-04,62,Student,Post Graduate,"Fictional H.No. 417, Sector 21",Fictional Sector 35,Hyderabad,Rangareddy,Telangana,988482,PHONE-018,PHONE-057,BANK-050,,VEHICLE-027,,LOCATION-015,ORG-015,fictional.tanuja.tiwari134@synthetic-demo.invalid
PERSON-136,Rakesh Reddy,Rakesh,Reddy,Male,1989-12-17,37,Labourer,Illiterate,"Fictional H.No. 468, Gandhi Colony",Fictional Lake View,Howrah,Howrah,West Bengal,821303,PHONE-018,,BANK-034,,VEHICLE-013,,LOCATION-026,ORG-002,fictional.rakesh.reddy135@synthetic-demo.invalid
PERSON-137,Vimla Dubey,Vimla,Dubey,Female,2001-11-01,25,Farmer,Middle School,"Fictional H.No. 29, Green Park",Fictional Gandhi Colony,Lucknow,Lucknow,Uttar Pradesh,266974,PHONE-048,,BANK-029,BANK-056,VEHICLE-036,,LOCATION-016,ORG-009,fictional.vimla.dubey136@synthetic-demo.invalid
PERSON-138,Pradeep Prasad,Pradeep,Prasad,Male,1965-04-09,61,Security Guard,Graduate,"Fictional H.No. 991, Transport Nagar",Fictional Sector 7,Delhi,Central Delhi,Delhi,485972,PHONE-066,PHONE-002,BANK-031,,VEHICLE-039,,LOCATION-027,ORG-020,fictional.pradeep.prasad137@synthetic-demo.invalid
PERSON-139,Tara Pandey,Tara,Pandey,Female,1979-05-22,47,Unemployed,Intermediate (12th),"Fictional H.No. 290, Industrial Area",Fictional Patel Chowk,Pune,Pune,Maharashtra,593165,PHONE-080,,BANK-007,BANK-043,,,LOCATION-034,,fictional.tara.pandey138@synthetic-demo.invalid
PERSON-140,Mamta Lal,Mamta,Lal,Female,1991-05-21,35,Grocery Merchant,Primary School,"Fictional H.No. 739, Shastri Nagar",Fictional Sector 21,Delhi,East Delhi,Delhi,402365,PHONE-025,PHONE-031,BANK-058,BANK-055,,,LOCATION-020,,fictional.mamta.lal139@synthetic-demo.invalid
PERSON-141,Nalini Chaudhary,Nalini,Chaudhary,Female,2006-10-23,20,Electrician,Middle School,"Fictional H.No. 866, Market Area",Fictional MG Road,Raipur,Raipur,Chhattisgarh,285400,PHONE-025,PHONE-029,BANK-044,,,,LOCATION-037,,fictional.nalini.chaudhary140@synthetic-demo.invalid
PERSON-142,Omkar Patel,Omkar,Patel,Male,1992-12-26,34,Courier,Post Graduate,"Fictional H.No. 909, Civil Lines",Fictional Lake View,Raipur,Raipur,Chhattisgarh,366699,PHONE-024,,BANK-058,,VEHICLE-023,,LOCATION-036,,fictional.omkar.patel141@synthetic-demo.invalid
PERSON-143,Tara Sen,Tara,Sen,Female,2005-11-19,21,Contractor,Primary School,"Fictional H.No. 206, Civil Lines",Fictional Sector 7,Hyderabad,Rangareddy,Telangana,683568,PHONE-080,PHONE-025,BANK-033,BANK-044,VEHICLE-020,,LOCATION-038,,fictional.tara.sen142@synthetic-demo.invalid
PERSON-144,Arvind Nair,Arvind,Nair,Male,2003-08-11,23,Auto-Rickshaw Driver,Post Graduate,"Fictional H.No. 782, Nehru Road",Fictional Station Road,Nagpur,Nagpur,Maharashtra,729544,PHONE-041,,BANK-001,,VEHICLE-050,,LOCATION-012,,fictional.arvind.nair143@synthetic-demo.invalid
PERSON-145,Nalini Rao,Nalini,Rao,Female,1984-01-02,42,Tailor,Graduate,"Fictional H.No. 255, New Colony",Fictional Lake View,Hyderabad,Rangareddy,Telangana,419232,PHONE-026,,BANK-001,,,,LOCATION-035,ORG-001,fictional.nalini.rao144@synthetic-demo.invalid
PERSON-146,Harish Mukherjee,Harish,Mukherjee,Male,1989-03-03,37,Contractor,Middle School,"Fictional H.No. 924, Sector 21",Fictional Lake View,Jaipur,Jaipur,Rajasthan,868292,PHONE-039,,BANK-030,,VEHICLE-022,,LOCATION-003,,fictional.harish.mukherjee145@synthetic-demo.invalid
PERSON-147,Jitendra Verma,Jitendra,Verma,Male,1994-12-05,32,Plumber,Intermediate (12th),"Fictional H.No. 50, Bypass Colony",Fictional Gandhi Colony,Delhi,Central Delhi,Delhi,777210,PHONE-003,,BANK-011,BANK-046,VEHICLE-003,,LOCATION-014,,fictional.jitendra.verma146@synthetic-demo.invalid
PERSON-148,Amit Sen,Amit,Sen,Male,1980-07-04,46,Hawker,Intermediate (12th),"Fictional H.No. 621, Station Road",Fictional Sector 7,Chennai,Chennai,Tamil Nadu,950207,PHONE-033,,BANK-010,BANK-044,VEHICLE-020,,LOCATION-036,ORG-017,fictional.amit.sen147@synthetic-demo.invalid
PERSON-149,Mukesh Sen,Mukesh,Sen,Male,1977-04-20,49,Auto-Rickshaw Driver,Middle School,"Fictional H.No. 241, Shastri Nagar",Fictional Shastri Nagar,Mumbai,Mumbai City,Maharashtra,787191,PHONE-034,,BANK-013,,VEHICLE-011,VEHICLE-032,LOCATION-013,,fictional.mukesh.sen148@synthetic-demo.invalid
PERSON-150,Varun Banerjee,Varun,Banerjee,Male,2003-09-03,23,Security Guard,Middle School,"Fictional H.No. 821, Civil Lines",Fictional Sector 7,Mumbai,Mumbai Suburban,Maharashtra,856218,PHONE-033,,BANK-030,,VEHICLE-030,VEHICLE-012,LOCATION-007,,fictional.varun.banerjee149@synthetic-demo.invalid
PERSON-151,Anand Gupta,Anand,Gupta,Male,2000-11-21,26,Real Estate Agent,High School,"Fictional H.No. 279, Green Park",Fictional Sector 21,Kolkata,Kolkata,West Bengal,919531,PHONE-043,,BANK-029,,VEHICLE-047,VEHICLE-022,LOCATION-011,ORG-013,fictional.anand.gupta150@synthetic-demo.invalid
PERSON-152,Deepak Patel,Deepak,Patel,Male,1962-01-28,64,Unemployed,Illiterate,"Fictional H.No. 884, Station Road",Fictional Sector 21,Bhopal,Bhopal,Madhya Pradesh,599215,PHONE-014,,BANK-038,,VEHICLE-029,,LOCATION-011,ORG-012,fictional.deepak.patel151@synthetic-demo.invalid
PERSON-153,Sudha Gupta,Sudha,Gupta,Female,1992-11-11,34,Unemployed,Illiterate,"Fictional H.No. 444, New Colony",Fictional Sector 21,Howrah,Howrah,West Bengal,454779,PHONE-068,,BANK-037,,VEHICLE-043,,LOCATION-001,ORG-023,fictional.sudha.gupta152@synthetic-demo.invalid
PERSON-154,Usha Agarwal,Usha,Agarwal,Female,2005-01-21,21,Shopkeeper,Intermediate (12th),"Fictional H.No. 229, MG Road",Fictional Green Park,Patna,Patna,Bihar,512936,PHONE-065,,BANK-055,,VEHICLE-049,,LOCATION-011,ORG-009,fictional.usha.agarwal153@synthetic-demo.invalid
PERSON-155,Suresh Naidu,Suresh,Naidu,Male,1957-10-15,69,Plumber,Illiterate,"Fictional H.No. 846, Nehru Road",Fictional Bypass Colony,Hyderabad,Hyderabad,Telangana,733752,PHONE-064,,BANK-008,,,VEHICLE-026,LOCATION-006,ORG-018,fictional.suresh.naidu154@synthetic-demo.invalid
PERSON-156,Vimla Agarwal,Vimla,Agarwal,Female,1967-11-15,59,Business Owner,Graduate,"Fictional H.No. 464, Patel Chowk",Fictional Patel Chowk,Pune,Pune,Maharashtra,877774,PHONE-047,,BANK-053,BANK-030,VEHICLE-050,,LOCATION-022,ORG-022,fictional.vimla.agarwal155@synthetic-demo.invalid
PERSON-157,Bharat Lal,Bharat,Lal,Male,1973-09-12,53,Student,Illiterate,"Fictional H.No. 953, Green Park",Fictional Old City Quarter,Delhi,South Delhi,Delhi,568944,PHONE-006,,BANK-032,BANK-046,,,LOCATION-007,ORG-007,fictional.bharat.lal156@synthetic-demo.invalid
PERSON-158,Firoz Arora,Firoz,Arora,Male,1960-07-02,66,Shopkeeper,Intermediate (12th),"Fictional H.No. 958, Sector 7",Fictional Ring Road Mohalla,Mumbai,Mumbai City,Maharashtra,594620,PHONE-016,,BANK-029,,VEHICLE-033,VEHICLE-032,LOCATION-038,ORG-024,fictional.firoz.arora157@synthetic-demo.invalid
PERSON-159,Girish Saxena,Girish,Saxena,Male,1962-03-04,64,Hawker,High School,"Fictional H.No. 987, Civil Lines",Fictional Industrial Area,Thane,Thane,Maharashtra,563924,PHONE-077,,BANK-021,,VEHICLE-039,,LOCATION-025,,fictional.girish.saxena158@synthetic-demo.invalid
PERSON-160,Manoj Sinha,Manoj,Sinha,Male,1964-12-17,62,Security Guard,Graduate,"Fictional H.No. 354, Station Road",Fictional Market Area,Patna,Patna,Bihar,615655,PHONE-071,,BANK-046,,VEHICLE-014,,LOCATION-020,,fictional.manoj.sinha159@synthetic-demo.invalid
PERSON-161,Sita Khanna,Sita,Khanna,Female,1978-10-19,48,Trader,Middle School,"Fictional H.No. 700, Transport Nagar",Fictional Station Road,Surat,Surat,Gujarat,959163,PHONE-069,PHONE-055,BANK-052,BANK-007,VEHICLE-010,VEHICLE-004,LOCATION-027,ORG-025,fictional.sita.khanna160@synthetic-demo.invalid
PERSON-162,Shobha Ghosh,Shobha,Ghosh,Female,1986-08-04,40,Security Guard,Graduate,"Fictional H.No. 681, Gandhi Colony",Fictional Green Park,Kolkata,North 24 Parganas,West Bengal,496526,PHONE-072,,BANK-048,,VEHICLE-033,,LOCATION-040,,fictional.shobha.ghosh161@synthetic-demo.invalid
PERSON-163,Arti Singh,Arti,Singh,Female,1961-05-07,65,Unemployed,Primary School,"Fictional H.No. 795, Old City Quarter",Fictional Industrial Area,Kolkata,Kolkata,West Bengal,559281,PHONE-057,,BANK-059,,,,LOCATION-040,,fictional.arti.singh162@synthetic-demo.invalid
PERSON-164,Sanjay Nair,Sanjay,Nair,Male,1976-02-13,50,Shopkeeper,Primary School,"Fictional H.No. 951, Civil Lines",Fictional Bypass Colony,Raipur,Raipur,Chhattisgarh,152892,PHONE-055,PHONE-034,BANK-009,BANK-055,VEHICLE-022,,LOCATION-003,,fictional.sanjay.nair163@synthetic-demo.invalid
PERSON-165,Vinita Jain,Vinita,Jain,Female,1986-02-26,40,Student,Graduate,"Fictional H.No. 340, Civil Lines",Fictional Lake View,Surat,Surat,Gujarat,400323,PHONE-068,PHONE-024,BANK-034,BANK-033,VEHICLE-035,,LOCATION-021,ORG-008,fictional.vinita.jain164@synthetic-demo.invalid
PERSON-166,Arti Prasad,Arti,Prasad,Female,2001-11-12,25,Real Estate Agent,Middle School,"Fictional H.No. 554, Industrial Area",Fictional Shastri Nagar,Kolkata,Kolkata,West Bengal,629941,PHONE-031,,BANK-040,,VEHICLE-003,,LOCATION-029,ORG-004,fictional.arti.prasad165@synthetic-demo.invalid
PERSON-167,Vimla Mukherjee,Vimla,Mukherjee,Female,1977-01-10,49,Student,Post Graduate,"Fictional H.No. 702, Sector 7",Fictional Patel Chowk,Hyderabad,Hyderabad,Telangana,310650,PHONE-042,,BANK-007,BANK-050,VEHICLE-001,,LOCATION-013,ORG-021,fictional.vimla.mukherjee166@synthetic-demo.invalid
PERSON-168,Kavita Shah,Kavita,Shah,Female,1979-12-11,47,Tailor,High School,"Fictional H.No. 444, Civil Lines",Fictional Shastri Nagar,Kolkata,Kolkata,West Bengal,498789,PHONE-012,PHONE-023,BANK-051,,VEHICLE-015,,LOCATION-003,ORG-015,fictional.kavita.shah167@synthetic-demo.invalid
PERSON-169,Tarun Sharma,Tarun,Sharma,Male,1962-10-03,64,Security Guard,Post Graduate,"Fictional H.No. 949, Sector 12",Fictional Green Park,Lucknow,Lucknow,Uttar Pradesh,504941,PHONE-006,,BANK-005,,VEHICLE-019,,LOCATION-038,ORG-003,fictional.tarun.sharma168@synthetic-demo.invalid
PERSON-170,Omkar Reddy,Omkar,Reddy,Male,1994-03-24,32,Business Owner,Illiterate,"Fictional H.No. 567, MG Road",Fictional Station Road,Surat,Surat,Gujarat,226142,PHONE-070,PHONE-019,BANK-020,,,,LOCATION-026,,fictional.omkar.reddy169@synthetic-demo.invalid
PERSON-171,Varun Kapoor,Varun,Kapoor,Male,1974-09-03,52,Labourer,Intermediate (12th),"Fictional H.No. 855, Transport Nagar",Fictional Old City Quarter,Bengaluru,Bengaluru Rural,Karnataka,217285,PHONE-027,,BANK-058,,VEHICLE-042,,LOCATION-020,ORG-006,fictional.varun.kapoor170@synthetic-demo.invalid
PERSON-172,Anand Agarwal,Anand,Agarwal,Male,1967-09-03,59,Labourer,Illiterate,"Fictional H.No. 292, Bypass Colony",Fictional Nehru Road,Hyderabad,Hyderabad,Telangana,298425,PHONE-009,PHONE-026,BANK-047,,,,LOCATION-019,,fictional.anand.agarwal171@synthetic-demo.invalid
PERSON-173,Sudha Arora,Sudha,Arora,Female,1966-05-23,60,Tailor,High School,"Fictional H.No. 284, Lake View",Fictional Station Road,Patna,Patna,Bihar,795850,PHONE-020,,BANK-024,,,,LOCATION-038,ORG-008,fictional.sudha.arora172@synthetic-demo.invalid
PERSON-174,Uma Naidu,Uma,Naidu,Female,1986-05-16,40,Tailor,Illiterate,"Fictional H.No. 745, Nehru Road",Fictional Shastri Nagar,Hyderabad,Hyderabad,Telangana,969619,PHONE-014,PHONE-078,BANK-006,,,VEHICLE-035,LOCATION-036,ORG-024,fictional.uma.naidu173@synthetic-demo.invalid
PERSON-175,Yogesh Saxena,Yogesh,Saxena,Male,1959-10-07,67,Security Guard,Primary School,"Fictional H.No. 476, Sector 35",Fictional Sector 35,Bengaluru,Bengaluru Rural,Karnataka,192506,PHONE-071,PHONE-070,BANK-031,,VEHICLE-026,,LOCATION-003,,fictional.yogesh.saxena174@synthetic-demo.invalid
PERSON-176,Vimla Sharma,Vimla,Sharma,Female,1993-10-22,33,Shopkeeper,Primary School,"Fictional H.No. 780, Sector 21",Fictional New Colony,Kanpur,Kanpur Nagar,Uttar Pradesh,164370,PHONE-066,PHONE-021,BANK-012,,VEHICLE-010,,LOCATION-011,ORG-012,fictional.vimla.sharma175@synthetic-demo.invalid
PERSON-177,Asha Gupta,Asha,Gupta,Female,1995-09-26,31,Electrician,Graduate,"Fictional H.No. 850, Transport Nagar",Fictional Transport Nagar,Kanpur,Kanpur Nagar,Uttar Pradesh,692657,PHONE-050,,BANK-030,,VEHICLE-042,,LOCATION-024,,fictional.asha.gupta176@synthetic-demo.invalid
PERSON-178,Harish Prasad,Harish,Prasad,Male,1985-10-21,41,Unemployed,Illiterate,"Fictional H.No. 514, Station Road",Fictional Sector 12,Bengaluru,Bengaluru Rural,Karnataka,269335,PHONE-067,PHONE-029,BANK-034,,,,LOCATION-005,,fictional.harish.prasad177@synthetic-demo.invalid
PERSON-179,Rakesh Prasad,Rakesh,Prasad,Male,1995-03-06,31,Auto-Rickshaw Driver,Primary School,"Fictional H.No. 605, Market Area",Fictional Sector 7,Delhi,North Delhi,Delhi,122349,PHONE-047,,BANK-053,BANK-015,VEHICLE-022,,LOCATION-011,ORG-016,fictional.rakesh.prasad178@synthetic-demo.invalid
PERSON-180,Manoj Jain,Manoj,Jain,Male,1998-03-21,28,Tailor,Illiterate,"Fictional H.No. 900, Industrial Area",Fictional Nehru Road,Jaipur,Jaipur,Rajasthan,321559,PHONE-006,,BANK-010,BANK-017,,,LOCATION-033,ORG-019,fictional.manoj.jain179@synthetic-demo.invalid
PERSON-181,Uma Reddy,Uma,Reddy,Female,1982-10-05,44,Farmer,Primary School,"Fictional H.No. 388, Green Park",Fictional Station Road,Delhi,Central Delhi,Delhi,211116,PHONE-024,,BANK-033,,,,LOCATION-038,ORG-019,fictional.uma.reddy180@synthetic-demo.invalid
PERSON-182,Sachin Mukherjee,Sachin,Mukherjee,Male,1982-03-20,44,Farmer,High School,"Fictional H.No. 676, Station Road",Fictional Bypass Colony,Kanpur,Kanpur Nagar,Uttar Pradesh,652947,PHONE-023,,BANK-040,,,,LOCATION-007,,fictional.sachin.mukherjee181@synthetic-demo.invalid
PERSON-183,Kiran Prasad,Kiran,Prasad,Male,1975-07-12,51,Daily Wage Worker,Illiterate,"Fictional H.No. 436, Station Road",Fictional Transport Nagar,Chennai,Chennai,Tamil Nadu,588884,PHONE-068,,BANK-052,,,,LOCATION-003,,fictional.kiran.prasad182@synthetic-demo.invalid
PERSON-184,Suresh Yadav,Suresh,Yadav,Male,1974-07-09,52,Courier,Middle School,"Fictional H.No. 110, Station Road",Fictional Sector 7,Patna,Patna,Bihar,767699,PHONE-001,,BANK-051,BANK-034,VEHICLE-001,,LOCATION-013,ORG-011,fictional.suresh.yadav183@synthetic-demo.invalid
PERSON-185,Radha Ghosh,Radha,Ghosh,Female,1972-06-20,54,Hawker,Middle School,"Fictional H.No. 592, Lake View",Fictional Green Park,Chennai,Chennai,Tamil Nadu,853241,PHONE-051,,BANK-027,,VEHICLE-012,,LOCATION-018,,fictional.radha.ghosh184@synthetic-demo.invalid
PERSON-186,Balram Desai,Balram,Desai,Male,1958-12-06,68,Tailor,Illiterate,"Fictional H.No. 824, Nehru Road",Fictional Station Road,Hyderabad,Hyderabad,Telangana,582714,PHONE-028,,BANK-051,,VEHICLE-045,,LOCATION-007,ORG-013,fictional.balram.desai185@synthetic-demo.invalid
PERSON-187,Meena Kumar,Meena,Kumar,Female,1994-06-03,32,Shopkeeper,Post Graduate,"Fictional H.No. 840, Market Area",Fictional Sector 21,Delhi,North Delhi,Delhi,549110,PHONE-005,,BANK-060,,VEHICLE-034,,LOCATION-039,,fictional.meena.kumar186@synthetic-demo.invalid
PERSON-188,Lokesh Roy,Lokesh,Roy,Male,1996-01-26,30,Farmer,Middle School,"Fictional H.No. 799, Green Park",Fictional Lake View,Delhi,South Delhi,Delhi,785504,PHONE-066,,BANK-015,,VEHICLE-024,,LOCATION-039,ORG-006,fictional.lokesh.roy187@synthetic-demo.invalid
PERSON-189,Chandra Iyer,Chandra,Iyer,Female,2008-12-23,18,Hawker,Primary School,"Fictional H.No. 621, Old City Quarter",Fictional Sector 12,Ahmedabad,Ahmedabad,Gujarat,513688,PHONE-012,,BANK-047,,,,LOCATION-005,,fictional.chandra.iyer188@synthetic-demo.invalid
PERSON-190,Ganesh Nair,Ganesh,Nair,Male,1976-02-18,50,Hotel Staff,High School,"Fictional H.No. 577, Sector 21",Fictional New Colony,Chennai,Chennai,Tamil Nadu,875447,PHONE-065,PHONE-015,BANK-052,,VEHICLE-035,,LOCATION-005,,fictional.ganesh.nair189@synthetic-demo.invalid
PERSON-191,Tara Saxena,Tara,Saxena,Female,1978-02-09,48,Driver,Graduate,"Fictional H.No. 853, Transport Nagar",Fictional New Colony,Kolkata,Kolkata,West Bengal,394195,PHONE-049,,BANK-015,,VEHICLE-021,,LOCATION-005,ORG-018,fictional.tara.saxena190@synthetic-demo.invalid
PERSON-192,Jyoti Kumar,Jyoti,Kumar,Female,1997-08-11,29,Labourer,Post Graduate,"Fictional H.No. 272, Old City Quarter",Fictional New Colony,Surat,Surat,Gujarat,307954,PHONE-028,,BANK-018,BANK-048,VEHICLE-013,,LOCATION-023,ORG-024,fictional.jyoti.kumar191@synthetic-demo.invalid
PERSON-193,Prashant Khanna,Prashant,Khanna,Male,1959-02-04,67,Auto-Rickshaw Driver,Intermediate (12th),"Fictional H.No. 890, Transport Nagar",Fictional Sector 21,Mumbai,Mumbai Suburban,Maharashtra,287882,PHONE-064,,BANK-049,,,,LOCATION-006,ORG-011,fictional.prashant.khanna192@synthetic-demo.invalid
PERSON-194,Nalini Desai,Nalini,Desai,Female,1972-03-02,54,Electrician,High School,"Fictional H.No. 324, Shastri Nagar",Fictional Shastri Nagar,Nagpur,Nagpur,Maharashtra,790315,PHONE-055,,BANK-035,BANK-023,VEHICLE-044,,LOCATION-034,ORG-004,fictional.nalini.desai193@synthetic-demo.invalid
PERSON-195,Chandra Bose,Chandra,Bose,Female,1985-10-28,41,Student,High School,"Fictional H.No. 718, Lake View",Fictional Lake View,Delhi,East Delhi,Delhi,974510,PHONE-024,,BANK-016,,,,LOCATION-017,ORG-014,fictional.chandra.bose194@synthetic-demo.invalid
PERSON-196,Sudha Nair,Sudha,Nair,Female,2000-10-22,26,Contractor,High School,"Fictional H.No. 826, Shastri Nagar",Fictional Market Area,Jaipur,Jaipur,Rajasthan,531611,PHONE-013,,BANK-052,BANK-028,,,LOCATION-015,,fictional.sudha.nair195@synthetic-demo.invalid
PERSON-197,Devraj Roy,Devraj,Roy,Male,1962-06-26,64,Mechanic,High School,"Fictional H.No. 763, Civil Lines",Fictional Transport Nagar,Surat,Surat,Gujarat,469468,PHONE-039,PHONE-073,BANK-004,,VEHICLE-004,,LOCATION-032,ORG-021,fictional.devraj.roy196@synthetic-demo.invalid
PERSON-198,Kamla Verma,Kamla,Verma,Female,2001-06-28,25,Auto-Rickshaw Driver,Post Graduate,"Fictional H.No. 755, Sector 12",Fictional Nehru Road,Chennai,Chennai,Tamil Nadu,490728,PHONE-026,,BANK-042,,VEHICLE-050,,LOCATION-039,ORG-017,fictional.kamla.verma197@synthetic-demo.invalid
PERSON-199,Tara Lal,Tara,Lal,Female,1998-11-26,28,Tailor,Middle School,"Fictional H.No. 728, Transport Nagar",Fictional Bypass Colony,Mumbai,Mumbai Suburban,Maharashtra,760504,PHONE-054,,BANK-037,,,VEHICLE-022,LOCATION-022,ORG-011,fictional.tara.lal198@synthetic-demo.invalid
PERSON-200,Sudha Mehta,Sudha,Mehta,Female,1971-09-15,55,Real Estate Agent,Illiterate,"Fictional H.No. 98, Nehru Road",Fictional Sector 21,Raipur,Raipur,Chhattisgarh,661155,PHONE-022,PHONE-003,BANK-009,,VEHICLE-048,,LOCATION-027,ORG-006,fictional.sudha.mehta199@synthetic-demo.invalid
