phone_id,phone_number,phone_type
PHONE-001,7454794895,MOBILE
PHONE-002,7652070932,MOBILE
PHONE-003,7399012686,MOBILE
PHONE-004,9621209849,MOBILE
PHONE-005,7678998028,MOBILE
PHONE-006,7876693898,MOBILE
PHONE-007,9718702544,MOBILE
PHONE-008,8360916298,MOBILE
PHONE-009,8967043303,MOBILE
PHONE-010,+91 8304451095,MOBILE
PHONE-010-V1,8304451095,MOBILE
PHONE-010-V2,83044-51095,MOBILE
PHONE-011,7204078666,MOBILE
PHONE-012,9562837684,MOBILE
PHONE-013,8554814084,MOBILE
PHONE-014,8601463916,MOBILE
PHONE-015,9158165865,MOBILE
PHONE-016,9801642483,MOBILE
PHONE-017,9205675387,MOBILE
PHONE-018,7532311310,MOBILE
PHONE-019,9464323393,MOBILE
PHONE-020,+91 7366992705,MOBILE
PHONE-020-V1,7366992705,MOBILE
PHONE-020-V2,73669-92705,MOBILE
PHONE-021,7304235259,MOBILE
PHONE-022,9581695135,MOBILE
PHONE-023,7552991960,MOBILE
PHONE-024,7399085574,MOBILE
PHONE-025,8368227631,MOBILE
PHONE-026,7575808013,MOBILE
PHONE-027,9205128697,MOBILE
PHONE-028,7800235246,MOBILE
PHONE-029,9997677788,MOBILE
PHONE-030,+91 7200140141,MOBILE
PHONE-030-V1,7200140141,MOBILE
PHONE-030-V2,72001-40141,MOBILE
PHONE-031,7278575192,MOBILE
PHONE-032,8621453189,MOBILE
PHONE-033,8329509408,MOBILE
PHONE-034,8162959284,MOBILE
PHONE-035,7506919288,MOBILE
PHONE-036,7519212169,MOBILE
PHONE-037,8941889393,MOBILE
PHONE-038,8406284028,MOBILE
PHONE-039,8847959430,MOBILE
PHONE-040,+91 9941128035,MOBILE
PHONE-040-V1,9941128035,MOBILE
PHONE-040-V2,99411-28035,MOBILE
PHONE-041,9810678904,MOBILE
PHONE-042,9622559454,MOBILE
PHONE-043,7303901283,MOBILE
PHONE-044,8333754555,MOBILE
PHONE-045,7721890096,MOBILE
PHONE-046,9682177668,MOBILE
PHONE-047,7903132646,MOBILE
PHONE-048,8161380746,MOBILE
PHONE-049,7727255918,MOBILE
PHONE-050,+91 8639931481,MOBILE
PHONE-050-V1,8639931481,MOBILE
PHONE-050-V2,86399-31481,MOBILE
PHONE-051,9269042105,MOBILE
PHONE-052,7645276696,MOBILE
PHONE-053,7299528037,MOBILE
PHONE-054,7738914080,MOBILE
PHONE-055,7825003955,MOBILE
PHONE-056,7533550699,MOBILE
PHONE-057,7711684318,MOBILE
PHONE-058,7721609600,MOBILE
PHONE-059,9142672287,MOBILE
PHONE-060,+91 9188029013,MOBILE
PHONE-060-V1,9188029013,MOBILE
PHONE-060-V2,91880-29013,MOBILE
PHONE-061,8805849060,MOBILE
PHONE-062,9706907788,MOBILE
PHONE-063,9439699535,MOBILE
PHONE-064,8319321646,MOBILE
PHONE-065,9869005091,MOBILE
PHONE-066,8356287095,MOBILE
PHONE-067,8524971817,MOBILE
PHONE-068,7821221887,MOBILE
PHONE-069,9422119408,MOBILE
PHONE-070,+91 8439492674,MOBILE
PHONE-070-V1,8439492674,MOBILE
PHONE-070-V2,84394-92674,MOBILE
PHONE-071,7110002396,MOBILE
PHONE-072,8766964667,MOBILE
PHONE-073,9207354053,MOBILE
PHONE-074,7677280546,MOBILE
PHONE-075,7643189555,MOBILE
PHONE-076,8242224154,MOBILE
PHONE-077,8173864104,MOBILE
PHONE-078,7496776692,MOBILE
PHONE-079,8269379374,MOBILE
PHONE-080,+91 8995226828,MOBILE
PHONE-080-V1,8995226828,MOBILE
PHONE-080-V2,89952-26828,MOBILE
