cp_id,case_id,person_id,role
ADV-CP-0001,CASE-0052,PERSON-0655,SUSPECT
ADV-CP-0002,CASE-0052,PERSON-0115,SUSPECT
ADV-CP-0003,CASE-1117,PERSON-0105,SUSPECT
ADV-CP-0004,CASE-1117,PERSON-0693,SUSPECT
ADV-CP-0005,CASE-1035,PERSON-0224,SUSPECT
ADV-CP-0006,CASE-1035,PERSON-0239,SUSPECT
ADV-CP-0007,CASE-0860,PERSON-0719,SUSPECT
ADV-CP-0008,CASE-0860,PERSON-0559,SUSPECT
ADV-CP-0009,CASE-0327,PERSON-0007,SUSPECT
ADV-CP-0010,CASE-0327,PERSON-0778,SUSPECT
ADV-CP-0011,CASE-0690,PERSON-0981,SUSPECT
ADV-CP-0012,CASE-0690,PERSON-0782,SUSPECT
ADV-CP-0013,CASE-0542,PERSON-0353,SUSPECT
ADV-CP-0014,CASE-0542,PERSON-0619,SUSPECT
ADV-CP-0015,CASE-0776,PERSON-0997,SUSPECT
ADV-CP-0016,CASE-0776,PERSON-0945,SUSPECT
ADV-CP-0017,CASE-0094,PERSON-0722,SUSPECT
ADV-CP-0018,CASE-0094,PERSON-0072,SUSPECT
ADV-CP-0019,CASE-0207,PERSON-0876,SUSPECT
ADV-CP-0020,CASE-0207,PERSON-0239,SUSPECT
ADV-CP-0021,CASE-0547,PERSON-0364,SUSPECT
ADV-CP-0022,CASE-0547,PERSON-0215,SUSPECT
ADV-CP-0023,CASE-0351,PERSON-0624,SUSPECT
ADV-CP-0024,CASE-0351,PERSON-0651,SUSPECT
ADV-CP-0025,CASE-1141,PERSON-0389,SUSPECT
ADV-CP-0026,CASE-1141,PERSON-0277,SUSPECT
ADV-CP-0027,CASE-0647,PERSON-0033,SUSPECT
ADV-CP-0028,CASE-0647,PERSON-0825,SUSPECT
ADV-CP-0029,CASE-0645,PERSON-0581,SUSPECT
ADV-CP-0030,CASE-0645,PERSON-0898,SUSPECT
ADV-CP-0031,CASE-0293,PERSON-0659,SUSPECT
ADV-CP-0032,CASE-0293,PERSON-0470,SUSPECT
ADV-CP-0033,CASE-1196,PERSON-0599,SUSPECT
ADV-CP-0034,CASE-1196,PERSON-0439,SUSPECT
ADV-CP-0035,CASE-0097,PERSON-0094,SUSPECT
ADV-CP-0036,CASE-0097,PERSON-0774,SUSPECT
ADV-CP-0037,CASE-0131,PERSON-0433,SUSPECT
ADV-CP-0038,CASE-0131,PERSON-0611,SUSPECT
ADV-CP-0039,CASE-0024,PERSON-0995,SUSPECT
ADV-CP-0040,CASE-0024,PERSON-0567,SUSPECT
ADV-CP-0041,CASE-0547,PERSON-0550,SUSPECT
ADV-CP-0042,CASE-0547,PERSON-0769,SUSPECT
ADV-CP-0043,CASE-0007,PERSON-0162,SUSPECT
ADV-CP-0044,CASE-0007,PERSON-0465,SUSPECT
ADV-CP-0045,CASE-0366,PERSON-0996,SUSPECT
ADV-CP-0046,CASE-0366,PERSON-0513,SUSPECT
ADV-CP-0047,CASE-1040,PERSON-0306,SUSPECT
ADV-CP-0048,CASE-1040,PERSON-0862,SUSPECT
ADV-CP-0049,CASE-1087,PERSON-0553,SUSPECT
ADV-CP-0050,CASE-1087,PERSON-0977,SUSPECT
ADV-CP-0051,CASE-0744,PERSON-0115,SUSPECT
ADV-CP-0052,CASE-0744,PERSON-0952,SUSPECT
ADV-CP-0053,CASE-0494,PERSON-0246,SUSPECT
ADV-CP-0054,CASE-0494,PERSON-0060,SUSPECT
ADV-CP-0055,CASE-0142,PERSON-0498,SUSPECT
ADV-CP-0056,CASE-0142,PERSON-0836,SUSPECT
ADV-CP-0057,CASE-0974,PERSON-0132,SUSPECT
ADV-CP-0058,CASE-0974,PERSON-0676,SUSPECT
ADV-CP-0059,CASE-0434,PERSON-0622,SUSPECT
ADV-CP-0060,CASE-0434,PERSON-0434,SUSPECT
ADV-CP-0061,CASE-0765,PERSON-0409,SUSPECT
ADV-CP-0062,CASE-0765,PERSON-0688,SUSPECT
ADV-CP-0063,CASE-0132,PERSON-0254,SUSPECT
ADV-CP-0064,CASE-0132,PERSON-0231,SUSPECT
ADV-CP-0065,CASE-0121,PERSON-0008,SUSPECT
ADV-CP-0066,CASE-0121,PERSON-0073,SUSPECT
ADV-CP-0067,CASE-0488,PERSON-0073,SUSPECT
ADV-CP-0068,CASE-0488,PERSON-0527,SUSPECT
ADV-CP-0069,CASE-1170,PERSON-0741,SUSPECT
ADV-CP-0070,CASE-1170,PERSON-0958,SUSPECT
ADV-CP-0071,CASE-0199,PERSON-0195,SUSPECT
ADV-CP-0072,CASE-0199,PERSON-0097,SUSPECT
ADV-CP-0073,CASE-0111,PERSON-0885,SUSPECT
ADV-CP-0074,CASE-0111,PERSON-0747,SUSPECT
ADV-CP-0075,CASE-0224,PERSON-0746,SUSPECT
ADV-CP-0076,CASE-0224,PERSON-0348,SUSPECT
ADV-CP-0077,CASE-0571,PERSON-0433,SUSPECT
ADV-CP-0078,CASE-0571,PERSON-0188,SUSPECT
ADV-CP-0079,CASE-1128,PERSON-0883,SUSPECT
ADV-CP-0080,CASE-1128,PERSON-0877,SUSPECT
ADV-CP-0081,CASE-0485,PERSON-0993,SUSPECT
ADV-CP-0082,CASE-0485,PERSON-0096,SUSPECT
ADV-CP-0083,CASE-0121,PERSON-0411,SUSPECT
ADV-CP-0084,CASE-0121,PERSON-0925,SUSPECT
ADV-CP-0085,CASE-0932,PERSON-0803,SUSPECT
ADV-CP-0086,CASE-0932,PERSON-0804,SUSPECT
ADV-CP-0087,CASE-0120,PERSON-0304,SUSPECT
ADV-CP-0088,CASE-0120,PERSON-0223,SUSPECT
ADV-CP-0089,CASE-0103,PERSON-0322,SUSPECT
ADV-CP-0090,CASE-0103,PERSON-0059,SUSPECT
ADV-CP-0091,CASE-0165,PERSON-0984,SUSPECT
ADV-CP-0092,CASE-0165,PERSON-0521,SUSPECT
ADV-CP-0093,CASE-0246,PERSON-0241,SUSPECT
ADV-CP-0094,CASE-0246,PERSON-0414,SUSPECT
ADV-CP-0095,CASE-0168,PERSON-0609,SUSPECT
ADV-CP-0096,CASE-0168,PERSON-0041,SUSPECT
ADV-CP-0097,CASE-0644,PERSON-0268,SUSPECT
ADV-CP-0098,CASE-0644,PERSON-0210,SUSPECT
ADV-CP-0099,CASE-0648,PERSON-0308,SUSPECT
ADV-CP-0100,CASE-0648,PERSON-0469,SUSPECT
ADV-CP-0101,CASE-1154,PERSON-0470,SUSPECT
ADV-CP-0102,CASE-1154,PERSON-0637,SUSPECT
ADV-CP-0103,CASE-0715,PERSON-0136,SUSPECT
ADV-CP-0104,CASE-0715,PERSON-0956,SUSPECT
ADV-CP-0105,CASE-1113,PERSON-0162,SUSPECT
ADV-CP-0106,CASE-1113,PERSON-0449,SUSPECT
ADV-CP-0107,CASE-0614,PERSON-0837,SUSPECT
ADV-CP-0108,CASE-0614,PERSON-0568,SUSPECT
ADV-CP-0109,CASE-1134,PERSON-0912,SUSPECT
ADV-CP-0110,CASE-1134,PERSON-0110,SUSPECT
ADV-CP-0111,CASE-0541,PERSON-0209,SUSPECT
ADV-CP-0112,CASE-0541,PERSON-0704,SUSPECT
ADV-CP-0113,CASE-0567,PERSON-0434,SUSPECT
ADV-CP-0114,CASE-0567,PERSON-0850,SUSPECT
ADV-CP-0115,CASE-0905,PERSON-0269,SUSPECT
ADV-CP-0116,CASE-0905,PERSON-0166,SUSPECT
ADV-CP-0117,CASE-0306,PERSON-0115,SUSPECT
ADV-CP-0118,CASE-0306,PERSON-0078,SUSPECT
ADV-CP-0119,CASE-0262,PERSON-0152,SUSPECT
ADV-CP-0120,CASE-0262,PERSON-0441,SUSPECT
ADV-CP-0121,CASE-0512,PERSON-0216,SUSPECT
ADV-CP-0122,CASE-0512,PERSON-0699,SUSPECT
ADV-CP-0123,CASE-0485,PERSON-0768,SUSPECT
ADV-CP-0124,CASE-0485,PERSON-0159,SUSPECT
ADV-CP-0125,CASE-0681,PERSON-0026,SUSPECT
ADV-CP-0126,CASE-0681,PERSON-0184,SUSPECT
ADV-CP-0127,CASE-0509,PERSON-0885,SUSPECT
ADV-CP-0128,CASE-0509,PERSON-0753,SUSPECT
ADV-CP-0129,CASE-0964,PERSON-0040,SUSPECT
ADV-CP-0130,CASE-0964,PERSON-0880,SUSPECT
ADV-CP-0131,CASE-0467,PERSON-0841,SUSPECT
ADV-CP-0132,CASE-0467,PERSON-0815,SUSPECT
ADV-CP-0133,CASE-0143,PERSON-0286,SUSPECT
ADV-CP-0134,CASE-0143,PERSON-0886,SUSPECT
ADV-CP-0135,CASE-1099,PERSON-0522,SUSPECT
ADV-CP-0136,CASE-1099,PERSON-0410,SUSPECT
ADV-CP-0137,CASE-0366,PERSON-0994,SUSPECT
ADV-CP-0138,CASE-0366,PERSON-0268,SUSPECT
ADV-CP-0139,CASE-0890,PERSON-0112,SUSPECT
ADV-CP-0140,CASE-0890,PERSON-0611,SUSPECT
ADV-CP-0141,CASE-0237,PERSON-0621,SUSPECT
ADV-CP-0142,CASE-0237,PERSON-0524,SUSPECT
ADV-CP-0143,CASE-0894,PERSON-0046,SUSPECT
ADV-CP-0144,CASE-0894,PERSON-0726,SUSPECT
ADV-CP-0145,CASE-0404,PERSON-0963,SUSPECT
ADV-CP-0146,CASE-0404,PERSON-0760,SUSPECT
ADV-CP-0147,CASE-0256,PERSON-0680,SUSPECT
ADV-CP-0148,CASE-0256,PERSON-0869,SUSPECT
ADV-CP-0149,CASE-0669,PERSON-0683,SUSPECT
ADV-CP-0150,CASE-0669,PERSON-0419,SUSPECT
ADV-CP-0151,CASE-0777,PERSON-0681,SUSPECT
ADV-CP-0152,CASE-0777,PERSON-0963,SUSPECT
ADV-CP-0153,CASE-0832,PERSON-0583,SUSPECT
ADV-CP-0154,CASE-0832,PERSON-0309,SUSPECT
ADV-CP-0155,CASE-1188,PERSON-0216,SUSPECT
ADV-CP-0156,CASE-1188,PERSON-0441,SUSPECT
ADV-CP-0157,CASE-1047,PERSON-0692,SUSPECT
ADV-CP-0158,CASE-1047,PERSON-0219,SUSPECT
ADV-CP-0159,CASE-0174,PERSON-0754,SUSPECT
ADV-CP-0160,CASE-0174,PERSON-0174,SUSPECT
ADV-CP-0161,CASE-0482,PERSON-0975,SUSPECT
ADV-CP-0162,CASE-0482,PERSON-0770,SUSPECT
ADV-CP-0163,CASE-0974,PERSON-0048,SUSPECT
ADV-CP-0164,CASE-0974,PERSON-0251,SUSPECT
ADV-CP-0165,CASE-1179,PERSON-0425,SUSPECT
ADV-CP-0166,CASE-1179,PERSON-0908,SUSPECT
ADV-CP-0167,CASE-0303,PERSON-0410,SUSPECT
ADV-CP-0168,CASE-0303,PERSON-0250,SUSPECT
ADV-CP-0169,CASE-1061,PERSON-0225,SUSPECT
ADV-CP-0170,CASE-1061,PERSON-0181,SUSPECT
ADV-CP-0171,CASE-0274,PERSON-0125,SUSPECT
ADV-CP-0172,CASE-0274,PERSON-0468,SUSPECT
ADV-CP-0173,CASE-0907,PERSON-0610,SUSPECT
ADV-CP-0174,CASE-0907,PERSON-0325,SUSPECT
ADV-CP-0175,CASE-1123,PERSON-0437,SUSPECT
ADV-CP-0176,CASE-1123,PERSON-0851,SUSPECT
ADV-CP-0177,CASE-0531,PERSON-0487,SUSPECT
ADV-CP-0178,CASE-0531,PERSON-0461,SUSPECT
ADV-CP-0179,CASE-0490,PERSON-0534,SUSPECT
ADV-CP-0180,CASE-0490,PERSON-0497,SUSPECT
ADV-CP-0181,CASE-1107,PERSON-0344,SUSPECT
ADV-CP-0182,CASE-1107,PERSON-0328,SUSPECT
ADV-CP-0183,CASE-0439,PERSON-0157,SUSPECT
ADV-CP-0184,CASE-0439,PERSON-0724,SUSPECT
ADV-CP-0185,CASE-0424,PERSON-0426,SUSPECT
ADV-CP-0186,CASE-0424,PERSON-0064,SUSPECT
ADV-CP-0187,CASE-0780,PERSON-0784,SUSPECT
ADV-CP-0188,CASE-0780,PERSON-0590,SUSPECT
ADV-CP-0189,CASE-0859,PERSON-0400,SUSPECT
ADV-CP-0190,CASE-0859,PERSON-0874,SUSPECT
ADV-CP-0191,CASE-0452,PERSON-0618,SUSPECT
ADV-CP-0192,CASE-0452,PERSON-0920,SUSPECT
ADV-CP-0193,CASE-0829,PERSON-0399,SUSPECT
ADV-CP-0194,CASE-0829,PERSON-0345,SUSPECT
ADV-CP-0195,CASE-0056,PERSON-0638,SUSPECT
ADV-CP-0196,CASE-0056,PERSON-0547,SUSPECT
ADV-CP-0197,CASE-0946,PERSON-0439,SUSPECT
ADV-CP-0198,CASE-0946,PERSON-0139,SUSPECT
ADV-CP-0199,CASE-0692,PERSON-0466,SUSPECT
ADV-CP-0200,CASE-0692,PERSON-0335,SUSPECT
ADV-CP-0201,CASE-0864,PERSON-0975,SUSPECT
ADV-CP-0202,CASE-0864,PERSON-0852,SUSPECT
ADV-CP-0203,CASE-0107,PERSON-0768,SUSPECT
ADV-CP-0204,CASE-0107,PERSON-0553,SUSPECT
ADV-CP-0205,CASE-0064,PERSON-0668,SUSPECT
ADV-CP-0206,CASE-0064,PERSON-0042,SUSPECT
ADV-CP-0207,CASE-0970,PERSON-0245,SUSPECT
ADV-CP-0208,CASE-0970,PERSON-0130,SUSPECT
ADV-CP-0209,CASE-0756,PERSON-0263,SUSPECT
ADV-CP-0210,CASE-0756,PERSON-0786,SUSPECT
ADV-CP-0211,CASE-0638,PERSON-0168,SUSPECT
ADV-CP-0212,CASE-0638,PERSON-0988,SUSPECT
ADV-CP-0213,CASE-0769,PERSON-0930,SUSPECT
ADV-CP-0214,CASE-0769,PERSON-0982,SUSPECT
ADV-CP-0215,CASE-0498,PERSON-0607,SUSPECT
ADV-CP-0216,CASE-0498,PERSON-0708,SUSPECT
ADV-CP-0217,CASE-0248,PERSON-0615,SUSPECT
ADV-CP-0218,CASE-0248,PERSON-0825,SUSPECT
ADV-CP-0219,CASE-0878,PERSON-0356,SUSPECT
ADV-CP-0220,CASE-0878,PERSON-0546,SUSPECT
ADV-CP-0221,CASE-0861,PERSON-0013,SUSPECT
ADV-CP-0222,CASE-0861,PERSON-0870,SUSPECT
ADV-CP-0223,CASE-0942,PERSON-0651,SUSPECT
ADV-CP-0224,CASE-0942,PERSON-0913,SUSPECT
ADV-CP-0225,CASE-0554,PERSON-0989,SUSPECT
ADV-CP-0226,CASE-0554,PERSON-0667,SUSPECT
ADV-CP-0227,CASE-0893,PERSON-0496,SUSPECT
ADV-CP-0228,CASE-0893,PERSON-0477,SUSPECT
ADV-CP-0229,CASE-0178,PERSON-0873,SUSPECT
ADV-CP-0230,CASE-0178,PERSON-0252,SUSPECT
ADV-CP-0231,CASE-1250,PERSON-0476,SUSPECT
ADV-CP-0232,CASE-1250,PERSON-0584,SUSPECT
ADV-CP-0233,CASE-0999,PERSON-0333,SUSPECT
ADV-CP-0234,CASE-0999,PERSON-0187,SUSPECT
ADV-CP-0235,CASE-0566,PERSON-0902,SUSPECT
ADV-CP-0236,CASE-0566,PERSON-0611,SUSPECT
ADV-CP-0237,CASE-1001,PERSON-0738,SUSPECT
ADV-CP-0238,CASE-1001,PERSON-0417,SUSPECT
ADV-CP-0239,CASE-1006,PERSON-0662,SUSPECT
ADV-CP-0240,CASE-1006,PERSON-0729,SUSPECT
ADV-CP-0241,CASE-0499,PERSON-0227,SUSPECT
ADV-CP-0242,CASE-0499,PERSON-0415,SUSPECT
ADV-CP-0243,CASE-0872,PERSON-0544,SUSPECT
ADV-CP-0244,CASE-0872,PERSON-0353,SUSPECT
ADV-CP-0245,CASE-0515,PERSON-0278,SUSPECT
ADV-CP-0246,CASE-0515,PERSON-0314,SUSPECT
ADV-CP-0247,CASE-0380,PERSON-0761,SUSPECT
ADV-CP-0248,CASE-0380,PERSON-0549,SUSPECT
ADV-CP-0249,CASE-1075,PERSON-0604,SUSPECT
ADV-CP-0250,CASE-1075,PERSON-0779,SUSPECT
ADV-CP-0251,CASE-0740,PERSON-0304,SUSPECT
ADV-CP-0252,CASE-0740,PERSON-0233,SUSPECT
ADV-CP-0253,CASE-0112,PERSON-0047,SUSPECT
ADV-CP-0254,CASE-0112,PERSON-0998,SUSPECT
ADV-CP-0255,CASE-0211,PERSON-0771,SUSPECT
ADV-CP-0256,CASE-0211,PERSON-0503,SUSPECT
ADV-CP-0257,CASE-0378,PERSON-0452,SUSPECT
ADV-CP-0258,CASE-0378,PERSON-0349,SUSPECT
ADV-CP-0259,CASE-1008,PERSON-0067,SUSPECT
ADV-CP-0260,CASE-1008,PERSON-0411,SUSPECT
ADV-CP-0261,CASE-0623,PERSON-0831,SUSPECT
ADV-CP-0262,CASE-0623,PERSON-0577,SUSPECT
ADV-CP-0263,CASE-1242,PERSON-0783,SUSPECT
ADV-CP-0264,CASE-1242,PERSON-0427,SUSPECT
ADV-CP-0265,CASE-0923,PERSON-0536,SUSPECT
ADV-CP-0266,CASE-0923,PERSON-0390,SUSPECT
ADV-CP-0267,CASE-1249,PERSON-0636,SUSPECT
ADV-CP-0268,CASE-1249,PERSON-0062,SUSPECT
ADV-CP-0269,CASE-0433,PERSON-0213,SUSPECT
ADV-CP-0270,CASE-0433,PERSON-0641,SUSPECT
ADV-CP-0271,CASE-0321,PERSON-0566,SUSPECT
ADV-CP-0272,CASE-0321,PERSON-0077,SUSPECT
ADV-CP-0273,CASE-0580,PERSON-0238,SUSPECT
ADV-CP-0274,CASE-0580,PERSON-0296,SUSPECT
ADV-CP-0275,CASE-0542,PERSON-0240,SUSPECT
ADV-CP-0276,CASE-0542,PERSON-0947,SUSPECT
ADV-CP-0277,CASE-0406,PERSON-0824,SUSPECT
ADV-CP-0278,CASE-0406,PERSON-0957,SUSPECT
ADV-CP-0279,CASE-0292,PERSON-0931,SUSPECT
ADV-CP-0280,CASE-0292,PERSON-0273,SUSPECT
ADV-CP-0281,CASE-0592,PERSON-0845,SUSPECT
ADV-CP-0282,CASE-0592,PERSON-0583,SUSPECT
ADV-CP-0283,CASE-1025,PERSON-0966,SUSPECT
ADV-CP-0284,CASE-1025,PERSON-0279,SUSPECT
ADV-CP-0285,CASE-0661,PERSON-0911,SUSPECT
ADV-CP-0286,CASE-0661,PERSON-0443,SUSPECT
ADV-CP-0287,CASE-1179,PERSON-0691,SUSPECT
ADV-CP-0288,CASE-1179,PERSON-0857,SUSPECT
ADV-CP-0289,CASE-0552,PERSON-0689,SUSPECT
ADV-CP-0290,CASE-0552,PERSON-0842,SUSPECT
ADV-CP-0291,CASE-0570,PERSON-0668,SUSPECT
ADV-CP-0292,CASE-0570,PERSON-0453,SUSPECT
ADV-CP-0293,CASE-0187,PERSON-0834,SUSPECT
ADV-CP-0294,CASE-0187,PERSON-0504,SUSPECT
ADV-CP-0295,CASE-0330,PERSON-0108,SUSPECT
ADV-CP-0296,CASE-0330,PERSON-0879,SUSPECT
ADV-CP-0297,CASE-1127,PERSON-0968,SUSPECT
ADV-CP-0298,CASE-1127,PERSON-0411,SUSPECT
ADV-CP-0299,CASE-0828,PERSON-0119,SUSPECT
ADV-CP-0300,CASE-0828,PERSON-0994,SUSPECT
ADV-CP-0301,CASE-0847,PERSON-0556,SUSPECT
ADV-CP-0302,CASE-0847,PERSON-0474,SUSPECT
ADV-CP-0303,CASE-0906,PERSON-0511,SUSPECT
ADV-CP-0304,CASE-0906,PERSON-0641,SUSPECT
ADV-CP-0305,CASE-0898,PERSON-0950,SUSPECT
ADV-CP-0306,CASE-0898,PERSON-0295,SUSPECT
ADV-CP-0307,CASE-0491,PERSON-0646,SUSPECT
ADV-CP-0308,CASE-0491,PERSON-0624,SUSPECT
ADV-CP-0309,CASE-0233,PERSON-0096,SUSPECT
ADV-CP-0310,CASE-0233,PERSON-0231,SUSPECT
ADV-CP-0311,CASE-0598,PERSON-0158,SUSPECT
ADV-CP-0312,CASE-0598,PERSON-0511,SUSPECT
ADV-CP-0313,CASE-0500,PERSON-0495,SUSPECT
ADV-CP-0314,CASE-0500,PERSON-0484,SUSPECT
ADV-CP-0315,CASE-0280,PERSON-0614,SUSPECT
ADV-CP-0316,CASE-0280,PERSON-0521,SUSPECT
ADV-CP-0317,CASE-0548,PERSON-0807,SUSPECT
ADV-CP-0318,CASE-0548,PERSON-0520,SUSPECT
ADV-CP-0319,CASE-1003,PERSON-0594,SUSPECT
ADV-CP-0320,CASE-1003,PERSON-0676,SUSPECT
ADV-CP-0321,CASE-1113,PERSON-0341,SUSPECT
ADV-CP-0322,CASE-1113,PERSON-0566,SUSPECT
ADV-CP-0323,CASE-1172,PERSON-0715,SUSPECT
ADV-CP-0324,CASE-1172,PERSON-0245,SUSPECT
ADV-CP-0325,CASE-0781,PERSON-0763,SUSPECT
ADV-CP-0326,CASE-0781,PERSON-0485,SUSPECT
ADV-CP-0327,CASE-1015,PERSON-0668,SUSPECT
ADV-CP-0328,CASE-1015,PERSON-0156,SUSPECT
ADV-CP-0329,CASE-0206,PERSON-0340,SUSPECT
ADV-CP-0330,CASE-0206,PERSON-0891,SUSPECT
ADV-CP-0331,CASE-0032,PERSON-0933,SUSPECT
ADV-CP-0332,CASE-0032,PERSON-0468,SUSPECT
ADV-CP-0333,CASE-0543,PERSON-0801,SUSPECT
ADV-CP-0334,CASE-0543,PERSON-0993,SUSPECT
ADV-CP-0335,CASE-1093,PERSON-0873,SUSPECT
ADV-CP-0336,CASE-1093,PERSON-0337,SUSPECT
ADV-CP-0337,CASE-1000,PERSON-0909,SUSPECT
ADV-CP-0338,CASE-1000,PERSON-0778,SUSPECT
ADV-CP-0339,CASE-0589,PERSON-0701,SUSPECT
ADV-CP-0340,CASE-0589,PERSON-0944,SUSPECT
ADV-CP-0341,CASE-0206,PERSON-0101,SUSPECT
ADV-CP-0342,CASE-0206,PERSON-0779,SUSPECT
ADV-CP-0343,CASE-0115,PERSON-0048,SUSPECT
ADV-CP-0344,CASE-0115,PERSON-0333,SUSPECT
ADV-CP-0345,CASE-1160,PERSON-0544,SUSPECT
ADV-CP-0346,CASE-1160,PERSON-0422,SUSPECT
ADV-CP-0347,CASE-0784,PERSON-0081,SUSPECT
ADV-CP-0348,CASE-0784,PERSON-0625,SUSPECT
ADV-CP-0349,CASE-0945,PERSON-0147,SUSPECT
ADV-CP-0350,CASE-0945,PERSON-0238,SUSPECT
ADV-CP-0351,CASE-0953,PERSON-0921,SUSPECT
ADV-CP-0352,CASE-0953,PERSON-0824,SUSPECT
ADV-CP-0353,CASE-0708,PERSON-0453,SUSPECT
ADV-CP-0354,CASE-0708,PERSON-0968,SUSPECT
ADV-CP-0355,CASE-0619,PERSON-0468,SUSPECT
ADV-CP-0356,CASE-0619,PERSON-0866,SUSPECT
ADV-CP-0357,CASE-0782,PERSON-0110,SUSPECT
ADV-CP-0358,CASE-0782,PERSON-0243,SUSPECT
ADV-CP-0359,CASE-0811,PERSON-0303,SUSPECT
ADV-CP-0360,CASE-0811,PERSON-0023,SUSPECT
ADV-CP-0361,CASE-0587,PERSON-0764,SUSPECT
ADV-CP-0362,CASE-0587,PERSON-0509,SUSPECT
ADV-CP-0363,CASE-0390,PERSON-0361,SUSPECT
ADV-CP-0364,CASE-0390,PERSON-0225,SUSPECT
ADV-CP-0365,CASE-0081,PERSON-0926,SUSPECT
ADV-CP-0366,CASE-0081,PERSON-0643,SUSPECT
ADV-CP-0367,CASE-0270,PERSON-0374,SUSPECT
ADV-CP-0368,CASE-0270,PERSON-0750,SUSPECT
ADV-CP-0369,CASE-0412,PERSON-0426,SUSPECT
ADV-CP-0370,CASE-0412,PERSON-0180,SUSPECT
ADV-CP-0371,CASE-1028,PERSON-0375,SUSPECT
ADV-CP-0372,CASE-1028,PERSON-0544,SUSPECT
ADV-CP-0373,CASE-0987,PERSON-0845,SUSPECT
ADV-CP-0374,CASE-0987,PERSON-0967,SUSPECT
ADV-CP-0375,CASE-0236,PERSON-0347,SUSPECT
ADV-CP-0376,CASE-0236,PERSON-0824,SUSPECT
ADV-CP-0377,CASE-0814,PERSON-0990,SUSPECT
ADV-CP-0378,CASE-0814,PERSON-0232,SUSPECT
ADV-CP-0379,CASE-0809,PERSON-0093,SUSPECT
ADV-CP-0380,CASE-0809,PERSON-0810,SUSPECT
ADV-CP-0381,CASE-0537,PERSON-0689,SUSPECT
ADV-CP-0382,CASE-0537,PERSON-0767,SUSPECT
ADV-CP-0383,CASE-0052,PERSON-0240,SUSPECT
ADV-CP-0384,CASE-0052,PERSON-0483,SUSPECT
ADV-CP-0385,CASE-0454,PERSON-0938,SUSPECT
ADV-CP-0386,CASE-0454,PERSON-0625,SUSPECT
ADV-CP-0387,CASE-0837,PERSON-0310,SUSPECT
ADV-CP-0388,CASE-0837,PERSON-0665,SUSPECT
ADV-CP-0389,CASE-0200,PERSON-0505,SUSPECT
ADV-CP-0390,CASE-0200,PERSON-0119,SUSPECT
ADV-CP-0391,CASE-1107,PERSON-0465,SUSPECT
ADV-CP-0392,CASE-1107,PERSON-0380,SUSPECT
ADV-CP-0393,CASE-1003,PERSON-0671,SUSPECT
ADV-CP-0394,CASE-1003,PERSON-0102,SUSPECT
ADV-CP-0395,CASE-0909,PERSON-0380,SUSPECT
ADV-CP-0396,CASE-0909,PERSON-0223,SUSPECT
ADV-CP-0397,CASE-0753,PERSON-0102,SUSPECT
ADV-CP-0398,CASE-0753,PERSON-0703,SUSPECT
ADV-CP-0399,CASE-0566,PERSON-0063,SUSPECT
ADV-CP-0400,CASE-0566,PERSON-0408,SUSPECT
ADV-CP-0401,CASE-0188,PERSON-0844,SUSPECT
ADV-CP-0402,CASE-0188,PERSON-0466,SUSPECT
ADV-CP-0403,CASE-0258,PERSON-0342,SUSPECT
ADV-CP-0404,CASE-0258,PERSON-0250,SUSPECT
ADV-CP-0405,CASE-1201,PERSON-0568,SUSPECT
ADV-CP-0406,CASE-1201,PERSON-0213,SUSPECT
ADV-CP-0407,CASE-1221,PERSON-0793,SUSPECT
ADV-CP-0408,CASE-1221,PERSON-0152,SUSPECT
ADV-CP-0409,CASE-0358,PERSON-0554,SUSPECT
ADV-CP-0410,CASE-0358,PERSON-0257,SUSPECT
ADV-CP-0411,CASE-0488,PERSON-0367,SUSPECT
ADV-CP-0412,CASE-0488,PERSON-0809,SUSPECT
ADV-CP-0413,CASE-0863,PERSON-0130,SUSPECT
ADV-CP-0414,CASE-0863,PERSON-0760,SUSPECT
ADV-CP-0415,CASE-1052,PERSON-0797,SUSPECT
ADV-CP-0416,CASE-1052,PERSON-0371,SUSPECT
ADV-CP-0417,CASE-1068,PERSON-0630,SUSPECT
ADV-CP-0418,CASE-1068,PERSON-0045,SUSPECT
ADV-CP-0419,CASE-0823,PERSON-0491,SUSPECT
ADV-CP-0420,CASE-0823,PERSON-0868,SUSPECT
ADV-CP-0421,CASE-0166,PERSON-0455,SUSPECT
ADV-CP-0422,CASE-0166,PERSON-0076,SUSPECT
ADV-CP-0423,CASE-1199,PERSON-0640,SUSPECT
ADV-CP-0424,CASE-1199,PERSON-0649,SUSPECT
ADV-CP-0425,CASE-0604,PERSON-0612,SUSPECT
ADV-CP-0426,CASE-0604,PERSON-0544,SUSPECT
ADV-CP-0427,CASE-1130,PERSON-0719,SUSPECT
ADV-CP-0428,CASE-1130,PERSON-0118,SUSPECT
ADV-CP-0429,CASE-0848,PERSON-0910,SUSPECT
ADV-CP-0430,CASE-0848,PERSON-0234,SUSPECT
ADV-CP-0431,CASE-0641,PERSON-0748,SUSPECT
ADV-CP-0432,CASE-0641,PERSON-0098,SUSPECT
ADV-CP-0433,CASE-0972,PERSON-0157,SUSPECT
ADV-CP-0434,CASE-0972,PERSON-0704,SUSPECT
ADV-CP-0435,CASE-0764,PERSON-0099,SUSPECT
ADV-CP-0436,CASE-0764,PERSON-0763,SUSPECT
ADV-CP-0437,CASE-0251,PERSON-0576,SUSPECT
ADV-CP-0438,CASE-0251,PERSON-0338,SUSPECT
ADV-CP-0439,CASE-0590,PERSON-0739,SUSPECT
ADV-CP-0440,CASE-0590,PERSON-0053,SUSPECT
ADV-CP-0441,CASE-0988,PERSON-0218,SUSPECT
ADV-CP-0442,CASE-0988,PERSON-0159,SUSPECT
ADV-CP-0443,CASE-0236,PERSON-0570,SUSPECT
ADV-CP-0444,CASE-0236,PERSON-0377,SUSPECT
ADV-CP-0445,CASE-1141,PERSON-0866,SUSPECT
ADV-CP-0446,CASE-1141,PERSON-0575,SUSPECT
ADV-CP-0447,CASE-0633,PERSON-0280,SUSPECT
ADV-CP-0448,CASE-0633,PERSON-0720,SUSPECT
ADV-CP-0449,CASE-0821,PERSON-0147,SUSPECT
ADV-CP-0450,CASE-0821,PERSON-0580,SUSPECT
ADV-CP-0451,CASE-0771,PERSON-0544,SUSPECT
ADV-CP-0452,CASE-0771,PERSON-0221,SUSPECT
ADV-CP-0453,CASE-1163,PERSON-0739,SUSPECT
ADV-CP-0454,CASE-1163,PERSON-0333,SUSPECT
ADV-CP-0455,CASE-0102,PERSON-0773,SUSPECT
ADV-CP-0456,CASE-0102,PERSON-0633,SUSPECT
ADV-CP-0457,CASE-0906,PERSON-0498,SUSPECT
ADV-CP-0458,CASE-0906,PERSON-0622,SUSPECT
ADV-CP-0459,CASE-0581,PERSON-0441,SUSPECT
ADV-CP-0460,CASE-0581,PERSON-0114,SUSPECT
ADV-CP-0461,CASE-0452,PERSON-0316,SUSPECT
ADV-CP-0462,CASE-0452,PERSON-0047,SUSPECT
ADV-CP-0463,CASE-0433,PERSON-0210,SUSPECT
ADV-CP-0464,CASE-0433,PERSON-0309,SUSPECT
ADV-CP-0465,CASE-1019,PERSON-0123,SUSPECT
ADV-CP-0466,CASE-1019,PERSON-0008,SUSPECT
ADV-CP-0467,CASE-1025,PERSON-0721,SUSPECT
ADV-CP-0468,CASE-1025,PERSON-0236,SUSPECT
ADV-CP-0469,CASE-0087,PERSON-0074,SUSPECT
ADV-CP-0470,CASE-0087,PERSON-0407,SUSPECT
ADV-CP-0471,CASE-1175,PERSON-0590,SUSPECT
ADV-CP-0472,CASE-1175,PERSON-0440,SUSPECT
ADV-CP-0473,CASE-0043,PERSON-0118,SUSPECT
ADV-CP-0474,CASE-0043,PERSON-0415,SUSPECT
ADV-CP-0475,CASE-0181,PERSON-0942,SUSPECT
ADV-CP-0476,CASE-0181,PERSON-0371,SUSPECT
ADV-CP-0477,CASE-1074,PERSON-0604,SUSPECT
ADV-CP-0478,CASE-1074,PERSON-0411,SUSPECT
ADV-CP-0479,CASE-0345,PERSON-0227,SUSPECT
ADV-CP-0480,CASE-0345,PERSON-0342,SUSPECT
ADV-CP-0481,CASE-0716,PERSON-0199,SUSPECT
ADV-CP-0482,CASE-0716,PERSON-0928,SUSPECT
ADV-CP-0483,CASE-0484,PERSON-0835,SUSPECT
ADV-CP-0484,CASE-0484,PERSON-0152,SUSPECT
ADV-CP-0485,CASE-0155,PERSON-0157,SUSPECT
ADV-CP-0486,CASE-0155,PERSON-0779,SUSPECT
ADV-CP-0487,CASE-1155,PERSON-0476,SUSPECT
ADV-CP-0488,CASE-1155,PERSON-0773,SUSPECT
ADV-CP-0489,CASE-0310,PERSON-0643,SUSPECT
ADV-CP-0490,CASE-0310,PERSON-0324,SUSPECT
ADV-CP-0491,CASE-1212,PERSON-0816,SUSPECT
ADV-CP-0492,CASE-1212,PERSON-0282,SUSPECT
ADV-CP-0493,CASE-0117,PERSON-0463,SUSPECT
ADV-CP-0494,CASE-0117,PERSON-0039,SUSPECT
ADV-CP-0495,CASE-0185,PERSON-0885,SUSPECT
ADV-CP-0496,CASE-0185,PERSON-0876,SUSPECT
ADV-CP-0497,CASE-0085,PERSON-0568,SUSPECT
ADV-CP-0498,CASE-0085,PERSON-0978,SUSPECT
ADV-CP-0499,CASE-1240,PERSON-0193,SUSPECT
ADV-CP-0500,CASE-1240,PERSON-0330,SUSPECT
ADV-CP-0501,CASE-0704,PERSON-0831,SUSPECT
ADV-CP-0502,CASE-0704,PERSON-0921,SUSPECT
ADV-CP-0503,CASE-0900,PERSON-0725,SUSPECT
ADV-CP-0504,CASE-0900,PERSON-0449,SUSPECT
ADV-CP-0505,CASE-0794,PERSON-0940,SUSPECT
ADV-CP-0506,CASE-0794,PERSON-0290,SUSPECT
ADV-CP-0507,CASE-0686,PERSON-0054,SUSPECT
ADV-CP-0508,CASE-0686,PERSON-0809,SUSPECT
ADV-CP-0509,CASE-1235,PERSON-0742,SUSPECT
ADV-CP-0510,CASE-1235,PERSON-0873,SUSPECT
ADV-CP-0511,CASE-0717,PERSON-0145,SUSPECT
ADV-CP-0512,CASE-0717,PERSON-0939,SUSPECT
ADV-CP-0513,CASE-1219,PERSON-0402,SUSPECT
ADV-CP-0514,CASE-1219,PERSON-0133,SUSPECT
ADV-CP-0515,CASE-0673,PERSON-0386,SUSPECT
ADV-CP-0516,CASE-0673,PERSON-0659,SUSPECT
ADV-CP-0517,CASE-1042,PERSON-0687,SUSPECT
ADV-CP-0518,CASE-1042,PERSON-0434,SUSPECT
ADV-CP-0519,CASE-0996,PERSON-0220,SUSPECT
ADV-CP-0520,CASE-0996,PERSON-0350,SUSPECT
ADV-CP-0521,CASE-0208,PERSON-0303,SUSPECT
ADV-CP-0522,CASE-0208,PERSON-0865,SUSPECT
ADV-CP-0523,CASE-0078,PERSON-0905,SUSPECT
ADV-CP-0524,CASE-0078,PERSON-0540,SUSPECT
ADV-CP-0525,CASE-0371,PERSON-0158,SUSPECT
ADV-CP-0526,CASE-0371,PERSON-0167,SUSPECT
ADV-CP-0527,CASE-0747,PERSON-0045,SUSPECT
ADV-CP-0528,CASE-0747,PERSON-0421,SUSPECT
ADV-CP-0529,CASE-0920,PERSON-0626,SUSPECT
ADV-CP-0530,CASE-0920,PERSON-0292,SUSPECT
ADV-CP-0531,CASE-0398,PERSON-0804,SUSPECT
ADV-CP-0532,CASE-0398,PERSON-0481,SUSPECT
ADV-CP-0533,CASE-0783,PERSON-0289,SUSPECT
ADV-CP-0534,CASE-0783,PERSON-0797,SUSPECT
ADV-CP-0535,CASE-0284,PERSON-0821,SUSPECT
ADV-CP-0536,CASE-0284,PERSON-0620,SUSPECT
ADV-CP-0537,CASE-0211,PERSON-0568,SUSPECT
ADV-CP-0538,CASE-0211,PERSON-0957,SUSPECT
ADV-CP-0539,CASE-0329,PERSON-0292,SUSPECT
ADV-CP-0540,CASE-0329,PERSON-0086,SUSPECT
ADV-CP-0541,CASE-0455,PERSON-0448,SUSPECT
ADV-CP-0542,CASE-0455,PERSON-0094,SUSPECT
ADV-CP-0543,CASE-0812,PERSON-0425,SUSPECT
ADV-CP-0544,CASE-0812,PERSON-0055,SUSPECT
ADV-CP-0545,CASE-0058,PERSON-0384,SUSPECT
ADV-CP-0546,CASE-0058,PERSON-0230,SUSPECT
ADV-CP-0547,CASE-0300,PERSON-0666,SUSPECT
ADV-CP-0548,CASE-0300,PERSON-0344,SUSPECT
ADV-CP-0549,CASE-0961,PERSON-0143,SUSPECT
ADV-CP-0550,CASE-0961,PERSON-0778,SUSPECT
ADV-CP-0551,CASE-0307,PERSON-0221,SUSPECT
ADV-CP-0552,CASE-0307,PERSON-0856,SUSPECT
ADV-CP-0553,CASE-0591,PERSON-0434,SUSPECT
ADV-CP-0554,CASE-0591,PERSON-0114,SUSPECT
ADV-CP-0555,CASE-0937,PERSON-0655,SUSPECT
ADV-CP-0556,CASE-0937,PERSON-0813,SUSPECT
ADV-CP-0557,CASE-1056,PERSON-0017,SUSPECT
ADV-CP-0558,CASE-1056,PERSON-0648,SUSPECT
ADV-CP-0559,CASE-0723,PERSON-0002,SUSPECT
ADV-CP-0560,CASE-0723,PERSON-0630,SUSPECT
ADV-CP-0561,CASE-0739,PERSON-0088,SUSPECT
ADV-CP-0562,CASE-0739,PERSON-0537,SUSPECT
ADV-CP-0563,CASE-1135,PERSON-0806,SUSPECT
ADV-CP-0564,CASE-1135,PERSON-0520,SUSPECT
ADV-CP-0565,CASE-0520,PERSON-0397,SUSPECT
ADV-CP-0566,CASE-0520,PERSON-0383,SUSPECT
ADV-CP-0567,CASE-0213,PERSON-0751,SUSPECT
ADV-CP-0568,CASE-0213,PERSON-0673,SUSPECT
ADV-CP-0569,CASE-0694,PERSON-0361,SUSPECT
ADV-CP-0570,CASE-0694,PERSON-0560,SUSPECT
ADV-CP-0571,CASE-0374,PERSON-0491,SUSPECT
ADV-CP-0572,CASE-0374,PERSON-0647,SUSPECT
ADV-CP-0573,CASE-0409,PERSON-0207,SUSPECT
ADV-CP-0574,CASE-0409,PERSON-0045,SUSPECT
ADV-CP-0575,CASE-0970,PERSON-0835,SUSPECT
ADV-CP-0576,CASE-0970,PERSON-0557,SUSPECT
ADV-CP-0577,CASE-0098,PERSON-0883,SUSPECT
ADV-CP-0578,CASE-0098,PERSON-0800,SUSPECT
ADV-CP-0579,CASE-0820,PERSON-0377,SUSPECT
ADV-CP-0580,CASE-0820,PERSON-0448,SUSPECT
ADV-CP-0581,CASE-1019,PERSON-0192,SUSPECT
ADV-CP-0582,CASE-1019,PERSON-0509,SUSPECT
ADV-CP-0583,CASE-0870,PERSON-0821,SUSPECT
ADV-CP-0584,CASE-0870,PERSON-0085,SUSPECT
ADV-CP-0585,CASE-0164,PERSON-0329,SUSPECT
ADV-CP-0586,CASE-0164,PERSON-0106,SUSPECT
ADV-CP-0587,CASE-0342,PERSON-0735,SUSPECT
ADV-CP-0588,CASE-0342,PERSON-0437,SUSPECT
ADV-CP-0589,CASE-0723,PERSON-0891,SUSPECT
ADV-CP-0590,CASE-0723,PERSON-0934,SUSPECT
ADV-CP-0591,CASE-0118,PERSON-0811,SUSPECT
ADV-CP-0592,CASE-0118,PERSON-0971,SUSPECT
ADV-CP-0593,CASE-0328,PERSON-0821,SUSPECT
ADV-CP-0594,CASE-0328,PERSON-0768,SUSPECT
ADV-CP-0595,CASE-0751,PERSON-0069,SUSPECT
ADV-CP-0596,CASE-0751,PERSON-0242,SUSPECT
ADV-CP-0597,CASE-0760,PERSON-0696,SUSPECT
ADV-CP-0598,CASE-0760,PERSON-0461,SUSPECT
ADV-CP-0599,CASE-0816,PERSON-0543,SUSPECT
ADV-CP-0600,CASE-0816,PERSON-0376,SUSPECT
ADV-CP-0601,CASE-0382,PERSON-0027,SUSPECT
ADV-CP-0602,CASE-0382,PERSON-0754,SUSPECT
ADV-CP-0603,CASE-0914,PERSON-0267,SUSPECT
ADV-CP-0604,CASE-0914,PERSON-0721,SUSPECT
ADV-CP-0605,CASE-0410,PERSON-0939,SUSPECT
ADV-CP-0606,CASE-0410,PERSON-0503,SUSPECT
ADV-CP-0607,CASE-0912,PERSON-0921,SUSPECT
ADV-CP-0608,CASE-0912,PERSON-0731,SUSPECT
ADV-CP-0609,CASE-0712,PERSON-0328,SUSPECT
ADV-CP-0610,CASE-0712,PERSON-0684,SUSPECT
ADV-CP-0611,CASE-0323,PERSON-0308,SUSPECT
ADV-CP-0612,CASE-0323,PERSON-0872,SUSPECT
ADV-CP-0613,CASE-0741,PERSON-0179,SUSPECT
ADV-CP-0614,CASE-0741,PERSON-0813,SUSPECT
ADV-CP-0615,CASE-1012,PERSON-0243,SUSPECT
ADV-CP-0616,CASE-1012,PERSON-0810,SUSPECT
ADV-CP-0617,CASE-0177,PERSON-0565,SUSPECT
ADV-CP-0618,CASE-0177,PERSON-0133,SUSPECT
ADV-CP-0619,CASE-1178,PERSON-0788,SUSPECT
ADV-CP-0620,CASE-1178,PERSON-0420,SUSPECT
ADV-CP-0621,CASE-1060,PERSON-0461,SUSPECT
ADV-CP-0622,CASE-1060,PERSON-0478,SUSPECT
ADV-CP-0623,CASE-1030,PERSON-0133,SUSPECT
ADV-CP-0624,CASE-1030,PERSON-0444,SUSPECT
ADV-CP-0625,CASE-0623,PERSON-0531,SUSPECT
ADV-CP-0626,CASE-0623,PERSON-0157,SUSPECT
ADV-CP-0627,CASE-0582,PERSON-0964,SUSPECT
ADV-CP-0628,CASE-0582,PERSON-0532,SUSPECT
ADV-CP-0629,CASE-0257,PERSON-0565,SUSPECT
ADV-CP-0630,CASE-0257,PERSON-0282,SUSPECT
ADV-CP-0631,CASE-1213,PERSON-0657,SUSPECT
ADV-CP-0632,CASE-1213,PERSON-0173,SUSPECT
ADV-CP-0633,CASE-1240,PERSON-0738,SUSPECT
ADV-CP-0634,CASE-1240,PERSON-0924,SUSPECT
ADV-CP-0635,CASE-0059,PERSON-0846,SUSPECT
ADV-CP-0636,CASE-0059,PERSON-0885,SUSPECT
ADV-CP-0637,CASE-0854,PERSON-0786,SUSPECT
ADV-CP-0638,CASE-0854,PERSON-0586,SUSPECT
ADV-CP-0639,CASE-0619,PERSON-0559,SUSPECT
ADV-CP-0640,CASE-0619,PERSON-0297,SUSPECT
ADV-CP-0641,CASE-0123,PERSON-0075,SUSPECT
ADV-CP-0642,CASE-0123,PERSON-0706,SUSPECT
ADV-CP-0643,CASE-0295,PERSON-0349,SUSPECT
ADV-CP-0644,CASE-0295,PERSON-0622,SUSPECT
ADV-CP-0645,CASE-0817,PERSON-0882,SUSPECT
ADV-CP-0646,CASE-0817,PERSON-0354,SUSPECT
ADV-CP-0647,CASE-0496,PERSON-0109,SUSPECT
ADV-CP-0648,CASE-0496,PERSON-0327,SUSPECT
ADV-CP-0649,CASE-0595,PERSON-0100,SUSPECT
ADV-CP-0650,CASE-0595,PERSON-0052,SUSPECT
ADV-CP-0651,CASE-0328,PERSON-0887,SUSPECT
ADV-CP-0652,CASE-0328,PERSON-0924,SUSPECT
ADV-CP-0653,CASE-1055,PERSON-0164,SUSPECT
ADV-CP-0654,CASE-1055,PERSON-0511,SUSPECT
ADV-CP-0655,CASE-0806,PERSON-0093,SUSPECT
ADV-CP-0656,CASE-0806,PERSON-0968,SUSPECT
ADV-CP-0657,CASE-0104,PERSON-0362,SUSPECT
ADV-CP-0658,CASE-0104,PERSON-0050,SUSPECT
ADV-CP-0659,CASE-0221,PERSON-0009,SUSPECT
ADV-CP-0660,CASE-0221,PERSON-0868,SUSPECT
ADV-CP-0661,CASE-0750,PERSON-0783,SUSPECT
ADV-CP-0662,CASE-0750,PERSON-0413,SUSPECT
ADV-CP-0663,CASE-0792,PERSON-0296,SUSPECT
ADV-CP-0664,CASE-0792,PERSON-0076,SUSPECT
ADV-CP-0665,CASE-0244,PERSON-0639,SUSPECT
ADV-CP-0666,CASE-0244,PERSON-0697,SUSPECT
ADV-CP-0667,CASE-1143,PERSON-0814,SUSPECT
ADV-CP-0668,CASE-1143,PERSON-0348,SUSPECT
ADV-CP-0669,CASE-1025,PERSON-0522,SUSPECT
ADV-CP-0670,CASE-1025,PERSON-0412,SUSPECT
ADV-CP-0671,CASE-1064,PERSON-0824,SUSPECT
ADV-CP-0672,CASE-1064,PERSON-0486,SUSPECT
ADV-CP-0673,CASE-0653,PERSON-0954,SUSPECT
ADV-CP-0674,CASE-0653,PERSON-0628,SUSPECT
ADV-CP-0675,CASE-1044,PERSON-0520,SUSPECT
ADV-CP-0676,CASE-1044,PERSON-0849,SUSPECT
ADV-CP-0677,CASE-0679,PERSON-0018,SUSPECT
ADV-CP-0678,CASE-0679,PERSON-0378,SUSPECT
ADV-CP-0679,CASE-0055,PERSON-0816,SUSPECT
ADV-CP-0680,CASE-0055,PERSON-0921,SUSPECT
ADV-CP-0681,CASE-0350,PERSON-0598,SUSPECT
ADV-CP-0682,CASE-0350,PERSON-0492,SUSPECT
ADV-CP-0683,CASE-0065,PERSON-0698,SUSPECT
ADV-CP-0684,CASE-0065,PERSON-0249,SUSPECT
ADV-CP-0685,CASE-0643,PERSON-0020,SUSPECT
ADV-CP-0686,CASE-0643,PERSON-0452,SUSPECT
ADV-CP-0687,CASE-0966,PERSON-0794,SUSPECT
ADV-CP-0688,CASE-0966,PERSON-0627,SUSPECT
ADV-CP-0689,CASE-1063,PERSON-0723,SUSPECT
ADV-CP-0690,CASE-1063,PERSON-0142,SUSPECT
ADV-CP-0691,CASE-0355,PERSON-0322,SUSPECT
ADV-CP-0692,CASE-0355,PERSON-0980,SUSPECT
ADV-CP-0693,CASE-0542,PERSON-0363,SUSPECT
ADV-CP-0694,CASE-0542,PERSON-0693,SUSPECT
ADV-CP-0695,CASE-0610,PERSON-0306,SUSPECT
ADV-CP-0696,CASE-0610,PERSON-0231,SUSPECT
ADV-CP-0697,CASE-0983,PERSON-0501,SUSPECT
ADV-CP-0698,CASE-0983,PERSON-0325,SUSPECT
ADV-CP-0699,CASE-1113,PERSON-0588,SUSPECT
ADV-CP-0700,CASE-1113,PERSON-0693,SUSPECT
ADV-CP-0701,CASE-0300,PERSON-0354,SUSPECT
ADV-CP-0702,CASE-0300,PERSON-0978,SUSPECT
ADV-CP-0703,CASE-0162,PERSON-0979,SUSPECT
ADV-CP-0704,CASE-0162,PERSON-0732,SUSPECT
ADV-CP-0705,CASE-0982,PERSON-0672,SUSPECT
ADV-CP-0706,CASE-0982,PERSON-0263,SUSPECT
ADV-CP-0707,CASE-1202,PERSON-0112,SUSPECT
ADV-CP-0708,CASE-1202,PERSON-0631,SUSPECT
ADV-CP-0709,CASE-1088,PERSON-0686,SUSPECT
ADV-CP-0710,CASE-1088,PERSON-0927,SUSPECT
ADV-CP-0711,CASE-0847,PERSON-0054,SUSPECT
ADV-CP-0712,CASE-0847,PERSON-0103,SUSPECT
ADV-CP-0713,CASE-0282,PERSON-0103,SUSPECT
ADV-CP-0714,CASE-0282,PERSON-0698,SUSPECT
ADV-CP-0715,CASE-0359,PERSON-0936,SUSPECT
ADV-CP-0716,CASE-0359,PERSON-0944,SUSPECT
ADV-CP-0717,CASE-0019,PERSON-0898,SUSPECT
ADV-CP-0718,CASE-0019,PERSON-0039,SUSPECT
ADV-CP-0719,CASE-0687,PERSON-0110,SUSPECT
ADV-CP-0720,CASE-0687,PERSON-0951,SUSPECT
ADV-CP-0721,CASE-0959,PERSON-0872,SUSPECT
ADV-CP-0722,CASE-0959,PERSON-0517,SUSPECT
ADV-CP-0723,CASE-0396,PERSON-0691,SUSPECT
ADV-CP-0724,CASE-0396,PERSON-0776,SUSPECT
ADV-CP-0725,CASE-0196,PERSON-0411,SUSPECT
ADV-CP-0726,CASE-0196,PERSON-0686,SUSPECT
ADV-CP-0727,CASE-0509,PERSON-0489,SUSPECT
ADV-CP-0728,CASE-0509,PERSON-0332,SUSPECT
ADV-CP-0729,CASE-1174,PERSON-0597,SUSPECT
ADV-CP-0730,CASE-1174,PERSON-0741,SUSPECT
ADV-CP-0731,CASE-0484,PERSON-0369,SUSPECT
ADV-CP-0732,CASE-0484,PERSON-0710,SUSPECT
ADV-CP-0733,CASE-0328,PERSON-0477,SUSPECT
ADV-CP-0734,CASE-0328,PERSON-0315,SUSPECT
ADV-CP-0735,CASE-0605,PERSON-0939,SUSPECT
ADV-CP-0736,CASE-0605,PERSON-0964,SUSPECT
ADV-CP-0737,CASE-0274,PERSON-0225,SUSPECT
ADV-CP-0738,CASE-0274,PERSON-0981,SUSPECT
ADV-CP-0739,CASE-0766,PERSON-0766,SUSPECT
ADV-CP-0740,CASE-0766,PERSON-0621,SUSPECT
ADV-CP-0741,CASE-0230,PERSON-0940,SUSPECT
ADV-CP-0742,CASE-0230,PERSON-0578,SUSPECT
ADV-CP-0743,CASE-1066,PERSON-0169,SUSPECT
ADV-CP-0744,CASE-1066,PERSON-0336,SUSPECT
ADV-CP-0745,CASE-1195,PERSON-0211,SUSPECT
ADV-CP-0746,CASE-1195,PERSON-0735,SUSPECT
ADV-CP-0747,CASE-0114,PERSON-0457,SUSPECT
ADV-CP-0748,CASE-0114,PERSON-0829,SUSPECT
ADV-CP-0749,CASE-1155,PERSON-0426,SUSPECT
ADV-CP-0750,CASE-1155,PERSON-0468,SUSPECT
ADV-CP-0751,CASE-0868,PERSON-0075,SUSPECT
ADV-CP-0752,CASE-0868,PERSON-0047,SUSPECT
ADV-CP-0753,CASE-0838,PERSON-0033,SUSPECT
ADV-CP-0754,CASE-0838,PERSON-0294,SUSPECT
ADV-CP-0755,CASE-0861,PERSON-0785,SUSPECT
ADV-CP-0756,CASE-0861,PERSON-0657,SUSPECT
ADV-CP-0757,CASE-0774,PERSON-0460,SUSPECT
ADV-CP-0758,CASE-0774,PERSON-0891,SUSPECT
ADV-CP-0759,CASE-1105,PERSON-0988,SUSPECT
ADV-CP-0760,CASE-1105,PERSON-0678,SUSPECT
ADV-CP-0761,CASE-1101,PERSON-0122,SUSPECT
ADV-CP-0762,CASE-1101,PERSON-0183,SUSPECT
ADV-CP-0763,CASE-1116,PERSON-0475,SUSPECT
ADV-CP-0764,CASE-1116,PERSON-0690,SUSPECT
ADV-CP-0765,CASE-0507,PERSON-0844,SUSPECT
ADV-CP-0766,CASE-0507,PERSON-0236,SUSPECT
ADV-CP-0767,CASE-0232,PERSON-0283,SUSPECT
ADV-CP-0768,CASE-0232,PERSON-0194,SUSPECT
ADV-CP-0769,CASE-0033,PERSON-0430,SUSPECT
ADV-CP-0770,CASE-0033,PERSON-0630,SUSPECT
ADV-CP-0771,CASE-0069,PERSON-0104,SUSPECT
ADV-CP-0772,CASE-0069,PERSON-0609,SUSPECT
ADV-CP-0773,CASE-0100,PERSON-0721,SUSPECT
ADV-CP-0774,CASE-0100,PERSON-0894,SUSPECT
ADV-CP-0775,CASE-0593,PERSON-0144,SUSPECT
ADV-CP-0776,CASE-0593,PERSON-0516,SUSPECT
ADV-CP-0777,CASE-0616,PERSON-0227,SUSPECT
ADV-CP-0778,CASE-0616,PERSON-0424,SUSPECT
ADV-CP-0779,CASE-1075,PERSON-0688,SUSPECT
ADV-CP-0780,CASE-1075,PERSON-0391,SUSPECT
ADV-CP-0781,CASE-0615,PERSON-0419,SUSPECT
ADV-CP-0782,CASE-0615,PERSON-0153,SUSPECT
ADV-CP-0783,CASE-0462,PERSON-0485,SUSPECT
ADV-CP-0784,CASE-0462,PERSON-0247,SUSPECT
ADV-CP-0785,CASE-0523,PERSON-0398,SUSPECT
ADV-CP-0786,CASE-0523,PERSON-0249,SUSPECT
ADV-CP-0787,CASE-0391,PERSON-0549,SUSPECT
ADV-CP-0788,CASE-0391,PERSON-0742,SUSPECT
ADV-CP-0789,CASE-1235,PERSON-0690,SUSPECT
ADV-CP-0790,CASE-1235,PERSON-0620,SUSPECT
ADV-CP-0791,CASE-0032,PERSON-0311,SUSPECT
ADV-CP-0792,CASE-0032,PERSON-0980,SUSPECT
ADV-CP-0793,CASE-1131,PERSON-0938,SUSPECT
ADV-CP-0794,CASE-1131,PERSON-0246,SUSPECT
ADV-CP-0795,CASE-0760,PERSON-0937,SUSPECT
ADV-CP-0796,CASE-0760,PERSON-0209,SUSPECT
ADV-CP-0797,CASE-0402,PERSON-0303,SUSPECT
ADV-CP-0798,CASE-0402,PERSON-0157,SUSPECT
ADV-CP-0799,CASE-0504,PERSON-0584,SUSPECT
ADV-CP-0800,CASE-0504,PERSON-0854,SUSPECT
ADV-CP-0801,CASE-0692,PERSON-0967,SUSPECT
ADV-CP-0802,CASE-0692,PERSON-0702,SUSPECT
ADV-CP-0803,CASE-1005,PERSON-0990,SUSPECT
ADV-CP-0804,CASE-1005,PERSON-0741,SUSPECT
ADV-CP-0805,CASE-1120,PERSON-0174,SUSPECT
ADV-CP-0806,CASE-1120,PERSON-0144,SUSPECT
ADV-CP-0807,CASE-0474,PERSON-0141,SUSPECT
ADV-CP-0808,CASE-0474,PERSON-0863,SUSPECT
ADV-CP-0809,CASE-1036,PERSON-0010,SUSPECT
ADV-CP-0810,CASE-1036,PERSON-0224,SUSPECT
ADV-CP-0811,CASE-1130,PERSON-0007,SUSPECT
ADV-CP-0812,CASE-1130,PERSON-0545,SUSPECT
ADV-CP-0813,CASE-1079,PERSON-0197,SUSPECT
ADV-CP-0814,CASE-1079,PERSON-0635,SUSPECT
ADV-CP-0815,CASE-0813,PERSON-0274,SUSPECT
ADV-CP-0816,CASE-0813,PERSON-0815,SUSPECT
ADV-CP-0817,CASE-0192,PERSON-0778,SUSPECT
ADV-CP-0818,CASE-0192,PERSON-0033,SUSPECT
ADV-CP-0819,CASE-0088,PERSON-0917,SUSPECT
ADV-CP-0820,CASE-0088,PERSON-0541,SUSPECT
ADV-CP-0821,CASE-0974,PERSON-0909,SUSPECT
ADV-CP-0822,CASE-0974,PERSON-0581,SUSPECT
ADV-CP-0823,CASE-0158,PERSON-0841,SUSPECT
ADV-CP-0824,CASE-0158,PERSON-0408,SUSPECT
ADV-CP-0825,CASE-0896,PERSON-0055,SUSPECT
ADV-CP-0826,CASE-0896,PERSON-0101,SUSPECT
ADV-CP-0827,CASE-1220,PERSON-0349,SUSPECT
ADV-CP-0828,CASE-1220,PERSON-0620,SUSPECT
ADV-CP-0829,CASE-0549,PERSON-0076,SUSPECT
ADV-CP-0830,CASE-0549,PERSON-0085,SUSPECT
ADV-CP-0831,CASE-0188,PERSON-0370,SUSPECT
ADV-CP-0832,CASE-0188,PERSON-0110,SUSPECT
ADV-CP-0833,CASE-0553,PERSON-0456,SUSPECT
ADV-CP-0834,CASE-0553,PERSON-0369,SUSPECT
ADV-CP-0835,CASE-0054,PERSON-0418,SUSPECT
ADV-CP-0836,CASE-0054,PERSON-0106,SUSPECT
ADV-CP-0837,CASE-0848,PERSON-0013,SUSPECT
ADV-CP-0838,CASE-0848,PERSON-0299,SUSPECT
ADV-CP-0839,CASE-0617,PERSON-0143,SUSPECT
ADV-CP-0840,CASE-0617,PERSON-0276,SUSPECT
ADV-CP-0841,CASE-0891,PERSON-0065,SUSPECT
ADV-CP-0842,CASE-0891,PERSON-0172,SUSPECT
ADV-CP-0843,CASE-0158,PERSON-0496,SUSPECT
ADV-CP-0844,CASE-0158,PERSON-0802,SUSPECT
ADV-CP-0845,CASE-0278,PERSON-0469,SUSPECT
ADV-CP-0846,CASE-0278,PERSON-0110,SUSPECT
ADV-CP-0847,CASE-0279,PERSON-0998,SUSPECT
ADV-CP-0848,CASE-0279,PERSON-0609,SUSPECT
ADV-CP-0849,CASE-0412,PERSON-0971,SUSPECT
ADV-CP-0850,CASE-0412,PERSON-0712,SUSPECT
ADV-CP-0851,CASE-0654,PERSON-0988,SUSPECT
ADV-CP-0852,CASE-0654,PERSON-0408,SUSPECT
ADV-CP-0853,CASE-0805,PERSON-0386,SUSPECT
ADV-CP-0854,CASE-0805,PERSON-0288,SUSPECT
ADV-CP-0855,CASE-1118,PERSON-0205,SUSPECT
ADV-CP-0856,CASE-1118,PERSON-0607,SUSPECT
ADV-CP-0857,CASE-0496,PERSON-0649,SUSPECT
ADV-CP-0858,CASE-0496,PERSON-0311,SUSPECT
ADV-CP-0859,CASE-0141,PERSON-0694,WITNESS
ADV-CP-0860,CASE-0141,PERSON-0147,SUSPECT
ADV-CP-0861,CASE-0018,PERSON-0544,WITNESS
ADV-CP-0862,CASE-0018,PERSON-0577,SUSPECT
ADV-CP-0863,CASE-0337,PERSON-0625,WITNESS
ADV-CP-0864,CASE-0337,PERSON-0666,SUSPECT
ADV-CP-0865,CASE-0437,PERSON-0451,WITNESS
ADV-CP-0866,CASE-0437,PERSON-0360,SUSPECT
ADV-CP-0867,CASE-0311,PERSON-0644,WITNESS
ADV-CP-0868,CASE-0311,PERSON-0767,SUSPECT
ADV-CP-0869,CASE-0907,PERSON-0942,WITNESS
ADV-CP-0870,CASE-0907,PERSON-0422,SUSPECT
ADV-CP-0871,CASE-0178,PERSON-0881,WITNESS
ADV-CP-0872,CASE-0178,PERSON-0223,SUSPECT
ADV-CP-0873,CASE-0287,PERSON-0919,WITNESS
ADV-CP-0874,CASE-0287,PERSON-0103,SUSPECT
ADV-CP-0875,CASE-1208,PERSON-0771,WITNESS
ADV-CP-0876,CASE-1208,PERSON-0127,SUSPECT
ADV-CP-0877,CASE-0720,PERSON-0748,WITNESS
ADV-CP-0878,CASE-0720,PERSON-0394,SUSPECT
ADV-CP-0879,CASE-0645,PERSON-0987,WITNESS
ADV-CP-0880,CASE-0645,PERSON-0440,SUSPECT
ADV-CP-0881,CASE-0508,PERSON-0811,WITNESS
ADV-CP-0882,CASE-0508,PERSON-0144,SUSPECT
ADV-CP-0883,CASE-0173,PERSON-0284,WITNESS
ADV-CP-0884,CASE-0173,PERSON-0661,SUSPECT
ADV-CP-0885,CASE-1231,PERSON-0255,WITNESS
ADV-CP-0886,CASE-1231,PERSON-0567,SUSPECT
ADV-CP-0887,CASE-1245,PERSON-0615,WITNESS
ADV-CP-0888,CASE-1245,PERSON-0739,SUSPECT
ADV-CP-0889,CASE-0055,PERSON-0292,WITNESS
ADV-CP-0890,CASE-0055,PERSON-0798,SUSPECT
ADV-CP-0891,CASE-0618,PERSON-0869,WITNESS
ADV-CP-0892,CASE-0618,PERSON-0868,SUSPECT
ADV-CP-0893,CASE-1243,PERSON-0211,WITNESS
ADV-CP-0894,CASE-1243,PERSON-0531,SUSPECT
ADV-CP-0895,CASE-0803,PERSON-0522,WITNESS
ADV-CP-0896,CASE-0803,PERSON-0194,SUSPECT
ADV-CP-0897,CASE-0112,PERSON-0303,WITNESS
ADV-CP-0898,CASE-0112,PERSON-0662,SUSPECT
ADV-CP-0899,CASE-0491,PERSON-0803,WITNESS
ADV-CP-0900,CASE-0491,PERSON-0920,SUSPECT
ADV-CP-0901,CASE-0231,PERSON-0507,WITNESS
ADV-CP-0902,CASE-0231,PERSON-0396,SUSPECT
ADV-CP-0903,CASE-1217,PERSON-0247,WITNESS
ADV-CP-0904,CASE-1217,PERSON-0512,SUSPECT
ADV-CP-0905,CASE-0025,PERSON-0073,WITNESS
ADV-CP-0906,CASE-0025,PERSON-0541,SUSPECT
ADV-CP-0907,CASE-0649,PERSON-0370,WITNESS
ADV-CP-0908,CASE-0649,PERSON-0957,SUSPECT
ADV-CP-0909,CASE-1165,PERSON-0136,WITNESS
ADV-CP-0910,CASE-1165,PERSON-0397,SUSPECT
ADV-CP-0911,CASE-1119,PERSON-0431,WITNESS
ADV-CP-0912,CASE-1119,PERSON-0375,SUSPECT
ADV-CP-0913,CASE-0965,PERSON-0700,WITNESS
ADV-CP-0914,CASE-0965,PERSON-0177,SUSPECT
ADV-CP-0915,CASE-0150,PERSON-0978,WITNESS
ADV-CP-0916,CASE-0150,PERSON-0789,SUSPECT
ADV-CP-0917,CASE-0139,PERSON-0018,WITNESS
ADV-CP-0918,CASE-0139,PERSON-0602,SUSPECT
ADV-CP-0919,CASE-0442,PERSON-0015,WITNESS
ADV-CP-0920,CASE-0442,PERSON-0269,SUSPECT
ADV-CP-0921,CASE-0124,PERSON-0041,WITNESS
ADV-CP-0922,CASE-0124,PERSON-0945,SUSPECT
ADV-CP-0923,CASE-0816,PERSON-0972,WITNESS
ADV-CP-0924,CASE-0816,PERSON-0809,SUSPECT
ADV-CP-0925,CASE-1027,PERSON-0519,WITNESS
ADV-CP-0926,CASE-1027,PERSON-0294,SUSPECT
ADV-CP-0927,CASE-0868,PERSON-0786,WITNESS
ADV-CP-0928,CASE-0868,PERSON-0426,SUSPECT
ADV-CP-0929,CASE-0169,PERSON-0719,WITNESS
ADV-CP-0930,CASE-0169,PERSON-0412,SUSPECT
ADV-CP-0931,CASE-1102,PERSON-0656,WITNESS
ADV-CP-0932,CASE-1102,PERSON-0550,SUSPECT
ADV-CP-0933,CASE-0569,PERSON-0631,WITNESS
ADV-CP-0934,CASE-0569,PERSON-0157,SUSPECT
ADV-CP-0935,CASE-0162,PERSON-0086,WITNESS
ADV-CP-0936,CASE-0162,PERSON-0318,SUSPECT
ADV-CP-0937,CASE-0417,PERSON-0524,WITNESS
ADV-CP-0938,CASE-0417,PERSON-0944,SUSPECT
ADV-CP-0939,CASE-0319,PERSON-0998,WITNESS
ADV-CP-0940,CASE-0319,PERSON-0828,SUSPECT
ADV-CP-0941,CASE-0801,PERSON-0550,WITNESS
ADV-CP-0942,CASE-0801,PERSON-0335,SUSPECT
ADV-CP-0943,CASE-0136,PERSON-0601,WITNESS
ADV-CP-0944,CASE-0136,PERSON-0650,SUSPECT
ADV-CP-0945,CASE-0896,PERSON-0318,WITNESS
ADV-CP-0946,CASE-0896,PERSON-0716,SUSPECT
ADV-CP-0947,CASE-0489,PERSON-0748,WITNESS
ADV-CP-0948,CASE-0489,PERSON-0977,SUSPECT
ADV-CP-0949,CASE-0177,PERSON-0060,WITNESS
ADV-CP-0950,CASE-0177,PERSON-0251,SUSPECT
ADV-CP-0951,CASE-0238,PERSON-0947,WITNESS
ADV-CP-0952,CASE-0238,PERSON-0445,SUSPECT
ADV-CP-0953,CASE-1247,PERSON-0465,WITNESS
ADV-CP-0954,CASE-1247,PERSON-0627,SUSPECT
ADV-CP-0955,CASE-0360,PERSON-0057,WITNESS
ADV-CP-0956,CASE-0360,PERSON-0317,SUSPECT
ADV-CP-0957,CASE-0282,PERSON-0123,WITNESS
ADV-CP-0958,CASE-0282,PERSON-0013,SUSPECT
ADV-CP-0959,CASE-0336,PERSON-0719,WITNESS
ADV-CP-0960,CASE-0336,PERSON-0012,SUSPECT
ADV-CP-0961,CASE-0711,PERSON-0509,WITNESS
ADV-CP-0962,CASE-0711,PERSON-0976,SUSPECT
ADV-CP-0963,CASE-0531,PERSON-0536,WITNESS
ADV-CP-0964,CASE-0531,PERSON-0530,SUSPECT
ADV-CP-0965,CASE-0260,PERSON-0171,WITNESS
ADV-CP-0966,CASE-0260,PERSON-0381,SUSPECT
ADV-CP-0967,CASE-0551,PERSON-0768,WITNESS
ADV-CP-0968,CASE-0551,PERSON-0800,SUSPECT
ADV-CP-0969,CASE-0242,PERSON-0751,WITNESS
ADV-CP-0970,CASE-0242,PERSON-0908,SUSPECT
ADV-CP-0971,CASE-0061,PERSON-0790,WITNESS
ADV-CP-0972,CASE-0061,PERSON-0922,SUSPECT
ADV-CP-0973,CASE-0880,PERSON-0344,WITNESS
ADV-CP-0974,CASE-0880,PERSON-0827,SUSPECT
ADV-CP-0975,CASE-0131,PERSON-0279,WITNESS
ADV-CP-0976,CASE-0131,PERSON-0537,SUSPECT
ADV-CP-0977,CASE-1181,PERSON-0270,WITNESS
ADV-CP-0978,CASE-1181,PERSON-0730,SUSPECT
ADV-CP-0979,CASE-1017,PERSON-0643,WITNESS
ADV-CP-0980,CASE-1017,PERSON-0079,SUSPECT
ADV-CP-0981,CASE-0738,PERSON-0467,WITNESS
ADV-CP-0982,CASE-0738,PERSON-0524,SUSPECT
ADV-CP-0983,CASE-1161,PERSON-0057,WITNESS
ADV-CP-0984,CASE-1161,PERSON-0512,SUSPECT
ADV-CP-0985,CASE-0323,PERSON-0171,WITNESS
ADV-CP-0986,CASE-0323,PERSON-0377,SUSPECT
ADV-CP-0987,CASE-0211,PERSON-0262,WITNESS
ADV-CP-0988,CASE-0211,PERSON-0792,SUSPECT
ADV-CP-0989,CASE-0237,PERSON-0916,WITNESS
ADV-CP-0990,CASE-0237,PERSON-0588,SUSPECT
ADV-CP-0991,CASE-1043,PERSON-0234,WITNESS
ADV-CP-0992,CASE-1043,PERSON-0759,SUSPECT
ADV-CP-0993,CASE-0026,PERSON-0003,WITNESS
ADV-CP-0994,CASE-0026,PERSON-0046,SUSPECT
ADV-CP-0995,CASE-0967,PERSON-0251,WITNESS
ADV-CP-0996,CASE-0967,PERSON-0048,SUSPECT
ADV-CP-0997,CASE-0308,PERSON-0373,WITNESS
ADV-CP-0998,CASE-0308,PERSON-0393,SUSPECT
ADV-CP-0999,CASE-0073,PERSON-0184,WITNESS
ADV-CP-1000,CASE-0073,PERSON-0954,SUSPECT
ADV-CP-1001,CASE-0859,PERSON-0567,WITNESS
ADV-CP-1002,CASE-0859,PERSON-0823,SUSPECT
ADV-CP-1003,CASE-0509,PERSON-0230,WITNESS
ADV-CP-1004,CASE-0509,PERSON-0330,SUSPECT
ADV-CP-1005,CASE-0656,PERSON-0427,WITNESS
ADV-CP-1006,CASE-0656,PERSON-0938,SUSPECT
ADV-CP-1007,CASE-0160,PERSON-0278,WITNESS
ADV-CP-1008,CASE-0160,PERSON-0846,SUSPECT
ADV-CP-1009,CASE-0245,PERSON-0586,WITNESS
ADV-CP-1010,CASE-0245,PERSON-0382,SUSPECT
ADV-CP-1011,CASE-0108,PERSON-0515,WITNESS
ADV-CP-1012,CASE-0108,PERSON-0690,SUSPECT
ADV-CP-1013,CASE-1057,PERSON-0184,WITNESS
ADV-CP-1014,CASE-1057,PERSON-0229,SUSPECT
ADV-CP-1015,CASE-0822,PERSON-0048,WITNESS
ADV-CP-1016,CASE-0822,PERSON-0977,SUSPECT
ADV-CP-1017,CASE-0953,PERSON-0071,WITNESS
ADV-CP-1018,CASE-0953,PERSON-0899,SUSPECT
ADV-CP-1019,CASE-0637,PERSON-0887,WITNESS
ADV-CP-1020,CASE-0637,PERSON-0290,SUSPECT
ADV-CP-1021,CASE-1133,PERSON-0336,WITNESS
ADV-CP-1022,CASE-1133,PERSON-0089,SUSPECT
ADV-CP-1023,CASE-0756,PERSON-0468,WITNESS
ADV-CP-1024,CASE-0756,PERSON-0009,SUSPECT
ADV-CP-1025,CASE-1155,PERSON-0206,WITNESS
ADV-CP-1026,CASE-1155,PERSON-0299,SUSPECT
ADV-CP-1027,CASE-0497,PERSON-0804,WITNESS
ADV-CP-1028,CASE-0497,PERSON-0312,SUSPECT
ADV-CP-1029,CASE-1212,PERSON-0476,WITNESS
ADV-CP-1030,CASE-1212,PERSON-0378,SUSPECT
ADV-CP-1031,CASE-0401,PERSON-0996,WITNESS
ADV-CP-1032,CASE-0401,PERSON-0506,SUSPECT
ADV-CP-1033,CASE-1120,PERSON-0751,WITNESS
ADV-CP-1034,CASE-1120,PERSON-0923,SUSPECT
ADV-CP-1035,CASE-0503,PERSON-0779,WITNESS
ADV-CP-1036,CASE-0503,PERSON-0816,SUSPECT
ADV-CP-1037,CASE-0840,PERSON-0155,WITNESS
ADV-CP-1038,CASE-0840,PERSON-0007,SUSPECT
ADV-CP-1039,CASE-1110,PERSON-0025,WITNESS
ADV-CP-1040,CASE-1110,PERSON-0239,SUSPECT
ADV-CP-1041,CASE-0020,PERSON-0355,WITNESS
ADV-CP-1042,CASE-0020,PERSON-0652,SUSPECT
ADV-CP-1043,CASE-0003,PERSON-0974,WITNESS
ADV-CP-1044,CASE-0003,PERSON-0344,SUSPECT
ADV-CP-1045,CASE-0771,PERSON-0778,WITNESS
ADV-CP-1046,CASE-0771,PERSON-0674,SUSPECT
ADV-CP-1047,CASE-0630,PERSON-0870,WITNESS
ADV-CP-1048,CASE-0630,PERSON-0756,SUSPECT
ADV-CP-1049,CASE-1086,PERSON-0107,WITNESS
ADV-CP-1050,CASE-1086,PERSON-0211,SUSPECT
ADV-CP-1051,CASE-1008,PERSON-0244,WITNESS
ADV-CP-1052,CASE-1008,PERSON-0430,SUSPECT
ADV-CP-1053,CASE-0292,PERSON-0985,WITNESS
ADV-CP-1054,CASE-0292,PERSON-0062,SUSPECT
ADV-CP-1055,CASE-0191,PERSON-0729,WITNESS
ADV-CP-1056,CASE-0191,PERSON-0287,SUSPECT
ADV-CP-1057,CASE-0475,PERSON-0045,WITNESS
ADV-CP-1058,CASE-0475,PERSON-0944,SUSPECT
ADV-CP-1059,CASE-1065,PERSON-0919,WITNESS
ADV-CP-1060,CASE-1065,PERSON-0866,SUSPECT
ADV-CP-1061,CASE-0763,PERSON-0423,WITNESS
ADV-CP-1062,CASE-0763,PERSON-0718,SUSPECT
ADV-CP-1063,CASE-0174,PERSON-0470,WITNESS
ADV-CP-1064,CASE-0174,PERSON-0998,SUSPECT
ADV-CP-1065,CASE-1036,PERSON-0595,WITNESS
ADV-CP-1066,CASE-1036,PERSON-0098,SUSPECT
ADV-CP-1067,CASE-0808,PERSON-0137,WITNESS
ADV-CP-1068,CASE-0808,PERSON-0653,SUSPECT
ADV-CP-1069,CASE-1163,PERSON-0077,WITNESS
ADV-CP-1070,CASE-1163,PERSON-0607,SUSPECT
ADV-CP-1071,CASE-0268,PERSON-0064,WITNESS
ADV-CP-1072,CASE-0268,PERSON-0446,SUSPECT
ADV-CP-1073,CASE-0535,PERSON-0243,WITNESS
ADV-CP-1074,CASE-0535,PERSON-0299,SUSPECT
ADV-CP-1075,CASE-0805,PERSON-0872,WITNESS
ADV-CP-1076,CASE-0805,PERSON-0323,SUSPECT
ADV-CP-1077,CASE-0669,PERSON-0718,WITNESS
ADV-CP-1078,CASE-0669,PERSON-0852,SUSPECT
ADV-CP-1079,CASE-0557,PERSON-0326,WITNESS
ADV-CP-1080,CASE-0557,PERSON-0464,SUSPECT
ADV-CP-1081,CASE-0416,PERSON-0240,WITNESS
ADV-CP-1082,CASE-0416,PERSON-0077,SUSPECT
ADV-CP-1083,CASE-1198,PERSON-0140,WITNESS
ADV-CP-1084,CASE-1198,PERSON-0799,SUSPECT
ADV-CP-1085,CASE-0217,PERSON-0112,WITNESS
ADV-CP-1086,CASE-0217,PERSON-0160,SUSPECT
ADV-CP-1087,CASE-0955,PERSON-0169,WITNESS
ADV-CP-1088,CASE-0955,PERSON-0461,SUSPECT
ADV-CP-1089,CASE-0248,PERSON-0322,WITNESS
ADV-CP-1090,CASE-0248,PERSON-0417,SUSPECT
ADV-CP-1091,CASE-0426,PERSON-0549,WITNESS
ADV-CP-1092,CASE-0426,PERSON-0367,SUSPECT
ADV-CP-1093,CASE-0949,PERSON-0463,WITNESS
ADV-CP-1094,CASE-0949,PERSON-0316,SUSPECT
ADV-CP-1095,CASE-0246,PERSON-0272,WITNESS
ADV-CP-1096,CASE-0246,PERSON-0873,SUSPECT
ADV-CP-1097,CASE-0624,PERSON-0093,WITNESS
ADV-CP-1098,CASE-0624,PERSON-0162,SUSPECT
ADV-CP-1099,CASE-1236,PERSON-0847,WITNESS
ADV-CP-1100,CASE-1236,PERSON-0722,SUSPECT
ADV-CP-1101,CASE-0672,PERSON-0042,WITNESS
ADV-CP-1102,CASE-0672,PERSON-0221,SUSPECT
ADV-CP-1103,CASE-0509,PERSON-0152,WITNESS
ADV-CP-1104,CASE-0509,PERSON-0094,SUSPECT
ADV-CP-1105,CASE-0812,PERSON-0992,WITNESS
ADV-CP-1106,CASE-0812,PERSON-0365,SUSPECT
ADV-CP-1107,CASE-0613,PERSON-0526,WITNESS
ADV-CP-1108,CASE-0613,PERSON-0051,SUSPECT
ADV-CP-1109,CASE-0357,PERSON-0267,WITNESS
ADV-CP-1110,CASE-0357,PERSON-0840,SUSPECT
ADV-CP-1111,CASE-0829,PERSON-0032,WITNESS
ADV-CP-1112,CASE-0829,PERSON-0975,SUSPECT
ADV-CP-1113,CASE-1139,PERSON-0876,WITNESS
ADV-CP-1114,CASE-1139,PERSON-0464,SUSPECT
ADV-CP-1115,CASE-0512,PERSON-0767,WITNESS
ADV-CP-1116,CASE-0512,PERSON-0564,SUSPECT
ADV-CP-1117,CASE-0209,PERSON-0097,WITNESS
ADV-CP-1118,CASE-0209,PERSON-0474,SUSPECT
ADV-CP-1119,CASE-0287,PERSON-0824,WITNESS
ADV-CP-1120,CASE-0287,PERSON-0813,SUSPECT
ADV-CP-1121,CASE-0127,PERSON-0125,WITNESS
ADV-CP-1122,CASE-0127,PERSON-0013,SUSPECT
ADV-CP-1123,CASE-0456,PERSON-0851,WITNESS
ADV-CP-1124,CASE-0456,PERSON-0800,SUSPECT
ADV-CP-1125,CASE-0821,PERSON-0134,WITNESS
ADV-CP-1126,CASE-0821,PERSON-0203,SUSPECT
ADV-CP-1127,CASE-0173,PERSON-0382,WITNESS
ADV-CP-1128,CASE-0173,PERSON-0703,SUSPECT
ADV-CP-1129,CASE-0531,PERSON-0597,WITNESS
ADV-CP-1130,CASE-0531,PERSON-0601,SUSPECT
ADV-CP-1131,CASE-0154,PERSON-0940,WITNESS
ADV-CP-1132,CASE-0154,PERSON-0833,SUSPECT
ADV-CP-1133,CASE-0405,PERSON-0023,WITNESS
ADV-CP-1134,CASE-0405,PERSON-0067,SUSPECT
ADV-CP-1135,CASE-0909,PERSON-0925,WITNESS
ADV-CP-1136,CASE-0909,PERSON-0662,SUSPECT
ADV-CP-1137,CASE-0189,PERSON-0829,WITNESS
ADV-CP-1138,CASE-0189,PERSON-0132,SUSPECT
ADV-CP-1139,CASE-0680,PERSON-0927,WITNESS
ADV-CP-1140,CASE-0680,PERSON-0868,SUSPECT
ADV-CP-1141,CASE-0945,PERSON-0126,WITNESS
ADV-CP-1142,CASE-0945,PERSON-0044,SUSPECT
ADV-CP-1143,CASE-1176,PERSON-0052,WITNESS
ADV-CP-1144,CASE-1176,PERSON-0173,SUSPECT
ADV-CP-1145,CASE-0809,PERSON-0444,WITNESS
ADV-CP-1146,CASE-0809,PERSON-0842,SUSPECT
ADV-CP-1147,CASE-0784,PERSON-0509,WITNESS
ADV-CP-1148,CASE-0784,PERSON-0031,SUSPECT
ADV-CP-1149,CASE-0354,PERSON-0700,WITNESS
ADV-CP-1150,CASE-0354,PERSON-0437,SUSPECT
ADV-CP-1151,CASE-0384,PERSON-0363,WITNESS
ADV-CP-1152,CASE-0384,PERSON-0220,SUSPECT
ADV-CP-1153,CASE-0914,PERSON-0282,WITNESS
ADV-CP-1154,CASE-0914,PERSON-0287,SUSPECT
ADV-CP-1155,CASE-0071,PERSON-0905,WITNESS
ADV-CP-1156,CASE-0071,PERSON-0153,SUSPECT
ADV-CP-1157,CASE-0504,PERSON-0629,WITNESS
ADV-CP-1158,CASE-0504,PERSON-0635,SUSPECT
ADV-CP-1159,CASE-0613,PERSON-0242,CIVIL_COMPLAINANT
ADV-CP-1160,CASE-0613,PERSON-0488,SUSPECT
ADV-CP-1161,CASE-0162,PERSON-0242,CIVIL_COMPLAINANT
ADV-CP-1162,CASE-0162,PERSON-0488,SUSPECT
ADV-CP-1163,CASE-0072,PERSON-0405,CIVIL_COMPLAINANT
ADV-CP-1164,CASE-0072,PERSON-0925,SUSPECT
ADV-CP-1165,CASE-1029,PERSON-0405,CIVIL_COMPLAINANT
ADV-CP-1166,CASE-1029,PERSON-0925,SUSPECT
ADV-CP-1167,CASE-1059,PERSON-0585,CIVIL_COMPLAINANT
ADV-CP-1168,CASE-1059,PERSON-0923,SUSPECT
ADV-CP-1169,CASE-1171,PERSON-0585,CIVIL_COMPLAINANT
ADV-CP-1170,CASE-1171,PERSON-0923,SUSPECT
ADV-CP-1171,CASE-0302,PERSON-0694,CIVIL_COMPLAINANT
ADV-CP-1172,CASE-0302,PERSON-0636,SUSPECT
ADV-CP-1173,CASE-0247,PERSON-0694,CIVIL_COMPLAINANT
ADV-CP-1174,CASE-0247,PERSON-0636,SUSPECT
ADV-CP-1175,CASE-0920,PERSON-0973,CIVIL_COMPLAINANT
ADV-CP-1176,CASE-0920,PERSON-0776,SUSPECT
ADV-CP-1177,CASE-0355,PERSON-0973,CIVIL_COMPLAINANT
ADV-CP-1178,CASE-0355,PERSON-0776,SUSPECT
ADV-CP-1179,CASE-0434,PERSON-0972,CIVIL_COMPLAINANT
ADV-CP-1180,CASE-0434,PERSON-0172,SUSPECT
ADV-CP-1181,CASE-0395,PERSON-0972,CIVIL_COMPLAINANT
ADV-CP-1182,CASE-0395,PERSON-0172,SUSPECT
ADV-CP-1183,CASE-0868,PERSON-0130,CIVIL_COMPLAINANT
ADV-CP-1184,CASE-0868,PERSON-0044,SUSPECT
ADV-CP-1185,CASE-0161,PERSON-0130,CIVIL_COMPLAINANT
ADV-CP-1186,CASE-0161,PERSON-0044,SUSPECT
ADV-CP-1187,CASE-0414,PERSON-0700,CIVIL_COMPLAINANT
ADV-CP-1188,CASE-0414,PERSON-0446,SUSPECT
ADV-CP-1189,CASE-0303,PERSON-0700,CIVIL_COMPLAINANT
ADV-CP-1190,CASE-0303,PERSON-0446,SUSPECT
ADV-CP-1191,CASE-0529,PERSON-0855,CIVIL_COMPLAINANT
ADV-CP-1192,CASE-0529,PERSON-0610,SUSPECT
ADV-CP-1193,CASE-0655,PERSON-0855,CIVIL_COMPLAINANT
ADV-CP-1194,CASE-0655,PERSON-0610,SUSPECT
ADV-CP-1195,CASE-0138,PERSON-0933,CIVIL_COMPLAINANT
ADV-CP-1196,CASE-0138,PERSON-0745,SUSPECT
ADV-CP-1197,CASE-0179,PERSON-0933,CIVIL_COMPLAINANT
ADV-CP-1198,CASE-0179,PERSON-0745,SUSPECT
ADV-CP-1199,CASE-0814,PERSON-0398,CIVIL_COMPLAINANT
ADV-CP-1200,CASE-0814,PERSON-0570,SUSPECT
ADV-CP-1201,CASE-1131,PERSON-0398,CIVIL_COMPLAINANT
ADV-CP-1202,CASE-1131,PERSON-0570,SUSPECT
ADV-CP-1203,CASE-0566,PERSON-0334,CIVIL_COMPLAINANT
ADV-CP-1204,CASE-0566,PERSON-0878,SUSPECT
ADV-CP-1205,CASE-1065,PERSON-0334,CIVIL_COMPLAINANT
ADV-CP-1206,CASE-1065,PERSON-0878,SUSPECT
ADV-CP-1207,CASE-0026,PERSON-0470,CIVIL_COMPLAINANT
ADV-CP-1208,CASE-0026,PERSON-0940,SUSPECT
ADV-CP-1209,CASE-1204,PERSON-0470,CIVIL_COMPLAINANT
ADV-CP-1210,CASE-1204,PERSON-0940,SUSPECT
ADV-CP-1211,CASE-0860,PERSON-0536,CIVIL_COMPLAINANT
ADV-CP-1212,CASE-0860,PERSON-0801,SUSPECT
ADV-CP-1213,CASE-0231,PERSON-0536,CIVIL_COMPLAINANT
ADV-CP-1214,CASE-0231,PERSON-0801,SUSPECT
ADV-CP-1215,CASE-0304,PERSON-0425,CIVIL_COMPLAINANT
ADV-CP-1216,CASE-0304,PERSON-0154,SUSPECT
ADV-CP-1217,CASE-1161,PERSON-0425,CIVIL_COMPLAINANT
ADV-CP-1218,CASE-1161,PERSON-0154,SUSPECT
ADV-CP-1219,CASE-0206,PERSON-0603,CIVIL_COMPLAINANT
ADV-CP-1220,CASE-0206,PERSON-0597,SUSPECT
ADV-CP-1221,CASE-0217,PERSON-0603,CIVIL_COMPLAINANT
ADV-CP-1222,CASE-0217,PERSON-0597,SUSPECT
ADV-CP-1223,CASE-0207,PERSON-0577,CIVIL_COMPLAINANT
ADV-CP-1224,CASE-0207,PERSON-0799,SUSPECT
ADV-CP-1225,CASE-0586,PERSON-0577,CIVIL_COMPLAINANT
ADV-CP-1226,CASE-0586,PERSON-0799,SUSPECT
ADV-CP-1227,CASE-0705,PERSON-0889,CIVIL_COMPLAINANT
ADV-CP-1228,CASE-0705,PERSON-0549,SUSPECT
ADV-CP-1229,CASE-0842,PERSON-0889,CIVIL_COMPLAINANT
ADV-CP-1230,CASE-0842,PERSON-0549,SUSPECT
ADV-CP-1231,CASE-0995,PERSON-0271,CIVIL_COMPLAINANT
ADV-CP-1232,CASE-0995,PERSON-0393,SUSPECT
ADV-CP-1233,CASE-1172,PERSON-0271,CIVIL_COMPLAINANT
ADV-CP-1234,CASE-1172,PERSON-0393,SUSPECT
ADV-CP-1235,CASE-0077,PERSON-0624,CIVIL_COMPLAINANT
ADV-CP-1236,CASE-0077,PERSON-0485,SUSPECT
ADV-CP-1237,CASE-0353,PERSON-0624,CIVIL_COMPLAINANT
ADV-CP-1238,CASE-0353,PERSON-0485,SUSPECT
ADV-CP-1239,CASE-0295,PERSON-0283,CIVIL_COMPLAINANT
ADV-CP-1240,CASE-0295,PERSON-0413,SUSPECT
ADV-CP-1241,CASE-1247,PERSON-0283,CIVIL_COMPLAINANT
ADV-CP-1242,CASE-1247,PERSON-0413,SUSPECT
ADV-CP-1243,CASE-0823,PERSON-0698,CIVIL_COMPLAINANT
ADV-CP-1244,CASE-0823,PERSON-0711,SUSPECT
ADV-CP-1245,CASE-0080,PERSON-0698,CIVIL_COMPLAINANT
ADV-CP-1246,CASE-0080,PERSON-0711,SUSPECT
ADV-CP-1247,CASE-0679,PERSON-0406,CIVIL_COMPLAINANT
ADV-CP-1248,CASE-0679,PERSON-0911,SUSPECT
ADV-CP-1249,CASE-0487,PERSON-0406,CIVIL_COMPLAINANT
ADV-CP-1250,CASE-0487,PERSON-0911,SUSPECT
ADV-CP-1251,CASE-0974,PERSON-0051,CIVIL_COMPLAINANT
ADV-CP-1252,CASE-0974,PERSON-0764,SUSPECT
ADV-CP-1253,CASE-0551,PERSON-0051,CIVIL_COMPLAINANT
ADV-CP-1254,CASE-0551,PERSON-0764,SUSPECT
ADV-CP-1255,CASE-0042,PERSON-0919,CIVIL_COMPLAINANT
ADV-CP-1256,CASE-0042,PERSON-0382,SUSPECT
ADV-CP-1257,CASE-0692,PERSON-0919,CIVIL_COMPLAINANT
ADV-CP-1258,CASE-0692,PERSON-0382,SUSPECT
ADV-CP-1259,CASE-0621,PERSON-0838,CIVIL_COMPLAINANT
ADV-CP-1260,CASE-0621,PERSON-0813,SUSPECT
ADV-CP-1261,CASE-0637,PERSON-0838,CIVIL_COMPLAINANT
ADV-CP-1262,CASE-0637,PERSON-0813,SUSPECT
ADV-CP-1263,CASE-1007,PERSON-0288,CIVIL_COMPLAINANT
ADV-CP-1264,CASE-1007,PERSON-0864,SUSPECT
ADV-CP-1265,CASE-0202,PERSON-0288,CIVIL_COMPLAINANT
ADV-CP-1266,CASE-0202,PERSON-0864,SUSPECT
ADV-CP-1267,CASE-0467,PERSON-0996,CIVIL_COMPLAINANT
ADV-CP-1268,CASE-0467,PERSON-0890,SUSPECT
ADV-CP-1269,CASE-0276,PERSON-0996,CIVIL_COMPLAINANT
ADV-CP-1270,CASE-0276,PERSON-0890,SUSPECT
ADV-CP-1271,CASE-0908,PERSON-0308,CIVIL_COMPLAINANT
ADV-CP-1272,CASE-0908,PERSON-0998,SUSPECT
ADV-CP-1273,CASE-0658,PERSON-0308,CIVIL_COMPLAINANT
ADV-CP-1274,CASE-0658,PERSON-0998,SUSPECT
ADV-CP-1275,CASE-0854,PERSON-0276,CIVIL_COMPLAINANT
ADV-CP-1276,CASE-0854,PERSON-0747,SUSPECT
ADV-CP-1277,CASE-1239,PERSON-0276,CIVIL_COMPLAINANT
ADV-CP-1278,CASE-1239,PERSON-0747,SUSPECT
ADV-CP-1279,CASE-0385,PERSON-0662,CIVIL_COMPLAINANT
ADV-CP-1280,CASE-0385,PERSON-0092,SUSPECT
ADV-CP-1281,CASE-0905,PERSON-0662,CIVIL_COMPLAINANT
ADV-CP-1282,CASE-0905,PERSON-0092,SUSPECT
ADV-CP-1283,CASE-0834,PERSON-0217,CIVIL_COMPLAINANT
ADV-CP-1284,CASE-0834,PERSON-0936,SUSPECT
ADV-CP-1285,CASE-0993,PERSON-0217,CIVIL_COMPLAINANT
ADV-CP-1286,CASE-0993,PERSON-0936,SUSPECT
ADV-CP-1287,CASE-0766,PERSON-0778,CIVIL_COMPLAINANT
ADV-CP-1288,CASE-0766,PERSON-0529,SUSPECT
ADV-CP-1289,CASE-0116,PERSON-0778,CIVIL_COMPLAINANT
ADV-CP-1290,CASE-0116,PERSON-0529,SUSPECT
ADV-CP-1291,CASE-0326,PERSON-0528,CIVIL_COMPLAINANT
ADV-CP-1292,CASE-0326,PERSON-0811,SUSPECT
ADV-CP-1293,CASE-0135,PERSON-0528,CIVIL_COMPLAINANT
ADV-CP-1294,CASE-0135,PERSON-0811,SUSPECT
ADV-CP-1295,CASE-1038,PERSON-0319,CIVIL_COMPLAINANT
ADV-CP-1296,CASE-1038,PERSON-0727,SUSPECT
ADV-CP-1297,CASE-0827,PERSON-0319,CIVIL_COMPLAINANT
ADV-CP-1298,CASE-0827,PERSON-0727,SUSPECT
ADV-CP-1299,CASE-1074,PERSON-0139,CIVIL_COMPLAINANT
ADV-CP-1300,CASE-1074,PERSON-0800,SUSPECT
ADV-CP-1301,CASE-1165,PERSON-0139,CIVIL_COMPLAINANT
ADV-CP-1302,CASE-1165,PERSON-0800,SUSPECT
ADV-CP-1303,CASE-0395,PERSON-0030,CIVIL_COMPLAINANT
ADV-CP-1304,CASE-0395,PERSON-0178,SUSPECT
ADV-CP-1305,CASE-0412,PERSON-0030,CIVIL_COMPLAINANT
ADV-CP-1306,CASE-0412,PERSON-0178,SUSPECT
ADV-CP-1307,CASE-0511,PERSON-0858,CIVIL_COMPLAINANT
ADV-CP-1308,CASE-0511,PERSON-0060,SUSPECT
ADV-CP-1309,CASE-0068,PERSON-0858,CIVIL_COMPLAINANT
ADV-CP-1310,CASE-0068,PERSON-0060,SUSPECT
ADV-CP-1311,CASE-0739,PERSON-0468,CIVIL_COMPLAINANT
ADV-CP-1312,CASE-0739,PERSON-0052,SUSPECT
ADV-CP-1313,CASE-0408,PERSON-0468,CIVIL_COMPLAINANT
ADV-CP-1314,CASE-0408,PERSON-0052,SUSPECT
ADV-CP-1315,CASE-0951,PERSON-0281,CIVIL_COMPLAINANT
ADV-CP-1316,CASE-0951,PERSON-0378,SUSPECT
ADV-CP-1317,CASE-1035,PERSON-0281,CIVIL_COMPLAINANT
ADV-CP-1318,CASE-1035,PERSON-0378,SUSPECT
ADV-CP-1319,CASE-0254,PERSON-0407,CIVIL_COMPLAINANT
ADV-CP-1320,CASE-0254,PERSON-0651,SUSPECT
ADV-CP-1321,CASE-0063,PERSON-0407,CIVIL_COMPLAINANT
ADV-CP-1322,CASE-0063,PERSON-0651,SUSPECT
ADV-CP-1323,CASE-1002,PERSON-0248,CIVIL_COMPLAINANT
ADV-CP-1324,CASE-1002,PERSON-0382,SUSPECT
ADV-CP-1325,CASE-1217,PERSON-0248,CIVIL_COMPLAINANT
ADV-CP-1326,CASE-1217,PERSON-0382,SUSPECT
ADV-CP-1327,CASE-0972,PERSON-0457,CIVIL_COMPLAINANT
ADV-CP-1328,CASE-0972,PERSON-0182,SUSPECT
ADV-CP-1329,CASE-1202,PERSON-0457,CIVIL_COMPLAINANT
ADV-CP-1330,CASE-1202,PERSON-0182,SUSPECT
ADV-CP-1331,CASE-0706,PERSON-0565,CIVIL_COMPLAINANT
ADV-CP-1332,CASE-0706,PERSON-0359,SUSPECT
ADV-CP-1333,CASE-0335,PERSON-0565,CIVIL_COMPLAINANT
ADV-CP-1334,CASE-0335,PERSON-0359,SUSPECT
ADV-CP-1335,CASE-0530,PERSON-0858,CIVIL_COMPLAINANT
ADV-CP-1336,CASE-0530,PERSON-0916,SUSPECT
ADV-CP-1337,CASE-0186,PERSON-0858,CIVIL_COMPLAINANT
ADV-CP-1338,CASE-0186,PERSON-0916,SUSPECT
ADV-CP-1339,CASE-0792,PERSON-0292,CIVIL_COMPLAINANT
ADV-CP-1340,CASE-0792,PERSON-0029,SUSPECT
ADV-CP-1341,CASE-0102,PERSON-0292,CIVIL_COMPLAINANT
ADV-CP-1342,CASE-0102,PERSON-0029,SUSPECT
ADV-CP-1343,CASE-1172,PERSON-0167,CIVIL_COMPLAINANT
ADV-CP-1344,CASE-1172,PERSON-0875,SUSPECT
ADV-CP-1345,CASE-0439,PERSON-0167,CIVIL_COMPLAINANT
ADV-CP-1346,CASE-0439,PERSON-0875,SUSPECT
ADV-CP-1347,CASE-0462,PERSON-0878,CIVIL_COMPLAINANT
ADV-CP-1348,CASE-0462,PERSON-0227,SUSPECT
ADV-CP-1349,CASE-0424,PERSON-0878,CIVIL_COMPLAINANT
ADV-CP-1350,CASE-0424,PERSON-0227,SUSPECT
ADV-CP-1351,CASE-0839,PERSON-0276,CIVIL_COMPLAINANT
ADV-CP-1352,CASE-0839,PERSON-0668,SUSPECT
ADV-CP-1353,CASE-1052,PERSON-0276,CIVIL_COMPLAINANT
ADV-CP-1354,CASE-1052,PERSON-0668,SUSPECT
ADV-CP-1355,CASE-0019,PERSON-0021,CIVIL_COMPLAINANT
ADV-CP-1356,CASE-0019,PERSON-0886,SUSPECT
ADV-CP-1357,CASE-0971,PERSON-0021,CIVIL_COMPLAINANT
ADV-CP-1358,CASE-0971,PERSON-0886,SUSPECT
ADV-CP-1359,CASE-0355,PERSON-0934,CIVIL_COMPLAINANT
ADV-CP-1360,CASE-0355,PERSON-0136,SUSPECT
ADV-CP-1361,CASE-1232,PERSON-0934,CIVIL_COMPLAINANT
ADV-CP-1362,CASE-1232,PERSON-0136,SUSPECT
ADV-CP-1363,CASE-0459,PERSON-0821,CIVIL_COMPLAINANT
ADV-CP-1364,CASE-0459,PERSON-0009,SUSPECT
ADV-CP-1365,CASE-0517,PERSON-0821,CIVIL_COMPLAINANT
ADV-CP-1366,CASE-0517,PERSON-0009,SUSPECT
ADV-CP-1367,CASE-0626,PERSON-0623,CIVIL_COMPLAINANT
ADV-CP-1368,CASE-0626,PERSON-0825,SUSPECT
ADV-CP-1369,CASE-0564,PERSON-0623,CIVIL_COMPLAINANT
ADV-CP-1370,CASE-0564,PERSON-0825,SUSPECT
ADV-CP-1371,CASE-0772,PERSON-0434,CIVIL_COMPLAINANT
ADV-CP-1372,CASE-0772,PERSON-0917,SUSPECT
ADV-CP-1373,CASE-0715,PERSON-0434,CIVIL_COMPLAINANT
ADV-CP-1374,CASE-0715,PERSON-0917,SUSPECT
ADV-CP-1375,CASE-0447,PERSON-0471,CIVIL_COMPLAINANT
ADV-CP-1376,CASE-0447,PERSON-0259,SUSPECT
ADV-CP-1377,CASE-0956,PERSON-0471,CIVIL_COMPLAINANT
ADV-CP-1378,CASE-0956,PERSON-0259,SUSPECT
ADV-CP-1379,CASE-1067,PERSON-0310,CIVIL_COMPLAINANT
ADV-CP-1380,CASE-1067,PERSON-0694,SUSPECT
ADV-CP-1381,CASE-0814,PERSON-0310,CIVIL_COMPLAINANT
ADV-CP-1382,CASE-0814,PERSON-0694,SUSPECT
ADV-CP-1383,CASE-0016,PERSON-0599,CIVIL_COMPLAINANT
ADV-CP-1384,CASE-0016,PERSON-0105,SUSPECT
ADV-CP-1385,CASE-1048,PERSON-0599,CIVIL_COMPLAINANT
ADV-CP-1386,CASE-1048,PERSON-0105,SUSPECT
ADV-CP-1387,CASE-0767,PERSON-0679,CIVIL_COMPLAINANT
ADV-CP-1388,CASE-0767,PERSON-0990,SUSPECT
ADV-CP-1389,CASE-1150,PERSON-0679,CIVIL_COMPLAINANT
ADV-CP-1390,CASE-1150,PERSON-0990,SUSPECT
ADV-CP-1391,CASE-1248,PERSON-0663,CIVIL_COMPLAINANT
ADV-CP-1392,CASE-1248,PERSON-0609,SUSPECT
ADV-CP-1393,CASE-0579,PERSON-0663,CIVIL_COMPLAINANT
ADV-CP-1394,CASE-0579,PERSON-0609,SUSPECT
ADV-CP-1395,CASE-0222,PERSON-0306,CIVIL_COMPLAINANT
ADV-CP-1396,CASE-0222,PERSON-0701,SUSPECT
ADV-CP-1397,CASE-0987,PERSON-0306,CIVIL_COMPLAINANT
ADV-CP-1398,CASE-0987,PERSON-0701,SUSPECT
ADV-CP-1399,CASE-0567,PERSON-0066,CIVIL_COMPLAINANT
ADV-CP-1400,CASE-0567,PERSON-0345,SUSPECT
ADV-CP-1401,CASE-0666,PERSON-0066,CIVIL_COMPLAINANT
ADV-CP-1402,CASE-0666,PERSON-0345,SUSPECT
ADV-CP-1403,CASE-0535,PERSON-0883,CIVIL_COMPLAINANT
ADV-CP-1404,CASE-0535,PERSON-0284,SUSPECT
ADV-CP-1405,CASE-0612,PERSON-0883,CIVIL_COMPLAINANT
ADV-CP-1406,CASE-0612,PERSON-0284,SUSPECT
ADV-CP-1407,CASE-1060,PERSON-0193,CIVIL_COMPLAINANT
ADV-CP-1408,CASE-1060,PERSON-0154,SUSPECT
ADV-CP-1409,CASE-0493,PERSON-0193,CIVIL_COMPLAINANT
ADV-CP-1410,CASE-0493,PERSON-0154,SUSPECT
ADV-CP-1411,CASE-1229,PERSON-0922,CIVIL_COMPLAINANT
ADV-CP-1412,CASE-1229,PERSON-0059,SUSPECT
ADV-CP-1413,CASE-0828,PERSON-0922,CIVIL_COMPLAINANT
ADV-CP-1414,CASE-0828,PERSON-0059,SUSPECT
ADV-CP-1415,CASE-0287,PERSON-0677,CIVIL_COMPLAINANT
ADV-CP-1416,CASE-0287,PERSON-0328,SUSPECT
ADV-CP-1417,CASE-0053,PERSON-0677,CIVIL_COMPLAINANT
ADV-CP-1418,CASE-0053,PERSON-0328,SUSPECT
ADV-CP-1419,CASE-0606,PERSON-0672,CIVIL_COMPLAINANT
ADV-CP-1420,CASE-0606,PERSON-0510,SUSPECT
ADV-CP-1421,CASE-0532,PERSON-0672,CIVIL_COMPLAINANT
ADV-CP-1422,CASE-0532,PERSON-0510,SUSPECT
ADV-CP-1423,CASE-0829,PERSON-0929,CIVIL_COMPLAINANT
ADV-CP-1424,CASE-0829,PERSON-0429,SUSPECT
ADV-CP-1425,CASE-0796,PERSON-0929,CIVIL_COMPLAINANT
ADV-CP-1426,CASE-0796,PERSON-0429,SUSPECT
ADV-CP-1427,CASE-1195,PERSON-0755,CIVIL_COMPLAINANT
ADV-CP-1428,CASE-1195,PERSON-0037,SUSPECT
ADV-CP-1429,CASE-1172,PERSON-0755,CIVIL_COMPLAINANT
ADV-CP-1430,CASE-1172,PERSON-0037,SUSPECT
ADV-CP-1431,CASE-0703,PERSON-0836,CIVIL_COMPLAINANT
ADV-CP-1432,CASE-0703,PERSON-0195,SUSPECT
ADV-CP-1433,CASE-0456,PERSON-0836,CIVIL_COMPLAINANT
ADV-CP-1434,CASE-0456,PERSON-0195,SUSPECT
ADV-CP-1435,CASE-0975,PERSON-0703,CIVIL_COMPLAINANT
ADV-CP-1436,CASE-0975,PERSON-0548,SUSPECT
ADV-CP-1437,CASE-0735,PERSON-0703,CIVIL_COMPLAINANT
ADV-CP-1438,CASE-0735,PERSON-0548,SUSPECT
ADV-CP-1439,CASE-0349,PERSON-0520,CIVIL_COMPLAINANT
ADV-CP-1440,CASE-0349,PERSON-0308,SUSPECT
ADV-CP-1441,CASE-1144,PERSON-0520,CIVIL_COMPLAINANT
ADV-CP-1442,CASE-1144,PERSON-0308,SUSPECT
ADV-CP-1443,CASE-0200,PERSON-0186,CIVIL_COMPLAINANT
ADV-CP-1444,CASE-0200,PERSON-0301,SUSPECT
ADV-CP-1445,CASE-0965,PERSON-0186,CIVIL_COMPLAINANT
ADV-CP-1446,CASE-0965,PERSON-0301,SUSPECT
ADV-CP-1447,CASE-0530,PERSON-0132,CIVIL_COMPLAINANT
ADV-CP-1448,CASE-0530,PERSON-0759,SUSPECT
ADV-CP-1449,CASE-1145,PERSON-0132,CIVIL_COMPLAINANT
ADV-CP-1450,CASE-1145,PERSON-0759,SUSPECT
ADV-CP-1451,CASE-0375,PERSON-0782,CIVIL_COMPLAINANT
ADV-CP-1452,CASE-0375,PERSON-0935,SUSPECT
ADV-CP-1453,CASE-0688,PERSON-0782,CIVIL_COMPLAINANT
ADV-CP-1454,CASE-0688,PERSON-0935,SUSPECT
ADV-CP-1455,CASE-0456,PERSON-0671,CIVIL_COMPLAINANT
ADV-CP-1456,CASE-0456,PERSON-0092,SUSPECT
ADV-CP-1457,CASE-0728,PERSON-0671,CIVIL_COMPLAINANT
ADV-CP-1458,CASE-0728,PERSON-0092,SUSPECT
