entity_a,entity_b,ground_truth,category,string_similarity,embedding_similarity,attribute_similarity,final_score,decision
Reena Agarwal,Reena Guddu,1,ALIAS_MUTATION,0.5833,0.6657,0.5,0.5996,NO_MATCH
Rajesh Singhal,Rajesh Sin.,1,ALIAS_MUTATION,0.8333,0.7329,0.5,0.7265,POSSIBLE_MATCH
Kunal Chakraborty,Kunal Cha.,1,ALIAS_MUTATION,0.6923,0.7812,0.5,0.6894,POSSIBLE_MATCH
Pankaj Goyal,Pankaj Goy.,1,ALIAS_MUTATION,0.9091,0.8518,0.5,0.8044,POSSIBLE_MATCH
Sarita Ahmed,Sarita Ahm.,1,ALIAS_MUTATION,0.9091,0.6775,0.5,0.7346,POSSIBLE_MATCH
Sachin Kumar,Sachin Kum.,1,ALIAS_MUTATION,0.9091,0.7589,0.5,0.7672,POSSIBLE_MATCH
Shashi Pandey,Shasha Pandey,1,ALIAS_MUTATION,0.9231,0.8104,0.5,0.7934,POSSIBLE_MATCH
Jitendra Qureshi,Jitendra Qur.,1,ALIAS_MUTATION,0.8571,0.8217,0.5,0.7716,POSSIBLE_MATCH
Santosh Ahmed,Santosa Ahmed,1,ALIAS_MUTATION,0.9231,0.8925,0.5,0.8262,POSSIBLE_MATCH
Radha Hussain,Radha Bhai,1,ALIAS_MUTATION,0.7826,0.8393,0.5,0.7488,POSSIBLE_MATCH
Vijay Siddiqui,Vijay Sid.,1,ALIAS_MUTATION,0.7826,0.8939,0.5,0.7706,POSSIBLE_MATCH
Manish Mehta,Manish Chhota,1,ALIAS_MUTATION,0.8,0.6495,0.5,0.6798,POSSIBLE_MATCH
Jitendra Patel,Jitendra Chhota,1,ALIAS_MUTATION,0.6897,0.5073,0.5,0.5788,NO_MATCH
Vivek Shukla,Vivea Shukla,1,ALIAS_MUTATION,0.9167,0.908,0.5,0.8299,POSSIBLE_MATCH
Vivek Goyal,Vivek Chhota,1,ALIAS_MUTATION,0.6957,0.5777,0.5,0.6093,NO_MATCH
Rakesh Sen,Rakesh Sonu,1,ALIAS_MUTATION,0.8571,0.7112,0.5,0.7273,POSSIBLE_MATCH
Ajay Bhattacharya,Ajay Guddu,1,ALIAS_MUTATION,0.3704,0.5077,0.5,0.4512,NO_MATCH
Nitin Ali,Nitia Ali,1,ALIAS_MUTATION,0.8889,0.8035,0.5,0.777,POSSIBLE_MATCH
Naveen Tiwari,Naveea Tiwari,1,ALIAS_MUTATION,0.9231,0.9307,0.5,0.8415,POSSIBLE_MATCH
Dinesh Chatterjee,Dinesh Cha.,1,ALIAS_MUTATION,0.7407,0.6333,0.5,0.6496,NO_MATCH
Sanjay Bansal,Sanjay Sonu,1,ALIAS_MUTATION,0.6667,0.7309,0.5,0.659,POSSIBLE_MATCH
Ashok Khan,Ashok Guddu,1,ALIAS_MUTATION,0.5714,0.7514,0.5,0.6292,NO_MATCH
Dinesh Bansal,Dinesh Ban.,1,ALIAS_MUTATION,0.8696,0.8371,0.5,0.7827,POSSIBLE_MATCH
Sachin Goyal,Sachin Dada,1,ALIAS_MUTATION,0.6957,0.6842,0.5,0.6519,POSSIBLE_MATCH
Radha Goyal,Radha Goyal,1,ALIAS_MUTATION,1.0,1.0,0.5,0.9,MATCH
Ajay Roy,Ajaa Roy,1,ALIAS_MUTATION,0.875,0.8987,0.5,0.8095,POSSIBLE_MATCH
Vivek Banerjee,Vivek Ban.,1,ALIAS_MUTATION,0.7826,0.5588,0.5,0.6366,NO_MATCH
Vikram Mehta,Vikram Meh.,1,ALIAS_MUTATION,0.9091,0.9074,0.5,0.8266,POSSIBLE_MATCH
Dharmendra Patel,Dharmendra Ustad,1,ALIAS_MUTATION,0.75,0.6206,0.5,0.6482,NO_MATCH
Pankaj Joshi,Pankaa Joshi,1,ALIAS_MUTATION,0.9167,0.9491,0.5,0.8463,POSSIBLE_MATCH
Abhishek Singh,Abhishea Singh,1,ALIAS_MUTATION,0.9286,0.9399,0.5,0.8474,POSSIBLE_MATCH
Champa Agarwal,Champa Agarwal,1,ALIAS_MUTATION,1.0,1.0,0.5,0.9,MATCH
Abhishek Ahmed,Abhishek Ahm.,1,ALIAS_MUTATION,0.9231,0.6637,0.5,0.7347,POSSIBLE_MATCH
Vijay Hussain,Vijaa Hussain,1,ALIAS_MUTATION,0.9231,0.697,0.5,0.748,POSSIBLE_MATCH
Naveen Mehta,Naveen Meh.,1,ALIAS_MUTATION,0.9091,0.7643,0.5,0.7693,POSSIBLE_MATCH
Mukesh Kumar,Mukesh Bhai,1,ALIAS_MUTATION,0.6957,0.747,0.5,0.677,POSSIBLE_MATCH
Deepak Kumar,Deepak Ustad,1,ALIAS_MUTATION,0.75,0.6059,0.5,0.6424,NO_MATCH
Ramesh Verma,Ramesh Ver.,1,ALIAS_MUTATION,0.9091,0.8006,0.5,0.7839,POSSIBLE_MATCH
Neetu Garg,Neetu Dada,1,ALIAS_MUTATION,0.7,0.6536,0.5,0.6414,NO_MATCH
Amit Shukla,Amia Shukla,1,ALIAS_MUTATION,0.9091,0.8713,0.5,0.8122,POSSIBLE_MATCH
Sunil Garg,Sunil Bhai,1,ALIAS_MUTATION,0.7,0.6313,0.5,0.6325,NO_MATCH
Pradeep Joshi,Pradeea Joshi,1,ALIAS_MUTATION,0.9231,0.9467,0.5,0.8479,POSSIBLE_MATCH
Jyoti Singh,Jyota Singh,1,ALIAS_MUTATION,0.9091,0.9632,0.5,0.8489,POSSIBLE_MATCH
Harish Sharma,Harisa Sharma,1,ALIAS_MUTATION,0.9231,0.9625,0.5,0.8542,MATCH
Anita Das,Anita Das.,1,ALIAS_MUTATION,1.0,1.0,0.5,0.9,MATCH
Rakesh Mehta,Rakesh Meh.,1,ALIAS_MUTATION,0.9091,0.8328,0.5,0.7968,POSSIBLE_MATCH
Satish Yadav,Satisa Yadav,1,ALIAS_MUTATION,0.9167,0.856,0.5,0.8091,POSSIBLE_MATCH
Dinesh Agarwal,Dinesa Agarwal,1,ALIAS_MUTATION,0.9286,0.8822,0.5,0.8243,POSSIBLE_MATCH
Ashok Goyal,Ashok Chhota,1,ALIAS_MUTATION,0.6957,0.6131,0.5,0.6235,NO_MATCH
Rakesh Shukla,Rakesh Sonu,1,ALIAS_MUTATION,0.75,0.6583,0.5,0.6633,POSSIBLE_MATCH
Ashok Mehta,Ashok Dada,1,ALIAS_MUTATION,0.6667,0.7427,0.5,0.6637,POSSIBLE_MATCH
Ajay Chatterjee,Ajaa Chatterjee,1,ALIAS_MUTATION,0.9333,0.9621,0.5,0.8582,MATCH
Deepak Kumar,Deepak Kum.,1,ALIAS_MUTATION,0.9091,0.6315,0.5,0.7163,POSSIBLE_MATCH
Rakesh Goyal,Rakesa Goyal,1,ALIAS_MUTATION,0.9167,0.9366,0.5,0.8413,POSSIBLE_MATCH
Harish Shukla,Harisa Shukla,1,ALIAS_MUTATION,0.9231,0.9427,0.5,0.8463,POSSIBLE_MATCH
Anil Sarkar,Ania Sarkar,1,ALIAS_MUTATION,0.9091,0.8066,0.5,0.7863,POSSIBLE_MATCH
Sanjay Verma,Sanjay Bhai,1,ALIAS_MUTATION,0.6957,0.7681,0.5,0.6855,POSSIBLE_MATCH
Reena Mittal,Reena Sonu,1,ALIAS_MUTATION,0.5455,0.5879,0.5,0.5533,NO_MATCH
Kamla Goyal,Kamla Goyal,1,ALIAS_MUTATION,1.0,1.0,0.5,0.9,MATCH
Anil Mittal,Ania Mittal,1,ALIAS_MUTATION,0.9091,0.7791,0.5,0.7753,POSSIBLE_MATCH
Shobha Chatterjee,Shobha Chatterjee,1,ALIAS_MUTATION,1.0,1.0,0.5,0.9,MATCH
Pooja Dutta,Pooja Sonu,1,ALIAS_MUTATION,0.6667,0.7523,0.5,0.6676,POSSIBLE_MATCH
Vijay Singhal,Vijay Sonu,1,ALIAS_MUTATION,0.6957,0.7493,0.5,0.678,POSSIBLE_MATCH
Jitendra Bhattacharya,Jitendra Chhota,1,ALIAS_MUTATION,0.6667,0.6785,0.5,0.6381,NO_MATCH
Rajesh Hussain,Rajesh Dada,1,ALIAS_MUTATION,0.64,0.7003,0.5,0.6361,NO_MATCH
Jitendra Ali,Jitendra Ali.,1,ALIAS_MUTATION,1.0,1.0,0.5,0.9,MATCH
Radha Singh,Radha Singh,1,ALIAS_MUTATION,1.0,1.0,0.5,0.9,MATCH
Amit Goyal,Amit Dada,1,ALIAS_MUTATION,0.6316,0.5978,0.5,0.5917,NO_MATCH
Abhishek Kumar,Abhishek Kum.,1,ALIAS_MUTATION,0.9231,0.6793,0.5,0.741,POSSIBLE_MATCH
Pushpa Sarkar,Pushpa Sar.,1,ALIAS_MUTATION,0.8696,0.8319,0.5,0.7806,POSSIBLE_MATCH
Pankaj Bose,Pankaa Bose,1,ALIAS_MUTATION,0.9091,0.9233,0.5,0.833,POSSIBLE_MATCH
Devendra Ali,Devendra Ali.,1,ALIAS_MUTATION,1.0,1.0,0.5,0.9,MATCH
Harish Sarkar,Harisa Sarkar,1,ALIAS_MUTATION,0.9231,0.9495,0.5,0.849,POSSIBLE_MATCH
Satish Sharma,Satish Guddu,1,ALIAS_MUTATION,0.56,0.553,0.5,0.5452,NO_MATCH
Abhishek Mittal,Abhishek Mit.,1,ALIAS_MUTATION,0.8889,0.8485,0.5,0.795,POSSIBLE_MATCH
Abhishek Mittal,Abhishek Chhota,1,ALIAS_MUTATION,0.7333,0.6653,0.5,0.6594,POSSIBLE_MATCH
Nitin Singh,Nitin Sin.,1,ALIAS_MUTATION,0.9,0.4629,0.5,0.6452,NO_MATCH
Jitendra Goyal,Jitendra Dada,1,ALIAS_MUTATION,0.7407,0.7203,0.5,0.6844,POSSIBLE_MATCH
Usha Kumar,Usha Kumar,1,ALIAS_MUTATION,1.0,1.0,0.5,0.9,MATCH
Abhishek Yadav,Abhishek Yad.,1,ALIAS_MUTATION,0.9231,0.7579,0.5,0.7724,POSSIBLE_MATCH
Deepak Sarkar,Deepak Chhota,1,ALIAS_MUTATION,0.6154,0.5853,0.5,0.5803,NO_MATCH
Abhishek Ahmed,Abhishek Ahm.,1,ALIAS_MUTATION,0.9231,0.6637,0.5,0.7347,POSSIBLE_MATCH
Vivek Das,Vivek Dada,1,ALIAS_MUTATION,0.8421,0.6295,0.5,0.6886,POSSIBLE_MATCH
Gaurav Kumar,Gaurav Kum.,1,ALIAS_MUTATION,0.9091,0.6492,0.5,0.7233,POSSIBLE_MATCH
Rakesh Shukla,Rakesh Shu.,1,ALIAS_MUTATION,0.8696,0.8205,0.5,0.776,POSSIBLE_MATCH
Pushpa Chakraborty,Pushpa Cha.,1,ALIAS_MUTATION,0.7143,0.7635,0.5,0.6911,POSSIBLE_MATCH
Reena Roy,Reena Roy.,1,ALIAS_MUTATION,1.0,1.0,0.5,0.9,MATCH
Manish Dutta,Manish Dut.,1,ALIAS_MUTATION,0.9091,0.7657,0.5,0.7699,POSSIBLE_MATCH
Sachin Bhattacharya,Sachia Bhattacharya,1,ALIAS_MUTATION,0.9474,0.7893,0.5,0.7947,POSSIBLE_MATCH
Anita Verma,Anita Dada,1,ALIAS_MUTATION,0.6667,0.7488,0.5,0.6662,POSSIBLE_MATCH
Reena Banerjee,Reena Ban.,1,ALIAS_MUTATION,0.7826,0.4748,0.5,0.603,NO_MATCH
Vandana Verma,Vandana Verma,1,ALIAS_MUTATION,1.0,1.0,0.5,0.9,MATCH
Arjun Ansari,Arjun Guddu,1,ALIAS_MUTATION,0.5217,0.7067,0.5,0.5914,NO_MATCH
Suresh Singh,Suresh Guddu,1,ALIAS_MUTATION,0.6667,0.481,0.5,0.5591,NO_MATCH
Asha Mittal,Asha Mittal,1,ALIAS_MUTATION,1.0,1.0,0.5,0.9,MATCH
Sachin Shukla,Sachin Shu.,1,ALIAS_MUTATION,0.8696,0.8461,0.5,0.7863,POSSIBLE_MATCH
Vijay Sharma,Vijay Sha.,1,ALIAS_MUTATION,0.8571,0.7828,0.5,0.756,POSSIBLE_MATCH
Sarita Shukla,Sarita Shu.,1,ALIAS_MUTATION,0.8696,0.8269,0.5,0.7786,POSSIBLE_MATCH
Rohit Khan,Rohit Kha.,1,ALIAS_MUTATION,0.9474,0.6844,0.5,0.7527,POSSIBLE_MATCH
Kavita Kumar,Kavita Kum.,1,ALIAS_MUTATION,0.9091,0.6936,0.5,0.7411,POSSIBLE_MATCH
Vandana Hussain,Vandana Dada,1,ALIAS_MUTATION,0.6667,0.7222,0.5,0.6555,POSSIBLE_MATCH
Sachin Agarwal,Sachin Aga.,1,ALIAS_MUTATION,0.8333,0.8645,0.5,0.7791,POSSIBLE_MATCH
Kunal Dutta,Kunal Dut.,1,ALIAS_MUTATION,0.9,0.8149,0.5,0.7859,POSSIBLE_MATCH
Champa Kaur,Champa Kau.,1,ALIAS_MUTATION,0.9524,0.9108,0.5,0.8453,POSSIBLE_MATCH
Mukesh Jain,Mukesh Jai.,1,ALIAS_MUTATION,0.9524,0.5493,0.5,0.7007,POSSIBLE_MATCH
Kamla Ansari,Kamla Ansari,1,ALIAS_MUTATION,1.0,1.0,0.5,0.9,MATCH
Sumit Verma,Sumit Ver.,1,ALIAS_MUTATION,0.9,0.786,0.5,0.7744,POSSIBLE_MATCH
Abhishek Mishra,Abhishek Chhota,1,ALIAS_MUTATION,0.7333,0.5547,0.5,0.6152,NO_MATCH
Champa Tiwari,Champa Chhota,1,ALIAS_MUTATION,0.6923,0.6279,0.5,0.6281,NO_MATCH
Santosh Shukla,Santosh Shu.,1,ALIAS_MUTATION,0.88,0.7813,0.5,0.7645,POSSIBLE_MATCH
Vivek Bhattacharya,Vivea Bhattacharya,1,ALIAS_MUTATION,0.9444,0.9284,0.5,0.8492,POSSIBLE_MATCH
Seema Mehta,Seema Chhota,1,ALIAS_MUTATION,0.7826,0.5466,0.5,0.6317,NO_MATCH
Manju Patel,Manja Patel,1,ALIAS_MUTATION,0.9091,0.9212,0.5,0.8321,POSSIBLE_MATCH
Abhishek Goyal,Abhishek Guddu,1,ALIAS_MUTATION,0.7143,0.7226,0.5,0.6748,POSSIBLE_MATCH
Nitin Bose,Nitia Bose,1,ALIAS_MUTATION,0.9,0.808,0.5,0.7832,POSSIBLE_MATCH
Alok Ansari,Aloa Ansari,1,ALIAS_MUTATION,0.9091,0.8717,0.5,0.8123,POSSIBLE_MATCH
Sumit Mehta,Sumit Sonu,1,ALIAS_MUTATION,0.5714,0.6604,0.5,0.5927,NO_MATCH
Hemant Pandey,Hemant Pan.,1,ALIAS_MUTATION,0.8696,0.7931,0.5,0.765,POSSIBLE_MATCH
Anil Kaur,Anil Ustad,1,ALIAS_MUTATION,0.6316,0.7307,0.5,0.6449,NO_MATCH
Santosh Ali,Santosh Bhai,1,ALIAS_MUTATION,0.8696,0.7049,0.5,0.7298,POSSIBLE_MATCH
Kavita Chakraborty,Kavita Dada,1,ALIAS_MUTATION,0.6207,0.644,0.5,0.6059,NO_MATCH
Kusum Singhal,Kusum Sin.,1,ALIAS_MUTATION,0.8182,0.5567,0.5,0.6499,NO_MATCH
Jitendra Joshi,Jitendra Joshi,1,ALIAS_MUTATION,1.0,1.0,0.5,0.9,MATCH
Amit Bhattacharya,Amia Bhattacharya,1,ALIAS_MUTATION,0.9412,0.8751,0.5,0.8265,POSSIBLE_MATCH
Kamla Kaur,Kamla Kau.,1,ALIAS_MUTATION,0.9474,0.9239,0.5,0.8485,POSSIBLE_MATCH
Pawan Shukla,Pawan Shu.,1,ALIAS_MUTATION,0.8571,0.8235,0.5,0.7723,POSSIBLE_MATCH
Lata Chakraborty,Lata Cha.,1,ALIAS_MUTATION,0.6667,0.7344,0.5,0.6604,POSSIBLE_MATCH
Vijay Das,Vijay Das.,1,ALIAS_MUTATION,1.0,1.0,0.5,0.9,MATCH
Pawan Kaur,Pawan Dada,1,ALIAS_MUTATION,0.7,0.7707,0.5,0.6883,POSSIBLE_MATCH
Babita Kumar,Babita Chhota,1,ALIAS_MUTATION,0.64,0.6265,0.5,0.6066,NO_MATCH
Ashok Das,Ashok Guddu,1,ALIAS_MUTATION,0.7,0.7395,0.5,0.6758,POSSIBLE_MATCH
Sunil Siddiqui,Sunil Guddu,1,ALIAS_MUTATION,0.72,0.6559,0.5,0.6504,POSSIBLE_MATCH
Santosh Goyal,Santosa Goyal,1,ALIAS_MUTATION,0.9231,0.9029,0.5,0.8304,POSSIBLE_MATCH
Satish Banerjee,Satish Bhai,1,ALIAS_MUTATION,0.6923,0.5771,0.5,0.6078,NO_MATCH
Sachin Chakraborty,Sachia Chakraborty,1,ALIAS_MUTATION,0.9444,0.7364,0.5,0.7723,POSSIBLE_MATCH
Manju Agarwal,Manja Agarwal,1,ALIAS_MUTATION,0.9231,0.8742,0.5,0.8189,POSSIBLE_MATCH
Vandana Gupta,Vandana Gupta,1,ALIAS_MUTATION,1.0,1.0,0.5,0.9,MATCH
Manoj Agarwal,Manoj Aga.,1,ALIAS_MUTATION,0.8182,0.8075,0.5,0.7503,POSSIBLE_MATCH
Rajesh Kumar,Rajesa Kumar,1,ALIAS_MUTATION,0.9167,0.9073,0.5,0.8296,POSSIBLE_MATCH
Sangeeta Joshi,Sangeeta Dada,1,ALIAS_MUTATION,0.6667,0.6007,0.5,0.607,NO_MATCH
Vivek Ansari,Vivea Ansari,1,ALIAS_MUTATION,0.9167,0.8751,0.5,0.8167,POSSIBLE_MATCH
Manish Mukherjee,Manisa Mukherjee,1,ALIAS_MUTATION,0.9375,0.9762,0.5,0.8655,MATCH
Manoj Tiwari,Manoa Tiwari,1,ALIAS_MUTATION,0.9167,0.8798,0.5,0.8186,POSSIBLE_MATCH
Vikram Shukla,Vikram Shu.,1,ALIAS_MUTATION,0.8696,0.911,0.5,0.8122,POSSIBLE_MATCH
Anil Jain,Anil Sonu,1,ALIAS_MUTATION,0.6667,0.4847,0.5,0.5605,NO_MATCH
Sushma Joshi,Sushma Jos.,1,ALIAS_MUTATION,0.9091,0.5934,0.5,0.701,POSSIBLE_MATCH
Shashi Ahmed,Shashi Dada,1,ALIAS_MUTATION,0.7826,0.6674,0.5,0.68,POSSIBLE_MATCH
Santosh Pandey,Santosa Pandey,1,ALIAS_MUTATION,0.9286,0.8945,0.5,0.8292,POSSIBLE_MATCH
Rohit Bansal,Rohia Bansal,1,ALIAS_MUTATION,0.9167,0.8341,0.5,0.8003,POSSIBLE_MATCH
Rajesh Sarkar,Rajesh Sar.,1,ALIAS_MUTATION,0.8696,0.8587,0.5,0.7913,POSSIBLE_MATCH
Santosh Chatterjee,Alok Chatterjee,0,SHARED_SURNAME_SAME_LOCALITY,0.7879,0.7682,0.5,0.7224,POSSIBLE_MATCH
Rohit Singh,Santosh Singh,0,SHARED_SURNAME_SAME_LOCALITY,0.6667,0.7731,0.5,0.6759,POSSIBLE_MATCH
Vijay Banerjee,Vivek Banerjee,0,SHARED_SURNAME_SAME_LOCALITY,0.7857,0.7669,0.5,0.721,POSSIBLE_MATCH
Ashok Shukla,Reena Shukla,0,SHARED_SURNAME_SAME_LOCALITY,0.6667,0.636,0.5,0.6211,NO_MATCH
Ashok Garg,Ashok Garg,0,SHARED_SURNAME_SAME_LOCALITY,1.0,1.0,0.5,0.9,MATCH
Santosh Joshi,Hemant Joshi,0,SHARED_SURNAME_SAME_LOCALITY,0.72,0.7647,0.5,0.6939,POSSIBLE_MATCH
Sangeeta Das,Kusum Das,0,SHARED_SURNAME_SAME_LOCALITY,0.4762,0.6637,0.5,0.5559,NO_MATCH
Sanjay Jain,Rajesh Jain,0,SHARED_SURNAME_SAME_LOCALITY,0.5455,0.8664,0.5,0.6647,POSSIBLE_MATCH
Sunil Qureshi,Seema Qureshi,0,SHARED_SURNAME_SAME_LOCALITY,0.6923,0.7038,0.5,0.6585,POSSIBLE_MATCH
Manoj Tiwari,Anita Tiwari,0,SHARED_SURNAME_SAME_LOCALITY,0.75,0.6159,0.5,0.6464,NO_MATCH
Mukesh Khan,Nitin Khan,0,SHARED_SURNAME_SAME_LOCALITY,0.4762,0.6848,0.5,0.5644,NO_MATCH
Ajay Roy,Pradeep Roy,0,SHARED_SURNAME_SAME_LOCALITY,0.5263,0.6205,0.5,0.5587,NO_MATCH
Santosh Mittal,Geeta Mittal,0,SHARED_SURNAME_SAME_LOCALITY,0.6154,0.5644,0.5,0.5719,NO_MATCH
Harish Bhattacharya,Pankaj Bhattacharya,0,SHARED_SURNAME_SAME_LOCALITY,0.7368,0.7315,0.5,0.6873,POSSIBLE_MATCH
Abhishek Yadav,Satish Yadav,0,SHARED_SURNAME_SAME_LOCALITY,0.7692,0.7294,0.5,0.6995,POSSIBLE_MATCH
Suresh Ansari,Arjun Ansari,0,SHARED_SURNAME_SAME_LOCALITY,0.64,0.6192,0.5,0.6037,NO_MATCH
Hemant Ahmed,Suresh Ahmed,0,SHARED_SURNAME_SAME_LOCALITY,0.5833,0.696,0.5,0.6118,NO_MATCH
Manish Verma,Sarita Verma,0,SHARED_SURNAME_SAME_LOCALITY,0.6667,0.6702,0.5,0.6347,NO_MATCH
Ashok Mukherjee,Jitendra Mukherjee,0,SHARED_SURNAME_SAME_LOCALITY,0.6667,0.8319,0.5,0.6994,POSSIBLE_MATCH
Manish Kaur,Sushma Kaur,0,SHARED_SURNAME_SAME_LOCALITY,0.6364,0.6533,0.5,0.6159,NO_MATCH
Sangeeta Hussain,Radha Hussain,0,SHARED_SURNAME_SAME_LOCALITY,0.6897,0.6687,0.5,0.6433,NO_MATCH
Naveen Bose,Alok Bose,0,SHARED_SURNAME_SAME_LOCALITY,0.6,0.7142,0.5,0.6257,NO_MATCH
Pawan Gupta,Devendra Gupta,0,SHARED_SURNAME_SAME_LOCALITY,0.56,0.792,0.5,0.6408,NO_MATCH
Arjun Sen,Suresh Sen,0,SHARED_SURNAME_SAME_LOCALITY,0.5263,0.3361,0.5,0.445,NO_MATCH
Sachin Kumar,Deepak Kumar,0,SHARED_SURNAME_SAME_LOCALITY,0.5833,0.7024,0.5,0.6143,NO_MATCH
Manoj Pandey,Ashok Pandey,0,SHARED_SURNAME_SAME_LOCALITY,0.75,0.4923,0.5,0.5969,NO_MATCH
Vivek Chakraborty,Sachin Chakraborty,0,SHARED_SURNAME_SAME_LOCALITY,0.7429,0.6233,0.5,0.6465,NO_MATCH
Dinesh Goyal,Rahul Goyal,0,SHARED_SURNAME_SAME_LOCALITY,0.6087,0.7372,0.5,0.6384,NO_MATCH
Sunita Dutta,Suresh Dutta,0,SHARED_SURNAME_SAME_LOCALITY,0.6667,0.5569,0.5,0.5894,NO_MATCH
Amit Ali,Reena Ali,0,SHARED_SURNAME_SAME_LOCALITY,0.5882,0.6076,0.5,0.5783,NO_MATCH
Rohit Singhal,Suresh Singhal,0,SHARED_SURNAME_SAME_LOCALITY,0.7407,0.6813,0.5,0.6688,POSSIBLE_MATCH
Sunil Patel,Shashi Patel,0,SHARED_SURNAME_SAME_LOCALITY,0.6957,0.7955,0.5,0.6964,POSSIBLE_MATCH
Sumit Agarwal,Ajay Agarwal,0,SHARED_SURNAME_SAME_LOCALITY,0.64,0.7698,0.5,0.6639,POSSIBLE_MATCH
Nitin Mishra,Reena Mishra,0,SHARED_SURNAME_SAME_LOCALITY,0.6667,0.6591,0.5,0.6303,NO_MATCH
Jitendra Sharma,Vivek Sharma,0,SHARED_SURNAME_SAME_LOCALITY,0.6667,0.7133,0.5,0.652,POSSIBLE_MATCH
Asha Sarkar,Pushpa Sarkar,0,SHARED_SURNAME_SAME_LOCALITY,0.8333,0.6686,0.5,0.7008,POSSIBLE_MATCH
Ritu Bansal,Deepak Bansal,0,SHARED_SURNAME_SAME_LOCALITY,0.5833,0.6836,0.5,0.6068,NO_MATCH
Sumit Mehta,Naveen Mehta,0,SHARED_SURNAME_SAME_LOCALITY,0.5217,0.7865,0.5,0.6233,NO_MATCH
Suresh Siddiqui,Harish Siddiqui,0,SHARED_SURNAME_SAME_LOCALITY,0.8,0.6747,0.5,0.6899,POSSIBLE_MATCH
Kunal Ghosh,Kiran Ghosh,0,SHARED_SURNAME_SAME_LOCALITY,0.7273,0.6934,0.5,0.6683,POSSIBLE_MATCH
K. Ghosh,Kiran Ghosh,0,INITIAL_VS_DIFFERENT_PERSON,0.7778,0.736,0.5,0.7055,POSSIBLE_MATCH
S. Chatterjee,Alok Chatterjee,0,INITIAL_VS_DIFFERENT_PERSON,0.8148,0.7692,0.5,0.7336,POSSIBLE_MATCH
V. Banerjee,Vivek Banerjee,0,INITIAL_VS_DIFFERENT_PERSON,0.8333,0.8454,0.5,0.7715,POSSIBLE_MATCH
S. Das,Kusum Das,0,INITIAL_VS_DIFFERENT_PERSON,0.7143,0.7016,0.5,0.6664,POSSIBLE_MATCH
A. Sen,Suresh Sen,0,INITIAL_VS_DIFFERENT_PERSON,0.5333,0.5633,0.5,0.5386,NO_MATCH
N. Bose,Alok Bose,0,INITIAL_VS_DIFFERENT_PERSON,0.6667,0.7508,0.5,0.667,POSSIBLE_MATCH
A. Mukherjee,Jitendra Mukherjee,0,INITIAL_VS_DIFFERENT_PERSON,0.7586,0.815,0.5,0.7295,POSSIBLE_MATCH
S. Dutta,Suresh Dutta,0,INITIAL_VS_DIFFERENT_PERSON,0.7368,0.6818,0.5,0.6674,POSSIBLE_MATCH
Ashok Shukla,Ashok Garg,0,SAME_FIRSTNAME_DIFFERENT_SURNAME,0.6364,0.7195,0.5,0.6424,NO_MATCH
Vivek Chakraborty,Vivek Banerjee,0,SAME_FIRSTNAME_DIFFERENT_SURNAME,0.5161,0.5961,0.5,0.5449,NO_MATCH
Nitin Gupta,Nitin Mishra,0,SAME_FIRSTNAME_DIFFERENT_SURNAME,0.6087,0.6084,0.5,0.5868,NO_MATCH
Deepak Bansal,Deepak Kumar,0,SAME_FIRSTNAME_DIFFERENT_SURNAME,0.64,0.6628,0.5,0.6211,NO_MATCH
Poonam Roy,Poonam Sen,0,SAME_FIRSTNAME_DIFFERENT_SURNAME,0.7,0.6041,0.5,0.6217,NO_MATCH
Ramesh Agarwal,Ramesh Jain,0,SAME_FIRSTNAME_DIFFERENT_SURNAME,0.64,0.6625,0.5,0.621,NO_MATCH
Amit Shukla,Amit Roy,0,SAME_FIRSTNAME_DIFFERENT_SURNAME,0.5263,0.528,0.5,0.5217,NO_MATCH
Rakesh Qureshi,Rakesh Mukherjee,0,SAME_FIRSTNAME_DIFFERENT_SURNAME,0.6667,0.6813,0.5,0.6392,NO_MATCH
Ramesh Singh,Ramesh Sarkar,0,SAME_FIRSTNAME_DIFFERENT_SURNAME,0.64,0.751,0.5,0.6564,POSSIBLE_MATCH
Shashi Pandey,Shashi Garg,0,SAME_FIRSTNAME_DIFFERENT_SURNAME,0.6667,0.6533,0.5,0.628,NO_MATCH
Rohit Ansari,Rohit Singhal,0,SAME_FIRSTNAME_DIFFERENT_SURNAME,0.56,0.5624,0.5,0.549,NO_MATCH
Ramesh Verma,Ramesh Goyal,0,SAME_FIRSTNAME_DIFFERENT_SURNAME,0.6667,0.739,0.5,0.6623,POSSIBLE_MATCH
Harish Tiwari,Harish Garg,0,SAME_FIRSTNAME_DIFFERENT_SURNAME,0.75,0.6803,0.5,0.6721,POSSIBLE_MATCH
Gaurav Kumar,Gaurav Kumar,0,SAME_FIRSTNAME_DIFFERENT_SURNAME,1.0,1.0,0.5,0.9,MATCH
Rahul Das,Rahul Yadav,0,SAME_FIRSTNAME_DIFFERENT_SURNAME,0.8,0.6947,0.5,0.6979,POSSIBLE_MATCH
Gaurav Tiwari,Gaurav Yadav,0,SAME_FIRSTNAME_DIFFERENT_SURNAME,0.64,0.6774,0.5,0.627,NO_MATCH
Pooja Dutta,Pooja Siddiqui,0,SAME_FIRSTNAME_DIFFERENT_SURNAME,0.64,0.761,0.5,0.6604,POSSIBLE_MATCH
Sunil Khan,Sunil Mittal,0,SAME_FIRSTNAME_DIFFERENT_SURNAME,0.6364,0.5992,0.5,0.5942,NO_MATCH
Abhishek Yadav,Usha Sharma,0,DISTINCT_PERSONS,0.4,0.4545,0.5,0.4418,NO_MATCH
Subhash Ghosh,Pradeep Ahmed,0,DISTINCT_PERSONS,0.0769,0.2404,0.5,0.2269,NO_MATCH
Kunal Bhattacharya,Manoj Tiwari,0,DISTINCT_PERSONS,0.3333,0.3466,0.5,0.372,NO_MATCH
Sunil Singh,Ramesh Jain,0,DISTINCT_PERSONS,0.3636,0.5682,0.5,0.4727,NO_MATCH
Seema Tiwari,Anil Yadav,0,DISTINCT_PERSONS,0.2727,0.3818,0.5,0.3618,NO_MATCH
Seema Siddiqui,Subhash Sarkar,0,DISTINCT_PERSONS,0.2857,0.2912,0.5,0.3308,NO_MATCH
Kunal Sharma,Ramesh Sen,0,DISTINCT_PERSONS,0.2727,0.5587,0.5,0.4326,NO_MATCH
Anil Gupta,Sushma Sharma,0,DISTINCT_PERSONS,0.2609,0.464,0.5,0.3899,NO_MATCH
Kunal Roy,Amit Mukherjee,0,DISTINCT_PERSONS,0.1739,0.3002,0.5,0.2896,NO_MATCH
Rakesh Mittal,Santosh Ahmed,0,DISTINCT_PERSONS,0.3846,0.3984,0.5,0.4132,NO_MATCH
Naveen Mehta,Rohit Singhal,0,DISTINCT_PERSONS,0.16,0.4005,0.5,0.3242,NO_MATCH
Manoj Mukherjee,Rajesh Shukla,0,DISTINCT_PERSONS,0.3571,0.5059,0.5,0.4452,NO_MATCH
Asha Mishra,Vijay Singhal,0,DISTINCT_PERSONS,0.3333,0.2892,0.5,0.349,NO_MATCH
Sunil Jain,Sanjay Jain,0,DISTINCT_PERSONS,0.6667,0.7821,0.5,0.6795,POSSIBLE_MATCH
Rajesh Bhattacharya,Mukesh Garg,0,DISTINCT_PERSONS,0.4,0.3346,0.5,0.3938,NO_MATCH
Sachin Goyal,Kiran Sharma,0,DISTINCT_PERSONS,0.3333,0.538,0.5,0.4486,NO_MATCH
Kunal Sharma,Alok Singhal,0,DISTINCT_PERSONS,0.5,0.6732,0.5,0.5693,NO_MATCH
Manish Pandey,Jitendra Qureshi,0,DISTINCT_PERSONS,0.2069,0.3634,0.5,0.3281,NO_MATCH
Sachin Patel,Vivek Kaur,0,DISTINCT_PERSONS,0.0909,0.2466,0.5,0.235,NO_MATCH
Jitendra Joshi,Shobha Kaur,0,DISTINCT_PERSONS,0.16,0.4438,0.5,0.3415,NO_MATCH
Neetu Dutta,Rakesh Mehta,0,DISTINCT_PERSONS,0.3478,0.3436,0.5,0.3766,NO_MATCH
Manish Verma,Subhash Sarkar,0,DISTINCT_PERSONS,0.4615,0.2067,0.5,0.3673,NO_MATCH
Ajay Roy,Geeta Kumar,0,DISTINCT_PERSONS,0.3158,0.3716,0.5,0.375,NO_MATCH
Reena Shukla,Devendra Kumar,0,DISTINCT_PERSONS,0.5385,0.3663,0.5,0.4619,NO_MATCH
Dinesh Garg,Vandana Gupta,0,DISTINCT_PERSONS,0.4167,0.4052,0.5,0.4287,NO_MATCH
Amit Garg,Shashi Patel,0,DISTINCT_PERSONS,0.2857,0.148,0.5,0.2735,NO_MATCH
Harish Das,Reena Shukla,0,DISTINCT_PERSONS,0.3636,0.3184,0.5,0.3728,NO_MATCH
Devendra Kumar,Champa Kumar,0,DISTINCT_PERSONS,0.5385,0.717,0.5,0.6022,NO_MATCH
Arjun Qureshi,Alok Singh,0,DISTINCT_PERSONS,0.2609,0.5441,0.5,0.422,NO_MATCH
Archana Kaur,Pradeep Ghosh,0,DISTINCT_PERSONS,0.16,0.3088,0.5,0.2875,NO_MATCH
Dinesh Goyal,Pushpa Chatterjee,0,DISTINCT_PERSONS,0.2759,0.3916,0.5,0.367,NO_MATCH
Satish Bhattacharya,Manish Patel,0,DISTINCT_PERSONS,0.4516,0.3493,0.5,0.4204,NO_MATCH
Santosh Shukla,Manoj Das,0,DISTINCT_PERSONS,0.3478,0.4104,0.5,0.4033,NO_MATCH
Sanjay Singh,Seema Joshi,0,DISTINCT_PERSONS,0.4348,0.3606,0.5,0.4182,NO_MATCH
Subhash Ali,Vivek Das,0,DISTINCT_PERSONS,0.2,0.1255,0.5,0.2302,NO_MATCH
Rahul Sharma,Rakesh Sen,0,DISTINCT_PERSONS,0.4545,0.347,0.5,0.4206,NO_MATCH
Kamla Goyal,Anita Mukherjee,0,DISTINCT_PERSONS,0.2308,0.3893,0.5,0.348,NO_MATCH
Rahul Chakraborty,Subhash Ali,0,DISTINCT_PERSONS,0.2857,0.3946,0.5,0.3721,NO_MATCH
Sangeeta Sen,Suresh Ahmed,0,DISTINCT_PERSONS,0.25,0.3203,0.5,0.3281,NO_MATCH
Rakesh Sen,Pooja Jain,0,DISTINCT_PERSONS,0.3,0.4141,0.5,0.3856,NO_MATCH
Rohit Sharma,Lata Ansari,0,DISTINCT_PERSONS,0.4348,0.2264,0.5,0.3645,NO_MATCH
Harish Shukla,Pankaj Bhattacharya,0,DISTINCT_PERSONS,0.25,0.465,0.5,0.386,NO_MATCH
Nitin Banerjee,Sanjay Verma,0,DISTINCT_PERSONS,0.3077,0.4892,0.5,0.4187,NO_MATCH
Pankaj Ahmed,Ritu Kaur,0,DISTINCT_PERSONS,0.1905,0.3698,0.5,0.3241,NO_MATCH
Pradeep Goyal,Dinesh Garg,0,DISTINCT_PERSONS,0.4167,0.4622,0.5,0.4515,NO_MATCH
Suresh Hussain,Rakesh Pandey,0,DISTINCT_PERSONS,0.5185,0.3109,0.5,0.4318,NO_MATCH
Santosh Ghosh,Abhishek Bansal,0,DISTINCT_PERSONS,0.1429,0.3066,0.5,0.2798,NO_MATCH
Pradeep Sarkar,Santosh Goyal,0,DISTINCT_PERSONS,0.2222,0.4059,0.5,0.3513,NO_MATCH
Usha Yadav,Deepak Garg,0,DISTINCT_PERSONS,0.2857,0.2913,0.5,0.3308,NO_MATCH
Alok Goyal,Suresh Ghosh,0,DISTINCT_PERSONS,0.2727,0.4274,0.5,0.38,NO_MATCH
Mukesh Joshi,Anita Singhal,0,DISTINCT_PERSONS,0.16,0.3305,0.5,0.2962,NO_MATCH
Abhishek Ahmed,Harish Garg,0,DISTINCT_PERSONS,0.48,0.4091,0.5,0.4557,NO_MATCH
Anil Gupta,Pradeep Khan,0,DISTINCT_PERSONS,0.1818,0.5396,0.5,0.3886,NO_MATCH
Vivek Ahmed,Manju Ghosh,0,DISTINCT_PERSONS,0.1818,0.266,0.5,0.2791,NO_MATCH
Pawan Roy,Harish Goyal,0,DISTINCT_PERSONS,0.381,0.3359,0.5,0.3867,NO_MATCH
Pawan Hussain,Babita Shukla,0,DISTINCT_PERSONS,0.4615,0.2812,0.5,0.3971,NO_MATCH
Vivek Tiwari,Vijay Mehta,0,DISTINCT_PERSONS,0.4348,0.463,0.5,0.4591,NO_MATCH
Suresh Ahmed,Arjun Siddiqui,0,DISTINCT_PERSONS,0.1538,0.3524,0.5,0.3025,NO_MATCH
Arjun Ghosh,Manoj Bose,0,DISTINCT_PERSONS,0.4762,0.3436,0.5,0.4279,NO_MATCH
Shobha Khan,Vikram Chakraborty,0,DISTINCT_PERSONS,0.2759,0.3914,0.5,0.3669,NO_MATCH
Vijay Qureshi,Radha Qureshi,0,DISTINCT_PERSONS,0.6923,0.6526,0.5,0.638,NO_MATCH
Pradeep Mishra,Poonam Singh,0,DISTINCT_PERSONS,0.3846,0.4366,0.5,0.4285,NO_MATCH
Pawan Bhattacharya,Harish Tiwari,0,DISTINCT_PERSONS,0.2581,0.4903,0.5,0.3994,NO_MATCH
Pankaj Ansari,Ramesh Pandey,0,DISTINCT_PERSONS,0.2308,0.4828,0.5,0.3854,NO_MATCH
Radha Verma,Sangeeta Pandey,0,DISTINCT_PERSONS,0.3077,0.345,0.5,0.3611,NO_MATCH
Pradeep Ghosh,Anil Sarkar,0,DISTINCT_PERSONS,0.1667,0.3599,0.5,0.3106,NO_MATCH
Manish Verma,Ashok Bose,0,DISTINCT_PERSONS,0.4545,0.364,0.5,0.4274,NO_MATCH
Santosh Kumar,Lata Mukherjee,0,DISTINCT_PERSONS,0.2963,0.5516,0.5,0.4392,NO_MATCH
Sunil Garg,Suresh Ahmed,0,DISTINCT_PERSONS,0.3636,0.2891,0.5,0.3611,NO_MATCH
Vijay Kaur,Pooja Bhattacharya,0,DISTINCT_PERSONS,0.2857,0.308,0.5,0.3375,NO_MATCH
Seema Siddiqui,Sangeeta Sen,0,DISTINCT_PERSONS,0.4615,0.3946,0.5,0.4425,NO_MATCH
Ashok Mehta,Subhash Qureshi,0,DISTINCT_PERSONS,0.4615,0.3729,0.5,0.4338,NO_MATCH
Rahul Yadav,Mukesh Bhattacharya,0,DISTINCT_PERSONS,0.2,0.3213,0.5,0.3085,NO_MATCH
Kunal Ahmed,Sunil Patel,0,DISTINCT_PERSONS,0.5455,0.4264,0.5,0.4887,NO_MATCH
Sanjay Verma,Jyoti Banerjee,0,DISTINCT_PERSONS,0.3077,0.5654,0.5,0.4492,NO_MATCH
Neetu Chakraborty,Harish Mittal,0,DISTINCT_PERSONS,0.2667,0.3737,0.5,0.3562,NO_MATCH
Arjun Ansari,Manish Sharma,0,DISTINCT_PERSONS,0.24,0.3959,0.5,0.3543,NO_MATCH
Amit Kaur,Manoj Qureshi,0,DISTINCT_PERSONS,0.3636,0.3438,0.5,0.383,NO_MATCH
Nitin Pandey,Manish Sarkar,0,DISTINCT_PERSONS,0.32,0.2654,0.5,0.3342,NO_MATCH
Rahul Banerjee,Ramesh Sarkar,0,DISTINCT_PERSONS,0.4444,0.5432,0.5,0.4951,NO_MATCH
Satish Banerjee,Kusum Singhal,0,DISTINCT_PERSONS,0.1429,0.4707,0.5,0.3454,NO_MATCH
Subhash Gupta,Mukesh Kumar,0,DISTINCT_PERSONS,0.48,0.5273,0.5,0.5029,NO_MATCH
Devendra Kumar,Sunil Joshi,0,DISTINCT_PERSONS,0.16,0.4434,0.5,0.3414,NO_MATCH
Mukesh Qureshi,Vivek Chakraborty,0,DISTINCT_PERSONS,0.1935,0.2495,0.5,0.2772,NO_MATCH
