pair_id,source_entity_id,target_entity_id,relationship_type,case_id,evidence_reference,expected_relationship,scenario
ROB-PAIR-0001,PERSON-0655,PERSON-0115,TRANSFERRED_TO,CASE-0052,PERSON-0655 contacted PERSON-0115 repeatedly under CASE-0052.,1,OPERATIONAL_POSITIVE
ROB-PAIR-0002,PERSON-0559,PERSON-0090,CONTACTED,CASE-1210,PERSON-0559 contacted PERSON-0090 repeatedly under CASE-1210.,1,OPERATIONAL_POSITIVE
ROB-PAIR-0003,PERSON-0204,PERSON-0734,TRANSFERRED_TO,CASE-1117,PERSON-0204 contacted PERSON-0734 repeatedly under CASE-1117.,1,OPERATIONAL_POSITIVE
ROB-PAIR-0004,PERSON-0164,PERSON-0715,CONTACTED,CASE-0866,PERSON-0164 contacted PERSON-0715 repeatedly under CASE-0866.,1,OPERATIONAL_POSITIVE
ROB-PAIR-0005,PERSON-0095,PERSON-0390,TRANSFERRED_TO,CASE-0199,PERSON-0095 contacted PERSON-0390 repeatedly under CASE-0199.,1,OPERATIONAL_POSITIVE
ROB-PAIR-0006,PERSON-0748,PERSON-0471,TRANSFERRED_TO,CASE-1099,PERSON-0748 contacted PERSON-0471 repeatedly under CASE-1099.,1,OPERATIONAL_POSITIVE
ROB-PAIR-0007,PERSON-0634,PERSON-0907,CONTACTED,CASE-0741,PERSON-0634 contacted PERSON-0907 repeatedly under CASE-0741.,1,OPERATIONAL_POSITIVE
ROB-PAIR-0008,PERSON-0082,PERSON-0876,CONTACTED,CASE-0477,PERSON-0082 contacted PERSON-0876 repeatedly under CASE-0477.,1,OPERATIONAL_POSITIVE
ROB-PAIR-0009,PERSON-0364,PERSON-0215,CONTACTED,CASE-0547,PERSON-0364 contacted PERSON-0215 repeatedly under CASE-0547.,1,OPERATIONAL_POSITIVE
ROB-PAIR-0010,PERSON-0176,PERSON-0547,CONTACTED,CASE-0502,PERSON-0176 contacted PERSON-0547 repeatedly under CASE-0502.,1,OPERATIONAL_POSITIVE
ROB-PAIR-0011,PERSON-0571,PERSON-0225,TRANSFERRED_TO,CASE-0665,PERSON-0571 contacted PERSON-0225 repeatedly under CASE-0665.,1,OPERATIONAL_POSITIVE
ROB-PAIR-0012,PERSON-0411,PERSON-0275,TRANSFERRED_TO,CASE-0136,PERSON-0411 contacted PERSON-0275 repeatedly under CASE-0136.,1,OPERATIONAL_POSITIVE
ROB-PAIR-0013,PERSON-0218,PERSON-0672,CONTACTED,CASE-1023,PERSON-0218 contacted PERSON-0672 repeatedly under CASE-1023.,1,OPERATIONAL_POSITIVE
ROB-PAIR-0014,PERSON-0143,PERSON-0253,CONTACTED,CASE-1150,PERSON-0143 contacted PERSON-0253 repeatedly under CASE-1150.,1,OPERATIONAL_POSITIVE
ROB-PAIR-0015,PERSON-0142,PERSON-0522,CONTACTED,CASE-1011,PERSON-0142 contacted PERSON-0522 repeatedly under CASE-1011.,1,OPERATIONAL_POSITIVE
ROB-PAIR-0016,PERSON-0164,PERSON-0812,CONTACTED,CASE-0865,PERSON-0164 contacted PERSON-0812 repeatedly under CASE-0865.,1,OPERATIONAL_POSITIVE
ROB-PAIR-0017,PERSON-0258,PERSON-0995,CONTACTED,CASE-1134,PERSON-0258 contacted PERSON-0995 repeatedly under CASE-1134.,1,OPERATIONAL_POSITIVE
ROB-PAIR-0018,PERSON-0907,PERSON-0550,CONTACTED,CASE-0547,PERSON-0907 contacted PERSON-0550 repeatedly under CASE-0547.,1,OPERATIONAL_POSITIVE
ROB-PAIR-0019,PERSON-0977,PERSON-0740,CONTACTED,CASE-0540,PERSON-0977 contacted PERSON-0740 repeatedly under CASE-0540.,1,OPERATIONAL_POSITIVE
ROB-PAIR-0020,PERSON-0641,PERSON-0306,CONTACTED,CASE-1040,PERSON-0641 contacted PERSON-0306 repeatedly under CASE-1040.,1,OPERATIONAL_POSITIVE
ROB-PAIR-0021,PERSON-0798,PERSON-0945,CONTACTED,CASE-1087,PERSON-0798 contacted PERSON-0945 repeatedly under CASE-1087.,1,OPERATIONAL_POSITIVE
ROB-PAIR-0022,PERSON-0852,PERSON-0827,CONTACTED,CASE-0630,PERSON-0852 contacted PERSON-0827 repeatedly under CASE-0630.,1,OPERATIONAL_POSITIVE
ROB-PAIR-0023,PERSON-0498,PERSON-0836,CONTACTED,CASE-0142,PERSON-0498 contacted PERSON-0836 repeatedly under CASE-0142.,1,OPERATIONAL_POSITIVE
ROB-PAIR-0024,PERSON-0272,PERSON-0541,TRANSFERRED_TO,CASE-1243,PERSON-0272 contacted PERSON-0541 repeatedly under CASE-1243.,1,OPERATIONAL_POSITIVE
ROB-PAIR-0025,PERSON-0707,PERSON-0206,CONTACTED,CASE-0639,PERSON-0707 contacted PERSON-0206 repeatedly under CASE-0639.,1,OPERATIONAL_POSITIVE
ROB-PAIR-0026,PERSON-0530,PERSON-0463,CONTACTED,CASE-0248,PERSON-0530 contacted PERSON-0463 repeatedly under CASE-0248.,1,OPERATIONAL_POSITIVE
ROB-PAIR-0027,PERSON-0008,PERSON-0073,CONTACTED,CASE-0121,PERSON-0008 contacted PERSON-0073 repeatedly under CASE-0121.,1,OPERATIONAL_POSITIVE
ROB-PAIR-0028,PERSON-0244,PERSON-0286,CONTACTED,CASE-0995,PERSON-0244 contacted PERSON-0286 repeatedly under CASE-0995.,1,OPERATIONAL_POSITIVE
ROB-PAIR-0029,PERSON-0485,PERSON-0827,TRANSFERRED_TO,CASE-0834,PERSON-0485 contacted PERSON-0827 repeatedly under CASE-0834.,1,OPERATIONAL_POSITIVE
ROB-PAIR-0030,PERSON-0056,PERSON-0690,CONTACTED,CASE-0202,PERSON-0056 contacted PERSON-0690 repeatedly under CASE-0202.,1,OPERATIONAL_POSITIVE
ROB-PAIR-0031,PERSON-0197,PERSON-0195,TRANSFERRED_TO,CASE-1099,PERSON-0197 contacted PERSON-0195 repeatedly under CASE-1099.,1,OPERATIONAL_POSITIVE
ROB-PAIR-0032,PERSON-0454,PERSON-0828,TRANSFERRED_TO,CASE-1128,PERSON-0454 contacted PERSON-0828 repeatedly under CASE-1128.,1,OPERATIONAL_POSITIVE
ROB-PAIR-0033,PERSON-0949,PERSON-0772,CONTACTED,CASE-0485,PERSON-0949 contacted PERSON-0772 repeatedly under CASE-0485.,1,OPERATIONAL_POSITIVE
ROB-PAIR-0034,PERSON-0389,PERSON-0003,CONTACTED,CASE-0800,PERSON-0389 contacted PERSON-0003 repeatedly under CASE-0800.,1,OPERATIONAL_POSITIVE
ROB-PAIR-0035,PERSON-0714,PERSON-0981,TRANSFERRED_TO,CASE-1139,PERSON-0714 contacted PERSON-0981 repeatedly under CASE-1139.,1,OPERATIONAL_POSITIVE
ROB-PAIR-0036,PERSON-0594,PERSON-0754,CONTACTED,CASE-1111,PERSON-0594 contacted PERSON-0754 repeatedly under CASE-1111.,1,OPERATIONAL_POSITIVE
ROB-PAIR-0037,PERSON-0874,PERSON-0544,CONTACTED,CASE-0323,PERSON-0874 contacted PERSON-0544 repeatedly under CASE-0323.,1,OPERATIONAL_POSITIVE
ROB-PAIR-0038,PERSON-0692,PERSON-0883,CONTACTED,CASE-0482,PERSON-0692 contacted PERSON-0883 repeatedly under CASE-0482.,1,OPERATIONAL_POSITIVE
ROB-PAIR-0039,PERSON-0430,PERSON-0674,CONTACTED,CASE-1196,PERSON-0430 contacted PERSON-0674 repeatedly under CASE-1196.,1,OPERATIONAL_POSITIVE
ROB-PAIR-0040,PERSON-0406,PERSON-0135,CONTACTED,CASE-0615,PERSON-0406 contacted PERSON-0135 repeatedly under CASE-0615.,1,OPERATIONAL_POSITIVE
ROB-PAIR-0041,PERSON-0103,PERSON-0076,TRANSFERRED_TO,CASE-1102,PERSON-0103 contacted PERSON-0076 repeatedly under CASE-1102.,1,OPERATIONAL_POSITIVE
ROB-PAIR-0042,PERSON-0901,PERSON-0251,CONTACTED,CASE-0757,PERSON-0901 contacted PERSON-0251 repeatedly under CASE-0757.,1,OPERATIONAL_POSITIVE
ROB-PAIR-0043,PERSON-0827,PERSON-0670,TRANSFERRED_TO,CASE-1084,PERSON-0827 contacted PERSON-0670 repeatedly under CASE-1084.,1,OPERATIONAL_POSITIVE
ROB-PAIR-0044,PERSON-0107,PERSON-0962,CONTACTED,CASE-0276,PERSON-0107 contacted PERSON-0962 repeatedly under CASE-0276.,1,OPERATIONAL_POSITIVE
ROB-PAIR-0045,PERSON-0289,PERSON-0620,CONTACTED,CASE-0432,PERSON-0289 contacted PERSON-0620 repeatedly under CASE-0432.,1,OPERATIONAL_POSITIVE
ROB-PAIR-0046,PERSON-0930,PERSON-0867,CONTACTED,CASE-0105,PERSON-0930 contacted PERSON-0867 repeatedly under CASE-0105.,1,OPERATIONAL_POSITIVE
ROB-PAIR-0047,PERSON-0342,PERSON-0790,TRANSFERRED_TO,CASE-0268,PERSON-0342 contacted PERSON-0790 repeatedly under CASE-0268.,1,OPERATIONAL_POSITIVE
ROB-PAIR-0048,PERSON-0575,PERSON-0010,CONTACTED,CASE-0230,PERSON-0575 contacted PERSON-0010 repeatedly under CASE-0230.,1,OPERATIONAL_POSITIVE
ROB-PAIR-0049,PERSON-0037,PERSON-0855,TRANSFERRED_TO,CASE-0757,PERSON-0037 contacted PERSON-0855 repeatedly under CASE-0757.,1,OPERATIONAL_POSITIVE
ROB-PAIR-0050,PERSON-0816,PERSON-0996,CONTACTED,CASE-0082,PERSON-0816 contacted PERSON-0996 repeatedly under CASE-0082.,1,OPERATIONAL_POSITIVE
ROB-PAIR-0051,PERSON-0574,PERSON-0906,CONTACTED,CASE-0833,PERSON-0574 contacted PERSON-0906 repeatedly under CASE-0833.,1,OPERATIONAL_POSITIVE
ROB-PAIR-0052,PERSON-0167,PERSON-1000,CONTACTED,CASE-0363,PERSON-0167 contacted PERSON-1000 repeatedly under CASE-0363.,1,OPERATIONAL_POSITIVE
ROB-PAIR-0053,PERSON-0954,PERSON-0422,CONTACTED,CASE-0509,PERSON-0954 contacted PERSON-0422 repeatedly under CASE-0509.,1,OPERATIONAL_POSITIVE
ROB-PAIR-0054,PERSON-0205,PERSON-0837,CONTACTED,CASE-0943,PERSON-0205 contacted PERSON-0837 repeatedly under CASE-0943.,1,OPERATIONAL_POSITIVE
ROB-PAIR-0055,PERSON-0286,PERSON-0886,CONTACTED,CASE-0143,PERSON-0286 contacted PERSON-0886 repeatedly under CASE-0143.,1,OPERATIONAL_POSITIVE
ROB-PAIR-0056,PERSON-0962,PERSON-0029,CONTACTED,CASE-0237,PERSON-0962 contacted PERSON-0029 repeatedly under CASE-0237.,1,OPERATIONAL_POSITIVE
ROB-PAIR-0057,PERSON-0112,PERSON-0611,CONTACTED,CASE-0890,PERSON-0112 contacted PERSON-0611 repeatedly under CASE-0890.,1,OPERATIONAL_POSITIVE
ROB-PAIR-0058,PERSON-0395,PERSON-0922,CONTACTED,CASE-1181,PERSON-0395 contacted PERSON-0922 repeatedly under CASE-1181.,1,OPERATIONAL_POSITIVE
ROB-PAIR-0059,PERSON-0737,PERSON-0963,CONTACTED,CASE-0404,PERSON-0737 contacted PERSON-0963 repeatedly under CASE-0404.,1,OPERATIONAL_POSITIVE
ROB-PAIR-0060,PERSON-0128,PERSON-0738,CONTACTED,CASE-0616,PERSON-0128 contacted PERSON-0738 repeatedly under CASE-0616.,1,OPERATIONAL_POSITIVE
ROB-PAIR-0061,PERSON-0197,PERSON-0431,CONTACTED,CASE-0777,PERSON-0197 contacted PERSON-0431 repeatedly under CASE-0777.,1,OPERATIONAL_POSITIVE
ROB-PAIR-0062,PERSON-0854,PERSON-0001,CONTACTED,CASE-0623,PERSON-0854 contacted PERSON-0001 repeatedly under CASE-0623.,1,OPERATIONAL_POSITIVE
ROB-PAIR-0063,PERSON-0453,PERSON-0692,CONTACTED,CASE-0438,PERSON-0453 contacted PERSON-0692 repeatedly under CASE-0438.,1,OPERATIONAL_POSITIVE
ROB-PAIR-0064,PERSON-0680,PERSON-0649,CONTACTED,CASE-0687,PERSON-0680 contacted PERSON-0649 repeatedly under CASE-0687.,1,OPERATIONAL_POSITIVE
ROB-PAIR-0065,PERSON-0231,PERSON-0826,CONTACTED,CASE-0408,PERSON-0231 contacted PERSON-0826 repeatedly under CASE-0408.,1,OPERATIONAL_POSITIVE
ROB-PAIR-0066,PERSON-0787,PERSON-0075,TRANSFERRED_TO,CASE-0933,PERSON-0787 contacted PERSON-0075 repeatedly under CASE-0933.,1,OPERATIONAL_POSITIVE
ROB-PAIR-0067,PERSON-0394,PERSON-0507,TRANSFERRED_TO,CASE-0819,PERSON-0394 contacted PERSON-0507 repeatedly under CASE-0819.,1,OPERATIONAL_POSITIVE
ROB-PAIR-0068,PERSON-0907,PERSON-0110,TRANSFERRED_TO,CASE-0871,PERSON-0907 contacted PERSON-0110 repeatedly under CASE-0871.,1,OPERATIONAL_POSITIVE
ROB-PAIR-0069,PERSON-0125,PERSON-0468,CONTACTED,CASE-0274,PERSON-0125 contacted PERSON-0468 repeatedly under CASE-0274.,1,OPERATIONAL_POSITIVE
ROB-PAIR-0070,PERSON-0973,PERSON-0774,CONTACTED,CASE-0907,PERSON-0973 contacted PERSON-0774 repeatedly under CASE-0907.,1,OPERATIONAL_POSITIVE
ROB-PAIR-0071,PERSON-0929,PERSON-0562,TRANSFERRED_TO,CASE-0914,PERSON-0929 contacted PERSON-0562 repeatedly under CASE-0914.,1,OPERATIONAL_POSITIVE
ROB-PAIR-0072,PERSON-0284,PERSON-0785,CONTACTED,CASE-1068,PERSON-0284 contacted PERSON-0785 repeatedly under CASE-1068.,1,OPERATIONAL_POSITIVE
ROB-PAIR-0073,PERSON-0279,PERSON-0344,CONTACTED,CASE-0655,PERSON-0279 contacted PERSON-0344 repeatedly under CASE-0655.,1,OPERATIONAL_POSITIVE
ROB-PAIR-0074,PERSON-0220,PERSON-0066,CONTACTED,CASE-0850,PERSON-0220 contacted PERSON-0066 repeatedly under CASE-0850.,1,OPERATIONAL_POSITIVE
ROB-PAIR-0075,PERSON-0927,PERSON-0789,CONTACTED,CASE-1197,PERSON-0927 contacted PERSON-0789 repeatedly under CASE-1197.,1,OPERATIONAL_POSITIVE
ROB-PAIR-0076,PERSON-0772,PERSON-0400,CONTACTED,CASE-0859,PERSON-0772 contacted PERSON-0400 repeatedly under CASE-0859.,1,OPERATIONAL_POSITIVE
ROB-PAIR-0077,PERSON-0226,PERSON-0500,TRANSFERRED_TO,CASE-0450,PERSON-0226 contacted PERSON-0500 repeatedly under CASE-0450.,1,OPERATIONAL_POSITIVE
ROB-PAIR-0078,PERSON-0742,PERSON-0170,CONTACTED,CASE-0958,PERSON-0742 contacted PERSON-0170 repeatedly under CASE-0958.,1,OPERATIONAL_POSITIVE
ROB-PAIR-0079,PERSON-0028,PERSON-0086,CONTACTED,CASE-0878,PERSON-0028 contacted PERSON-0086 repeatedly under CASE-0878.,1,OPERATIONAL_POSITIVE
ROB-PAIR-0080,PERSON-0466,PERSON-0335,CONTACTED,CASE-0692,PERSON-0466 contacted PERSON-0335 repeatedly under CASE-0692.,1,OPERATIONAL_POSITIVE
ROB-PAIR-0081,PERSON-0855,PERSON-0084,CONTACTED,CASE-0964,PERSON-0855 contacted PERSON-0084 repeatedly under CASE-0964.,1,OPERATIONAL_POSITIVE
ROB-PAIR-0082,PERSON-0071,PERSON-0800,CONTACTED,CASE-0083,PERSON-0071 contacted PERSON-0800 repeatedly under CASE-0083.,1,OPERATIONAL_POSITIVE
ROB-PAIR-0083,PERSON-0130,PERSON-0485,CONTACTED,CASE-0235,PERSON-0130 contacted PERSON-0485 repeatedly under CASE-0235.,1,OPERATIONAL_POSITIVE
ROB-PAIR-0084,PERSON-0621,PERSON-0622,CONTACTED,CASE-0235,PERSON-0621 contacted PERSON-0622 repeatedly under CASE-0235.,1,OPERATIONAL_POSITIVE
ROB-PAIR-0085,PERSON-0027,PERSON-0952,CONTACTED,CASE-0639,PERSON-0027 contacted PERSON-0952 repeatedly under CASE-0639.,1,OPERATIONAL_POSITIVE
ROB-PAIR-0086,PERSON-0733,PERSON-0204,CONTACTED,CASE-0156,PERSON-0733 contacted PERSON-0204 repeatedly under CASE-0156.,1,OPERATIONAL_POSITIVE
ROB-PAIR-0087,PERSON-0792,PERSON-0309,CONTACTED,CASE-1230,PERSON-0792 contacted PERSON-0309 repeatedly under CASE-1230.,1,OPERATIONAL_POSITIVE
ROB-PAIR-0088,PERSON-0439,PERSON-0678,CONTACTED,CASE-0759,PERSON-0439 contacted PERSON-0678 repeatedly under CASE-0759.,1,OPERATIONAL_POSITIVE
ROB-PAIR-0089,PERSON-0444,PERSON-0984,CONTACTED,CASE-0742,PERSON-0444 contacted PERSON-0984 repeatedly under CASE-0742.,1,OPERATIONAL_POSITIVE
ROB-PAIR-0090,PERSON-0535,PERSON-0989,CONTACTED,CASE-0554,PERSON-0535 contacted PERSON-0989 repeatedly under CASE-0554.,1,OPERATIONAL_POSITIVE
ROB-PAIR-0091,PERSON-0447,PERSON-0846,CONTACTED,CASE-1214,PERSON-0447 contacted PERSON-0846 repeatedly under CASE-1214.,1,OPERATIONAL_POSITIVE
ROB-PAIR-0092,PERSON-0903,PERSON-0462,CONTACTED,CASE-0500,PERSON-0903 contacted PERSON-0462 repeatedly under CASE-0500.,1,OPERATIONAL_POSITIVE
ROB-PAIR-0093,PERSON-0500,PERSON-0218,TRANSFERRED_TO,CASE-0727,PERSON-0500 contacted PERSON-0218 repeatedly under CASE-0727.,1,OPERATIONAL_POSITIVE
ROB-PAIR-0094,PERSON-0283,PERSON-0570,CONTACTED,CASE-0021,PERSON-0283 contacted PERSON-0570 repeatedly under CASE-0021.,1,OPERATIONAL_POSITIVE
ROB-PAIR-0095,PERSON-0777,PERSON-0247,CONTACTED,CASE-0976,PERSON-0777 contacted PERSON-0247 repeatedly under CASE-0976.,1,OPERATIONAL_POSITIVE
ROB-PAIR-0096,PERSON-0415,PERSON-0709,CONTACTED,CASE-0499,PERSON-0415 contacted PERSON-0709 repeatedly under CASE-0499.,1,OPERATIONAL_POSITIVE
ROB-PAIR-0097,PERSON-0764,PERSON-0564,CONTACTED,CASE-0678,PERSON-0764 contacted PERSON-0564 repeatedly under CASE-0678.,1,OPERATIONAL_POSITIVE
ROB-PAIR-0098,PERSON-0198,PERSON-0324,CONTACTED,CASE-0245,PERSON-0198 contacted PERSON-0324 repeatedly under CASE-0245.,1,OPERATIONAL_POSITIVE
ROB-PAIR-0099,PERSON-0604,PERSON-0779,CONTACTED,CASE-1075,PERSON-0604 contacted PERSON-0779 repeatedly under CASE-1075.,1,OPERATIONAL_POSITIVE
ROB-PAIR-0100,PERSON-0370,PERSON-0184,CONTACTED,CASE-0620,PERSON-0370 contacted PERSON-0184 repeatedly under CASE-0620.,1,OPERATIONAL_POSITIVE
ROB-PAIR-0101,PERSON-0300,PERSON-0715,CONTACTED,CASE-0259,PERSON-0300 contacted PERSON-0715 repeatedly under CASE-0259.,1,OPERATIONAL_POSITIVE
ROB-PAIR-0102,PERSON-0481,PERSON-0491,CONTACTED,CASE-0903,PERSON-0481 contacted PERSON-0491 repeatedly under CASE-0903.,1,OPERATIONAL_POSITIVE
ROB-PAIR-0103,PERSON-0067,PERSON-0411,TRANSFERRED_TO,CASE-1008,PERSON-0067 contacted PERSON-0411 repeatedly under CASE-1008.,1,OPERATIONAL_POSITIVE
ROB-PAIR-0104,PERSON-0088,PERSON-0255,TRANSFERRED_TO,CASE-0243,PERSON-0088 contacted PERSON-0255 repeatedly under CASE-0243.,1,OPERATIONAL_POSITIVE
ROB-PAIR-0105,PERSON-0232,PERSON-0795,CONTACTED,CASE-1071,PERSON-0232 contacted PERSON-0795 repeatedly under CASE-1071.,1,OPERATIONAL_POSITIVE
ROB-PAIR-0106,PERSON-0583,PERSON-0636,CONTACTED,CASE-0124,PERSON-0583 contacted PERSON-0636 repeatedly under CASE-0124.,1,OPERATIONAL_POSITIVE
ROB-PAIR-0107,PERSON-0271,PERSON-0677,CONTACTED,CASE-0167,PERSON-0271 contacted PERSON-0677 repeatedly under CASE-0167.,1,OPERATIONAL_POSITIVE
ROB-PAIR-0108,PERSON-0609,PERSON-0482,CONTACTED,CASE-0597,PERSON-0609 contacted PERSON-0482 repeatedly under CASE-0597.,1,OPERATIONAL_POSITIVE
ROB-PAIR-0109,PERSON-0704,PERSON-0240,TRANSFERRED_TO,CASE-0542,PERSON-0704 contacted PERSON-0240 repeatedly under CASE-0542.,1,OPERATIONAL_POSITIVE
ROB-PAIR-0110,PERSON-0203,PERSON-0436,TRANSFERRED_TO,CASE-0236,PERSON-0203 contacted PERSON-0436 repeatedly under CASE-0236.,1,OPERATIONAL_POSITIVE
ROB-PAIR-0111,PERSON-0074,PERSON-0062,CONTACTED,CASE-0340,PERSON-0074 contacted PERSON-0062 repeatedly under CASE-0340.,1,OPERATIONAL_POSITIVE
ROB-PAIR-0112,PERSON-0480,PERSON-0706,CONTACTED,CASE-0623,PERSON-0480 contacted PERSON-0706 repeatedly under CASE-0623.,1,OPERATIONAL_POSITIVE
ROB-PAIR-0113,PERSON-0083,PERSON-0613,CONTACTED,CASE-0082,PERSON-0083 contacted PERSON-0613 repeatedly under CASE-0082.,1,OPERATIONAL_POSITIVE
ROB-PAIR-0114,PERSON-0235,PERSON-0985,CONTACTED,CASE-1179,PERSON-0235 contacted PERSON-0985 repeatedly under CASE-1179.,1,OPERATIONAL_POSITIVE
ROB-PAIR-0115,PERSON-0276,PERSON-0591,TRANSFERRED_TO,CASE-0083,PERSON-0276 contacted PERSON-0591 repeatedly under CASE-0083.,1,OPERATIONAL_POSITIVE
ROB-PAIR-0116,PERSON-0186,PERSON-0600,CONTACTED,CASE-0893,PERSON-0186 contacted PERSON-0600 repeatedly under CASE-0893.,1,OPERATIONAL_POSITIVE
ROB-PAIR-0117,PERSON-0419,PERSON-0342,CONTACTED,CASE-0658,PERSON-0419 contacted PERSON-0342 repeatedly under CASE-0658.,1,OPERATIONAL_POSITIVE
ROB-PAIR-0118,PERSON-0968,PERSON-0411,TRANSFERRED_TO,CASE-1127,PERSON-0968 contacted PERSON-0411 repeatedly under CASE-1127.,1,OPERATIONAL_POSITIVE
ROB-PAIR-0119,PERSON-0886,PERSON-0527,CONTACTED,CASE-0003,PERSON-0886 contacted PERSON-0527 repeatedly under CASE-0003.,1,OPERATIONAL_POSITIVE
ROB-PAIR-0120,PERSON-0638,PERSON-0775,TRANSFERRED_TO,CASE-1021,PERSON-0638 contacted PERSON-0775 repeatedly under CASE-1021.,1,OPERATIONAL_POSITIVE
ROB-PAIR-0121,PERSON-0449,PERSON-0902,TRANSFERRED_TO,CASE-0993,PERSON-0449 contacted PERSON-0902 repeatedly under CASE-0993.,1,OPERATIONAL_POSITIVE
ROB-PAIR-0122,PERSON-0319,PERSON-0565,TRANSFERRED_TO,CASE-0029,PERSON-0319 contacted PERSON-0565 repeatedly under CASE-0029.,1,OPERATIONAL_POSITIVE
ROB-PAIR-0123,PERSON-0473,PERSON-0970,CONTACTED,CASE-0241,PERSON-0473 contacted PERSON-0970 repeatedly under CASE-0241.,1,OPERATIONAL_POSITIVE
ROB-PAIR-0124,PERSON-0280,PERSON-0426,CONTACTED,CASE-0989,PERSON-0280 contacted PERSON-0426 repeatedly under CASE-0989.,1,OPERATIONAL_POSITIVE
ROB-PAIR-0125,PERSON-0765,PERSON-0901,CONTACTED,CASE-0280,PERSON-0765 contacted PERSON-0901 repeatedly under CASE-0280.,1,OPERATIONAL_POSITIVE
ROB-PAIR-0126,PERSON-0003,PERSON-0290,CONTACTED,CASE-0612,PERSON-0003 contacted PERSON-0290 repeatedly under CASE-0612.,1,OPERATIONAL_POSITIVE
ROB-PAIR-0127,PERSON-0496,PERSON-0354,TRANSFERRED_TO,CASE-0681,PERSON-0496 contacted PERSON-0354 repeatedly under CASE-0681.,1,OPERATIONAL_POSITIVE
ROB-PAIR-0128,PERSON-0715,PERSON-0245,TRANSFERRED_TO,CASE-1172,PERSON-0715 contacted PERSON-0245 repeatedly under CASE-1172.,1,OPERATIONAL_POSITIVE
ROB-PAIR-0129,PERSON-0831,PERSON-0391,CONTACTED,CASE-0791,PERSON-0831 contacted PERSON-0391 repeatedly under CASE-0791.,1,OPERATIONAL_POSITIVE
ROB-PAIR-0130,PERSON-0988,PERSON-0038,TRANSFERRED_TO,CASE-0259,PERSON-0988 contacted PERSON-0038 repeatedly under CASE-0259.,1,OPERATIONAL_POSITIVE
ROB-PAIR-0131,PERSON-0103,PERSON-0539,CONTACTED,CASE-0936,PERSON-0103 contacted PERSON-0539 repeatedly under CASE-0936.,1,OPERATIONAL_POSITIVE
ROB-PAIR-0132,PERSON-0481,PERSON-0801,CONTACTED,CASE-0543,PERSON-0481 contacted PERSON-0801 repeatedly under CASE-0543.,1,OPERATIONAL_POSITIVE
ROB-PAIR-0133,PERSON-0691,PERSON-0880,TRANSFERRED_TO,CASE-1093,PERSON-0691 contacted PERSON-0880 repeatedly under CASE-1093.,1,OPERATIONAL_POSITIVE
ROB-PAIR-0134,PERSON-0500,PERSON-0894,CONTACTED,CASE-1109,PERSON-0500 contacted PERSON-0894 repeatedly under CASE-1109.,1,OPERATIONAL_POSITIVE
ROB-PAIR-0135,PERSON-0233,PERSON-0765,TRANSFERRED_TO,CASE-0186,PERSON-0233 contacted PERSON-0765 repeatedly under CASE-0186.,1,OPERATIONAL_POSITIVE
ROB-PAIR-0136,PERSON-0103,PERSON-0455,CONTACTED,CASE-0341,PERSON-0103 contacted PERSON-0455 repeatedly under CASE-0341.,1,OPERATIONAL_POSITIVE
ROB-PAIR-0137,PERSON-0384,PERSON-0442,CONTACTED,CASE-0299,PERSON-0384 contacted PERSON-0442 repeatedly under CASE-0299.,1,OPERATIONAL_POSITIVE
ROB-PAIR-0138,PERSON-0180,PERSON-0081,CONTACTED,CASE-1249,PERSON-0180 contacted PERSON-0081 repeatedly under CASE-1249.,1,OPERATIONAL_POSITIVE
ROB-PAIR-0139,PERSON-0654,PERSON-0261,CONTACTED,CASE-0942,PERSON-0654 contacted PERSON-0261 repeatedly under CASE-0942.,1,OPERATIONAL_POSITIVE
ROB-PAIR-0140,PERSON-0295,PERSON-0694,CONTACTED,CASE-1120,PERSON-0295 contacted PERSON-0694 repeatedly under CASE-1120.,1,OPERATIONAL_POSITIVE
ROB-PAIR-0141,PERSON-0986,PERSON-0435,CONTACTED,CASE-0513,PERSON-0986 contacted PERSON-0435 repeatedly under CASE-0513.,1,OPERATIONAL_POSITIVE
ROB-PAIR-0142,PERSON-0243,PERSON-0391,CONTACTED,CASE-1172,PERSON-0243 contacted PERSON-0391 repeatedly under CASE-1172.,1,OPERATIONAL_POSITIVE
ROB-PAIR-0143,PERSON-0009,PERSON-0580,CONTACTED,CASE-0101,PERSON-0009 contacted PERSON-0580 repeatedly under CASE-0101.,1,OPERATIONAL_POSITIVE
ROB-PAIR-0144,PERSON-0819,PERSON-0236,CONTACTED,CASE-1244,PERSON-0819 contacted PERSON-0236 repeatedly under CASE-1244.,1,OPERATIONAL_POSITIVE
ROB-PAIR-0145,PERSON-0739,PERSON-0786,CONTACTED,CASE-0281,PERSON-0739 contacted PERSON-0786 repeatedly under CASE-0281.,1,OPERATIONAL_POSITIVE
ROB-PAIR-0146,PERSON-0750,PERSON-0135,CONTACTED,CASE-0185,PERSON-0750 contacted PERSON-0135 repeatedly under CASE-0185.,1,OPERATIONAL_POSITIVE
ROB-PAIR-0147,PERSON-0995,PERSON-0375,CONTACTED,CASE-1088,PERSON-0995 contacted PERSON-0375 repeatedly under CASE-1088.,1,OPERATIONAL_POSITIVE
ROB-PAIR-0148,PERSON-0845,PERSON-0967,CONTACTED,CASE-0987,PERSON-0845 contacted PERSON-0967 repeatedly under CASE-0987.,1,OPERATIONAL_POSITIVE
ROB-PAIR-0149,PERSON-0078,PERSON-0145,CONTACTED,CASE-0463,PERSON-0078 contacted PERSON-0145 repeatedly under CASE-0463.,1,OPERATIONAL_POSITIVE
ROB-PAIR-0150,PERSON-0867,PERSON-0824,CONTACTED,CASE-1142,PERSON-0867 contacted PERSON-0824 repeatedly under CASE-1142.,1,OPERATIONAL_POSITIVE
ROB-PAIR-0151,PERSON-0689,PERSON-0767,CONTACTED,CASE-0537,PERSON-0689 contacted PERSON-0767 repeatedly under CASE-0537.,1,OPERATIONAL_POSITIVE
ROB-PAIR-0152,PERSON-0906,PERSON-0966,TRANSFERRED_TO,CASE-1150,PERSON-0906 contacted PERSON-0966 repeatedly under CASE-1150.,1,OPERATIONAL_POSITIVE
ROB-PAIR-0153,PERSON-0932,PERSON-0718,TRANSFERRED_TO,CASE-0619,PERSON-0932 contacted PERSON-0718 repeatedly under CASE-0619.,1,OPERATIONAL_POSITIVE
ROB-PAIR-0154,PERSON-0119,PERSON-0100,TRANSFERRED_TO,CASE-0481,PERSON-0119 contacted PERSON-0100 repeatedly under CASE-0481.,1,OPERATIONAL_POSITIVE
ROB-PAIR-0155,PERSON-0969,PERSON-0554,CONTACTED,CASE-0859,PERSON-0969 contacted PERSON-0554 repeatedly under CASE-0859.,1,OPERATIONAL_POSITIVE
ROB-PAIR-0156,PERSON-0502,PERSON-0631,CONTACTED,CASE-0836,PERSON-0502 contacted PERSON-0631 repeatedly under CASE-0836.,1,OPERATIONAL_POSITIVE
ROB-PAIR-0157,PERSON-0974,PERSON-0242,CONTACTED,CASE-0743,PERSON-0974 contacted PERSON-0242 repeatedly under CASE-0743.,1,OPERATIONAL_POSITIVE
ROB-PAIR-0158,PERSON-0063,PERSON-0408,TRANSFERRED_TO,CASE-0566,PERSON-0063 contacted PERSON-0408 repeatedly under CASE-0566.,1,OPERATIONAL_POSITIVE
ROB-PAIR-0159,PERSON-0094,PERSON-0679,CONTACTED,CASE-0435,PERSON-0094 contacted PERSON-0679 repeatedly under CASE-0435.,1,OPERATIONAL_POSITIVE
ROB-PAIR-0160,PERSON-0342,PERSON-0250,CONTACTED,CASE-0258,PERSON-0342 contacted PERSON-0250 repeatedly under CASE-0258.,1,OPERATIONAL_POSITIVE
ROB-PAIR-0161,PERSON-0601,PERSON-0222,CONTACTED,CASE-0478,PERSON-0601 contacted PERSON-0222 repeatedly under CASE-0478.,1,OPERATIONAL_POSITIVE
ROB-PAIR-0162,PERSON-0284,PERSON-0880,CONTACTED,CASE-0297,PERSON-0284 contacted PERSON-0880 repeatedly under CASE-0297.,1,OPERATIONAL_POSITIVE
ROB-PAIR-0163,PERSON-0367,PERSON-0809,CONTACTED,CASE-0488,PERSON-0367 contacted PERSON-0809 repeatedly under CASE-0488.,1,OPERATIONAL_POSITIVE
ROB-PAIR-0164,PERSON-0117,PERSON-0764,CONTACTED,CASE-0131,PERSON-0117 contacted PERSON-0764 repeatedly under CASE-0131.,1,OPERATIONAL_POSITIVE
ROB-PAIR-0165,PERSON-0516,PERSON-0227,CONTACTED,CASE-0089,PERSON-0516 contacted PERSON-0227 repeatedly under CASE-0089.,1,OPERATIONAL_POSITIVE
ROB-PAIR-0166,PERSON-0470,PERSON-0659,CONTACTED,CASE-0064,PERSON-0470 contacted PERSON-0659 repeatedly under CASE-0064.,1,OPERATIONAL_POSITIVE
ROB-PAIR-0167,PERSON-0111,PERSON-0503,CONTACTED,CASE-0909,PERSON-0111 contacted PERSON-0503 repeatedly under CASE-0909.,1,OPERATIONAL_POSITIVE
ROB-PAIR-0168,PERSON-0640,PERSON-0649,CONTACTED,CASE-1199,PERSON-0640 contacted PERSON-0649 repeatedly under CASE-1199.,1,OPERATIONAL_POSITIVE
ROB-PAIR-0169,PERSON-0518,PERSON-0620,TRANSFERRED_TO,CASE-0882,PERSON-0518 contacted PERSON-0620 repeatedly under CASE-0882.,1,OPERATIONAL_POSITIVE
ROB-PAIR-0170,PERSON-0565,PERSON-0739,CONTACTED,CASE-0441,PERSON-0565 contacted PERSON-0739 repeatedly under CASE-0441.,1,OPERATIONAL_POSITIVE
ROB-PAIR-0171,PERSON-0748,PERSON-0098,TRANSFERRED_TO,CASE-0641,PERSON-0748 contacted PERSON-0098 repeatedly under CASE-0641.,1,OPERATIONAL_POSITIVE
ROB-PAIR-0172,PERSON-0069,PERSON-0094,CONTACTED,CASE-0175,PERSON-0069 contacted PERSON-0094 repeatedly under CASE-0175.,1,OPERATIONAL_POSITIVE
ROB-PAIR-0173,PERSON-0601,PERSON-0980,TRANSFERRED_TO,CASE-1151,PERSON-0601 contacted PERSON-0980 repeatedly under CASE-1151.,1,OPERATIONAL_POSITIVE
ROB-PAIR-0174,PERSON-0434,PERSON-0889,CONTACTED,CASE-0106,PERSON-0434 contacted PERSON-0889 repeatedly under CASE-0106.,1,OPERATIONAL_POSITIVE
ROB-PAIR-0175,PERSON-0673,PERSON-0494,CONTACTED,CASE-0460,PERSON-0673 contacted PERSON-0494 repeatedly under CASE-0460.,1,OPERATIONAL_POSITIVE
ROB-PAIR-0176,PERSON-0827,PERSON-0440,CONTACTED,CASE-1149,PERSON-0827 contacted PERSON-0440 repeatedly under CASE-1149.,1,OPERATIONAL_POSITIVE
ROB-PAIR-0177,PERSON-0027,PERSON-0624,CONTACTED,CASE-0548,PERSON-0027 contacted PERSON-0624 repeatedly under CASE-0548.,1,OPERATIONAL_POSITIVE
ROB-PAIR-0178,PERSON-0186,PERSON-0891,TRANSFERRED_TO,CASE-0294,PERSON-0186 contacted PERSON-0891 repeatedly under CASE-0294.,1,OPERATIONAL_POSITIVE
ROB-PAIR-0179,PERSON-0094,PERSON-0765,TRANSFERRED_TO,CASE-1087,PERSON-0094 contacted PERSON-0765 repeatedly under CASE-1087.,1,OPERATIONAL_POSITIVE
ROB-PAIR-0180,PERSON-0796,PERSON-0965,CONTACTED,CASE-1163,PERSON-0796 contacted PERSON-0965 repeatedly under CASE-1163.,1,OPERATIONAL_POSITIVE
ROB-PAIR-0181,PERSON-0084,PERSON-0279,TRANSFERRED_TO,CASE-0908,PERSON-0084 contacted PERSON-0279 repeatedly under CASE-0908.,1,OPERATIONAL_POSITIVE
ROB-PAIR-0182,PERSON-0117,PERSON-0354,CONTACTED,CASE-0881,PERSON-0117 contacted PERSON-0354 repeatedly under CASE-0881.,1,OPERATIONAL_POSITIVE
ROB-PAIR-0183,PERSON-0405,PERSON-0614,TRANSFERRED_TO,CASE-0113,PERSON-0405 contacted PERSON-0614 repeatedly under CASE-0113.,1,OPERATIONAL_POSITIVE
ROB-PAIR-0184,PERSON-0297,PERSON-0336,TRANSFERRED_TO,CASE-0246,PERSON-0297 contacted PERSON-0336 repeatedly under CASE-0246.,1,OPERATIONAL_POSITIVE
ROB-PAIR-0185,PERSON-0513,PERSON-0573,CONTACTED,CASE-0726,PERSON-0513 contacted PERSON-0573 repeatedly under CASE-0726.,1,OPERATIONAL_POSITIVE
ROB-PAIR-0186,PERSON-0321,PERSON-0590,TRANSFERRED_TO,CASE-0880,PERSON-0321 contacted PERSON-0590 repeatedly under CASE-0880.,1,OPERATIONAL_POSITIVE
ROB-PAIR-0187,PERSON-0176,PERSON-0821,CONTACTED,CASE-0943,PERSON-0176 contacted PERSON-0821 repeatedly under CASE-0943.,1,OPERATIONAL_POSITIVE
ROB-PAIR-0188,PERSON-0447,PERSON-0604,CONTACTED,CASE-0821,PERSON-0447 contacted PERSON-0604 repeatedly under CASE-0821.,1,OPERATIONAL_POSITIVE
ROB-PAIR-0189,PERSON-0798,PERSON-0173,CONTACTED,CASE-0157,PERSON-0798 contacted PERSON-0173 repeatedly under CASE-0157.,1,OPERATIONAL_POSITIVE
ROB-PAIR-0190,PERSON-0795,PERSON-0358,CONTACTED,CASE-0720,PERSON-0795 contacted PERSON-0358 repeatedly under CASE-0720.,1,OPERATIONAL_POSITIVE
ROB-PAIR-0191,PERSON-0106,PERSON-0150,CONTACTED,CASE-0525,PERSON-0106 contacted PERSON-0150 repeatedly under CASE-0525.,1,OPERATIONAL_POSITIVE
ROB-PAIR-0192,PERSON-0182,PERSON-0975,CONTACTED,CASE-1012,PERSON-0182 contacted PERSON-0975 repeatedly under CASE-1012.,1,OPERATIONAL_POSITIVE
ROB-PAIR-0193,PERSON-0947,PERSON-0904,TRANSFERRED_TO,CASE-1157,PERSON-0947 contacted PERSON-0904 repeatedly under CASE-1157.,1,OPERATIONAL_POSITIVE
ROB-PAIR-0194,PERSON-0643,PERSON-0324,TRANSFERRED_TO,CASE-0310,PERSON-0643 contacted PERSON-0324 repeatedly under CASE-0310.,1,OPERATIONAL_POSITIVE
ROB-PAIR-0195,PERSON-0606,PERSON-0058,TRANSFERRED_TO,CASE-0721,PERSON-0606 contacted PERSON-0058 repeatedly under CASE-0721.,1,OPERATIONAL_POSITIVE
ROB-PAIR-0196,PERSON-0079,PERSON-0661,TRANSFERRED_TO,CASE-0185,PERSON-0079 contacted PERSON-0661 repeatedly under CASE-0185.,1,OPERATIONAL_POSITIVE
ROB-PAIR-0197,PERSON-0918,PERSON-0043,CONTACTED,CASE-0922,PERSON-0918 contacted PERSON-0043 repeatedly under CASE-0922.,1,OPERATIONAL_POSITIVE
ROB-PAIR-0198,PERSON-0488,PERSON-0514,CONTACTED,CASE-0309,PERSON-0488 contacted PERSON-0514 repeatedly under CASE-0309.,1,OPERATIONAL_POSITIVE
ROB-PAIR-0199,PERSON-0662,PERSON-0177,CONTACTED,CASE-0081,PERSON-0662 contacted PERSON-0177 repeatedly under CASE-0081.,1,OPERATIONAL_POSITIVE
ROB-PAIR-0200,PERSON-0625,PERSON-0163,CONTACTED,CASE-0746,PERSON-0625 contacted PERSON-0163 repeatedly under CASE-0746.,1,OPERATIONAL_POSITIVE
ROB-PAIR-0201,PERSON-0054,PERSON-0809,CONTACTED,CASE-0686,PERSON-0054 contacted PERSON-0809 repeatedly under CASE-0686.,1,OPERATIONAL_POSITIVE
ROB-PAIR-0202,PERSON-0742,PERSON-0873,CONTACTED,CASE-1235,PERSON-0742 contacted PERSON-0873 repeatedly under CASE-1235.,1,OPERATIONAL_POSITIVE
ROB-PAIR-0203,PERSON-0359,PERSON-0318,TRANSFERRED_TO,CASE-0803,PERSON-0359 contacted PERSON-0318 repeatedly under CASE-0803.,1,OPERATIONAL_POSITIVE
ROB-PAIR-0204,PERSON-0833,PERSON-0131,CONTACTED,CASE-1079,PERSON-0833 contacted PERSON-0131 repeatedly under CASE-1079.,1,OPERATIONAL_POSITIVE
ROB-PAIR-0205,PERSON-0185,PERSON-0974,CONTACTED,CASE-0439,PERSON-0185 contacted PERSON-0974 repeatedly under CASE-0439.,1,OPERATIONAL_POSITIVE
ROB-PAIR-0206,PERSON-0080,PERSON-0303,TRANSFERRED_TO,CASE-0208,PERSON-0080 contacted PERSON-0303 repeatedly under CASE-0208.,1,OPERATIONAL_POSITIVE
ROB-PAIR-0207,PERSON-0039,PERSON-0678,CONTACTED,CASE-0690,PERSON-0039 contacted PERSON-0678 repeatedly under CASE-0690.,1,OPERATIONAL_POSITIVE
ROB-PAIR-0208,PERSON-0852,PERSON-0710,TRANSFERRED_TO,CASE-0340,PERSON-0852 contacted PERSON-0710 repeatedly under CASE-0340.,1,OPERATIONAL_POSITIVE
ROB-PAIR-0209,PERSON-0626,PERSON-0292,TRANSFERRED_TO,CASE-0920,PERSON-0626 contacted PERSON-0292 repeatedly under CASE-0920.,1,OPERATIONAL_POSITIVE
ROB-PAIR-0210,PERSON-0926,PERSON-0856,CONTACTED,CASE-0398,PERSON-0926 contacted PERSON-0856 repeatedly under CASE-0398.,1,OPERATIONAL_POSITIVE
ROB-PAIR-0211,PERSON-0788,PERSON-0289,TRANSFERRED_TO,CASE-0783,PERSON-0788 contacted PERSON-0289 repeatedly under CASE-0783.,1,OPERATIONAL_POSITIVE
ROB-PAIR-0212,PERSON-0142,PERSON-0894,CONTACTED,CASE-0513,PERSON-0142 contacted PERSON-0894 repeatedly under CASE-0513.,1,OPERATIONAL_POSITIVE
ROB-PAIR-0213,PERSON-0106,PERSON-0729,CONTACTED,CASE-1057,PERSON-0106 contacted PERSON-0729 repeatedly under CASE-1057.,1,OPERATIONAL_POSITIVE
ROB-PAIR-0214,PERSON-0928,PERSON-0526,TRANSFERRED_TO,CASE-0302,PERSON-0928 contacted PERSON-0526 repeatedly under CASE-0302.,1,OPERATIONAL_POSITIVE
ROB-PAIR-0215,PERSON-0953,PERSON-0028,CONTACTED,CASE-0850,PERSON-0953 contacted PERSON-0028 repeatedly under CASE-0850.,1,OPERATIONAL_POSITIVE
ROB-PAIR-0216,PERSON-0029,PERSON-0327,CONTACTED,CASE-0203,PERSON-0029 contacted PERSON-0327 repeatedly under CASE-0203.,1,OPERATIONAL_POSITIVE
ROB-PAIR-0217,PERSON-0940,PERSON-0850,CONTACTED,CASE-0968,PERSON-0940 contacted PERSON-0850 repeatedly under CASE-0968.,1,OPERATIONAL_POSITIVE
ROB-PAIR-0218,PERSON-0631,PERSON-0006,TRANSFERRED_TO,CASE-0163,PERSON-0631 contacted PERSON-0006 repeatedly under CASE-0163.,1,OPERATIONAL_POSITIVE
ROB-PAIR-0219,PERSON-0541,PERSON-0434,CONTACTED,CASE-0228,PERSON-0541 contacted PERSON-0434 repeatedly under CASE-0228.,1,OPERATIONAL_POSITIVE
ROB-PAIR-0220,PERSON-0638,PERSON-0469,CONTACTED,CASE-0129,PERSON-0638 contacted PERSON-0469 repeatedly under CASE-0129.,1,OPERATIONAL_POSITIVE
ROB-PAIR-0221,PERSON-0589,PERSON-0248,CONTACTED,CASE-0295,PERSON-0589 contacted PERSON-0248 repeatedly under CASE-0295.,1,OPERATIONAL_POSITIVE
ROB-PAIR-0222,PERSON-0088,PERSON-0537,TRANSFERRED_TO,CASE-0739,PERSON-0088 contacted PERSON-0537 repeatedly under CASE-0739.,1,OPERATIONAL_POSITIVE
ROB-PAIR-0223,PERSON-0520,PERSON-0568,CONTACTED,CASE-0042,PERSON-0520 contacted PERSON-0568 repeatedly under CASE-0042.,1,OPERATIONAL_POSITIVE
ROB-PAIR-0224,PERSON-0766,PERSON-0017,CONTACTED,CASE-0732,PERSON-0766 contacted PERSON-0017 repeatedly under CASE-0732.,1,OPERATIONAL_POSITIVE
ROB-PAIR-0225,PERSON-0791,PERSON-0596,TRANSFERRED_TO,CASE-0681,PERSON-0791 contacted PERSON-0596 repeatedly under CASE-0681.,1,OPERATIONAL_POSITIVE
ROB-PAIR-0226,PERSON-0702,PERSON-0476,CONTACTED,CASE-0981,PERSON-0702 contacted PERSON-0476 repeatedly under CASE-0981.,1,OPERATIONAL_POSITIVE
ROB-PAIR-0227,PERSON-0301,PERSON-0207,CONTACTED,CASE-0090,PERSON-0301 contacted PERSON-0207 repeatedly under CASE-0090.,1,OPERATIONAL_POSITIVE
ROB-PAIR-0228,PERSON-0835,PERSON-0557,CONTACTED,CASE-0970,PERSON-0835 contacted PERSON-0557 repeatedly under CASE-0970.,1,OPERATIONAL_POSITIVE
ROB-PAIR-0229,PERSON-0672,PERSON-0340,CONTACTED,CASE-0560,PERSON-0672 contacted PERSON-0340 repeatedly under CASE-0560.,1,OPERATIONAL_POSITIVE
ROB-PAIR-0230,PERSON-0980,PERSON-0396,CONTACTED,CASE-0695,PERSON-0980 contacted PERSON-0396 repeatedly under CASE-0695.,1,OPERATIONAL_POSITIVE
ROB-PAIR-0231,PERSON-0085,PERSON-0745,CONTACTED,CASE-0870,PERSON-0085 contacted PERSON-0745 repeatedly under CASE-0870.,1,OPERATIONAL_POSITIVE
ROB-PAIR-0232,PERSON-0082,PERSON-0336,CONTACTED,CASE-0606,PERSON-0082 contacted PERSON-0336 repeatedly under CASE-0606.,1,OPERATIONAL_POSITIVE
ROB-PAIR-0233,PERSON-0745,PERSON-0891,TRANSFERRED_TO,CASE-0723,PERSON-0745 contacted PERSON-0891 repeatedly under CASE-0723.,1,OPERATIONAL_POSITIVE
ROB-PAIR-0234,PERSON-0077,PERSON-0688,CONTACTED,CASE-0832,PERSON-0077 contacted PERSON-0688 repeatedly under CASE-0832.,1,OPERATIONAL_POSITIVE
ROB-PAIR-0235,PERSON-0623,PERSON-0695,CONTACTED,CASE-0898,PERSON-0623 contacted PERSON-0695 repeatedly under CASE-0898.,1,OPERATIONAL_POSITIVE
ROB-PAIR-0236,PERSON-0393,PERSON-0973,TRANSFERRED_TO,CASE-1162,PERSON-0393 contacted PERSON-0973 repeatedly under CASE-1162.,1,OPERATIONAL_POSITIVE
ROB-PAIR-0237,PERSON-0381,PERSON-0455,CONTACTED,CASE-0158,PERSON-0381 contacted PERSON-0455 repeatedly under CASE-0158.,1,OPERATIONAL_POSITIVE
ROB-PAIR-0238,PERSON-0117,PERSON-0027,TRANSFERRED_TO,CASE-0382,PERSON-0117 contacted PERSON-0027 repeatedly under CASE-0382.,1,OPERATIONAL_POSITIVE
ROB-PAIR-0239,PERSON-0220,PERSON-0627,TRANSFERRED_TO,CASE-0585,PERSON-0220 contacted PERSON-0627 repeatedly under CASE-0585.,1,OPERATIONAL_POSITIVE
ROB-PAIR-0240,PERSON-0463,PERSON-0177,TRANSFERRED_TO,CASE-0912,PERSON-0463 contacted PERSON-0177 repeatedly under CASE-0912.,1,OPERATIONAL_POSITIVE
ROB-PAIR-0241,PERSON-0684,PERSON-0356,TRANSFERRED_TO,CASE-0133,PERSON-0684 contacted PERSON-0356 repeatedly under CASE-0133.,1,OPERATIONAL_POSITIVE
ROB-PAIR-0242,PERSON-0950,PERSON-0718,CONTACTED,CASE-0357,PERSON-0950 contacted PERSON-0718 repeatedly under CASE-0357.,1,OPERATIONAL_POSITIVE
ROB-PAIR-0243,PERSON-0810,PERSON-0506,CONTACTED,CASE-0054,PERSON-0810 contacted PERSON-0506 repeatedly under CASE-0054.,1,OPERATIONAL_POSITIVE
ROB-PAIR-0244,PERSON-0906,PERSON-0089,TRANSFERRED_TO,CASE-0135,PERSON-0906 contacted PERSON-0089 repeatedly under CASE-0135.,1,OPERATIONAL_POSITIVE
ROB-PAIR-0245,PERSON-0844,PERSON-0589,CONTACTED,CASE-0152,PERSON-0844 contacted PERSON-0589 repeatedly under CASE-0152.,1,OPERATIONAL_POSITIVE
ROB-PAIR-0246,PERSON-0697,PERSON-0530,CONTACTED,CASE-0706,PERSON-0697 contacted PERSON-0530 repeatedly under CASE-0706.,1,OPERATIONAL_POSITIVE
ROB-PAIR-0247,PERSON-0187,PERSON-0787,CONTACTED,CASE-0265,PERSON-0187 contacted PERSON-0787 repeatedly under CASE-0265.,1,OPERATIONAL_POSITIVE
ROB-PAIR-0248,PERSON-0312,PERSON-0169,CONTACTED,CASE-0332,PERSON-0312 contacted PERSON-0169 repeatedly under CASE-0332.,1,OPERATIONAL_POSITIVE
ROB-PAIR-0249,PERSON-0291,PERSON-0867,CONTACTED,CASE-0162,PERSON-0291 contacted PERSON-0867 repeatedly under CASE-0162.,1,OPERATIONAL_POSITIVE
ROB-PAIR-0250,PERSON-0096,PERSON-0515,TRANSFERRED_TO,CASE-0346,PERSON-0096 contacted PERSON-0515 repeatedly under CASE-0346.,1,OPERATIONAL_POSITIVE
ROB-PAIR-0251,PERSON-0001,PERSON-0031,CONTACTED,CASE-1240,Both individuals share surname in area records.,0,SCENARIO_A_SAME_SURNAME
ROB-PAIR-0252,PERSON-0002,PERSON-0028,CONTACTED,CASE-0692,Both individuals share surname in area records.,0,SCENARIO_A_SAME_SURNAME
ROB-PAIR-0253,PERSON-0003,PERSON-0037,CONTACTED,CASE-1155,Both individuals share surname in area records.,0,SCENARIO_A_SAME_SURNAME
ROB-PAIR-0254,PERSON-0004,PERSON-0029,CONTACTED,CASE-0085,Both individuals share surname in area records.,0,SCENARIO_A_SAME_SURNAME
ROB-PAIR-0255,PERSON-0005,PERSON-0084,CONTACTED,CASE-0059,Both individuals share surname in area records.,0,SCENARIO_A_SAME_SURNAME
ROB-PAIR-0256,PERSON-0006,PERSON-0080,CONTACTED,CASE-0167,Both individuals share surname in area records.,0,SCENARIO_A_SAME_SURNAME
ROB-PAIR-0257,PERSON-0007,PERSON-0011,CONTACTED,CASE-0094,Both individuals share surname in area records.,0,SCENARIO_A_SAME_SURNAME
ROB-PAIR-0258,PERSON-0008,PERSON-0115,CONTACTED,CASE-1182,Both individuals share surname in area records.,0,SCENARIO_A_SAME_SURNAME
ROB-PAIR-0259,PERSON-0009,PERSON-0026,CONTACTED,CASE-0543,Both individuals share surname in area records.,0,SCENARIO_A_SAME_SURNAME
ROB-PAIR-0260,PERSON-0010,PERSON-0096,CONTACTED,CASE-0432,Both individuals share surname in area records.,0,SCENARIO_A_SAME_SURNAME
ROB-PAIR-0261,PERSON-0012,PERSON-0043,CONTACTED,CASE-1172,Both individuals share surname in area records.,0,SCENARIO_A_SAME_SURNAME
ROB-PAIR-0262,PERSON-0013,PERSON-0020,CONTACTED,CASE-0854,Both individuals share surname in area records.,0,SCENARIO_A_SAME_SURNAME
ROB-PAIR-0263,PERSON-0014,PERSON-0019,CONTACTED,CASE-0063,Both individuals share surname in area records.,0,SCENARIO_A_SAME_SURNAME
ROB-PAIR-0264,PERSON-0015,PERSON-0024,CONTACTED,CASE-1020,Both individuals share surname in area records.,0,SCENARIO_A_SAME_SURNAME
ROB-PAIR-0265,PERSON-0016,PERSON-0069,CONTACTED,CASE-1118,Both individuals share surname in area records.,0,SCENARIO_A_SAME_SURNAME
ROB-PAIR-0266,PERSON-0017,PERSON-0151,CONTACTED,CASE-0594,Both individuals share surname in area records.,0,SCENARIO_A_SAME_SURNAME
ROB-PAIR-0267,PERSON-0018,PERSON-0049,CONTACTED,CASE-0619,Both individuals share surname in area records.,0,SCENARIO_A_SAME_SURNAME
ROB-PAIR-0268,PERSON-0021,PERSON-0041,CONTACTED,CASE-0990,Both individuals share surname in area records.,0,SCENARIO_A_SAME_SURNAME
ROB-PAIR-0269,PERSON-0022,PERSON-0064,CONTACTED,CASE-0502,Both individuals share surname in area records.,0,SCENARIO_A_SAME_SURNAME
ROB-PAIR-0270,PERSON-0023,PERSON-0142,CONTACTED,CASE-0832,Both individuals share surname in area records.,0,SCENARIO_A_SAME_SURNAME
ROB-PAIR-0271,PERSON-0001,PERSON-0002,CONTACTED,CASE-0610,Both individuals registered residing in Unknown.,0,SCENARIO_B_SAME_LOCALITY
ROB-PAIR-0272,PERSON-0063,PERSON-0064,CONTACTED,CASE-0929,Phonetic and character resemblance in civil registry.,0,SCENARIO_C_SIMILAR_NAME
ROB-PAIR-0273,PERSON-0581,PERSON-0582,CONTACTED,CASE-0150,Phonetic and character resemblance in civil registry.,0,SCENARIO_C_SIMILAR_NAME
ROB-PAIR-0274,PERSON-0706,PERSON-0062,CONTACTED,CASE-0324,Named independently in investigation CASE-0324; witness and accused.,0,SCENARIO_D_SHARED_CASE_NO_DIRECT_LINK
ROB-PAIR-0275,PERSON-0451,PERSON-0426,CONTACTED,CASE-0992,Named independently in investigation CASE-0992; witness and accused.,0,SCENARIO_D_SHARED_CASE_NO_DIRECT_LINK
ROB-PAIR-0276,PERSON-0476,PERSON-0209,CONTACTED,CASE-0697,Named independently in investigation CASE-0697; witness and accused.,0,SCENARIO_D_SHARED_CASE_NO_DIRECT_LINK
ROB-PAIR-0277,PERSON-0622,PERSON-0148,CONTACTED,CASE-0641,Named independently in investigation CASE-0641; witness and accused.,0,SCENARIO_D_SHARED_CASE_NO_DIRECT_LINK
ROB-PAIR-0278,PERSON-0883,PERSON-0736,CONTACTED,CASE-0654,Named independently in investigation CASE-0654; witness and accused.,0,SCENARIO_D_SHARED_CASE_NO_DIRECT_LINK
ROB-PAIR-0279,PERSON-0752,PERSON-0882,CONTACTED,CASE-0708,Named independently in investigation CASE-0708; witness and accused.,0,SCENARIO_D_SHARED_CASE_NO_DIRECT_LINK
ROB-PAIR-0280,PERSON-0999,PERSON-0409,CONTACTED,CASE-0268,Named independently in investigation CASE-0268; witness and accused.,0,SCENARIO_D_SHARED_CASE_NO_DIRECT_LINK
ROB-PAIR-0281,PERSON-0779,PERSON-0380,CONTACTED,CASE-1055,Named independently in investigation CASE-1055; witness and accused.,0,SCENARIO_D_SHARED_CASE_NO_DIRECT_LINK
ROB-PAIR-0282,PERSON-0576,PERSON-0109,CONTACTED,CASE-0654,Named independently in investigation CASE-0654; witness and accused.,0,SCENARIO_D_SHARED_CASE_NO_DIRECT_LINK
ROB-PAIR-0283,PERSON-0248,PERSON-0478,CONTACTED,CASE-0251,Named independently in investigation CASE-0251; witness and accused.,0,SCENARIO_D_SHARED_CASE_NO_DIRECT_LINK
ROB-PAIR-0284,PERSON-0274,PERSON-0461,CONTACTED,CASE-0508,Named independently in investigation CASE-0508; witness and accused.,0,SCENARIO_D_SHARED_CASE_NO_DIRECT_LINK
ROB-PAIR-0285,PERSON-0145,PERSON-0100,CONTACTED,CASE-0104,Named independently in investigation CASE-0104; witness and accused.,0,SCENARIO_D_SHARED_CASE_NO_DIRECT_LINK
ROB-PAIR-0286,PERSON-0298,PERSON-0969,CONTACTED,CASE-0787,Named independently in investigation CASE-0787; witness and accused.,0,SCENARIO_D_SHARED_CASE_NO_DIRECT_LINK
ROB-PAIR-0287,PERSON-0885,PERSON-0631,CONTACTED,CASE-0857,Named independently in investigation CASE-0857; witness and accused.,0,SCENARIO_D_SHARED_CASE_NO_DIRECT_LINK
ROB-PAIR-0288,PERSON-0255,PERSON-0986,CONTACTED,CASE-0328,Named independently in investigation CASE-0328; witness and accused.,0,SCENARIO_D_SHARED_CASE_NO_DIRECT_LINK
ROB-PAIR-0289,PERSON-0834,PERSON-0336,CONTACTED,CASE-1184,Named independently in investigation CASE-1184; witness and accused.,0,SCENARIO_D_SHARED_CASE_NO_DIRECT_LINK
ROB-PAIR-0290,PERSON-0739,PERSON-0321,CONTACTED,CASE-0389,Named independently in investigation CASE-0389; witness and accused.,0,SCENARIO_D_SHARED_CASE_NO_DIRECT_LINK
ROB-PAIR-0291,PERSON-0782,PERSON-0164,CONTACTED,CASE-1021,Named independently in investigation CASE-1021; witness and accused.,0,SCENARIO_D_SHARED_CASE_NO_DIRECT_LINK
ROB-PAIR-0292,PERSON-0528,PERSON-0479,CONTACTED,CASE-1022,Named independently in investigation CASE-1022; witness and accused.,0,SCENARIO_D_SHARED_CASE_NO_DIRECT_LINK
ROB-PAIR-0293,PERSON-0901,PERSON-0316,CONTACTED,CASE-1019,Named independently in investigation CASE-1019; witness and accused.,0,SCENARIO_D_SHARED_CASE_NO_DIRECT_LINK
ROB-PAIR-0294,PERSON-0024,PERSON-0093,CONTACTED,CASE-0806,Named independently in investigation CASE-0806; witness and accused.,0,SCENARIO_D_SHARED_CASE_NO_DIRECT_LINK
ROB-PAIR-0295,PERSON-0518,PERSON-0469,CONTACTED,CASE-0494,Named independently in investigation CASE-0494; witness and accused.,0,SCENARIO_D_SHARED_CASE_NO_DIRECT_LINK
ROB-PAIR-0296,PERSON-0221,PERSON-0598,CONTACTED,CASE-0723,Named independently in investigation CASE-0723; witness and accused.,0,SCENARIO_D_SHARED_CASE_NO_DIRECT_LINK
ROB-PAIR-0297,PERSON-0050,PERSON-0052,CONTACTED,CASE-0577,Named independently in investigation CASE-0577; witness and accused.,0,SCENARIO_D_SHARED_CASE_NO_DIRECT_LINK
ROB-PAIR-0298,PERSON-0507,PERSON-0612,CONTACTED,CASE-0964,Named independently in investigation CASE-0964; witness and accused.,0,SCENARIO_D_SHARED_CASE_NO_DIRECT_LINK
ROB-PAIR-0299,PERSON-0293,PERSON-0550,CONTACTED,CASE-0017,Named independently in investigation CASE-0017; witness and accused.,0,SCENARIO_D_SHARED_CASE_NO_DIRECT_LINK
ROB-PAIR-0300,PERSON-0868,PERSON-0111,CONTACTED,CASE-0883,Named independently in investigation CASE-0883; witness and accused.,0,SCENARIO_D_SHARED_CASE_NO_DIRECT_LINK
ROB-PAIR-0301,PERSON-0138,PERSON-0904,CONTACTED,CASE-0542,Named independently in investigation CASE-0542; witness and accused.,0,SCENARIO_D_SHARED_CASE_NO_DIRECT_LINK
ROB-PAIR-0302,PERSON-0745,PERSON-0375,CONTACTED,CASE-0826,Named independently in investigation CASE-0826; witness and accused.,0,SCENARIO_D_SHARED_CASE_NO_DIRECT_LINK
ROB-PAIR-0303,PERSON-0375,PERSON-0047,CONTACTED,CASE-0821,Named independently in investigation CASE-0821; witness and accused.,0,SCENARIO_D_SHARED_CASE_NO_DIRECT_LINK
ROB-PAIR-0304,PERSON-0053,PERSON-0584,CONTACTED,CASE-1151,Single 4-second misdial registered; no operational relationship.,0,SCENARIO_E_ONE_COMM_MISDIAL
ROB-PAIR-0305,PERSON-0200,PERSON-0372,CONTACTED,CASE-1134,Single 4-second misdial registered; no operational relationship.,0,SCENARIO_E_ONE_COMM_MISDIAL
ROB-PAIR-0306,PERSON-0296,PERSON-0076,CONTACTED,CASE-0792,Single 4-second misdial registered; no operational relationship.,0,SCENARIO_E_ONE_COMM_MISDIAL
ROB-PAIR-0307,PERSON-0517,PERSON-0462,CONTACTED,CASE-1127,Single 4-second misdial registered; no operational relationship.,0,SCENARIO_E_ONE_COMM_MISDIAL
ROB-PAIR-0308,PERSON-0287,PERSON-0846,CONTACTED,CASE-0244,Single 4-second misdial registered; no operational relationship.,0,SCENARIO_E_ONE_COMM_MISDIAL
ROB-PAIR-0309,PERSON-0132,PERSON-0999,CONTACTED,CASE-0199,Single 4-second misdial registered; no operational relationship.,0,SCENARIO_E_ONE_COMM_MISDIAL
ROB-PAIR-0310,PERSON-0404,PERSON-0383,CONTACTED,CASE-0695,Single 4-second misdial registered; no operational relationship.,0,SCENARIO_E_ONE_COMM_MISDIAL
ROB-PAIR-0311,PERSON-0572,PERSON-0962,CONTACTED,CASE-0749,Single 4-second misdial registered; no operational relationship.,0,SCENARIO_E_ONE_COMM_MISDIAL
ROB-PAIR-0312,PERSON-0774,PERSON-0148,CONTACTED,CASE-0408,Single 4-second misdial registered; no operational relationship.,0,SCENARIO_E_ONE_COMM_MISDIAL
ROB-PAIR-0313,PERSON-0617,PERSON-0522,CONTACTED,CASE-0823,Single 4-second misdial registered; no operational relationship.,0,SCENARIO_E_ONE_COMM_MISDIAL
ROB-PAIR-0314,PERSON-0513,PERSON-0042,CONTACTED,CASE-0093,Single 4-second misdial registered; no operational relationship.,0,SCENARIO_E_ONE_COMM_MISDIAL
ROB-PAIR-0315,PERSON-0040,PERSON-0141,CONTACTED,CASE-0683,Single 4-second misdial registered; no operational relationship.,0,SCENARIO_E_ONE_COMM_MISDIAL
ROB-PAIR-0316,PERSON-0824,PERSON-0486,CONTACTED,CASE-1064,Single 4-second misdial registered; no operational relationship.,0,SCENARIO_E_ONE_COMM_MISDIAL
ROB-PAIR-0317,PERSON-0468,PERSON-0153,CONTACTED,CASE-1242,Single 4-second misdial registered; no operational relationship.,0,SCENARIO_E_ONE_COMM_MISDIAL
ROB-PAIR-0318,PERSON-0915,PERSON-0528,CONTACTED,CASE-0287,Single 4-second misdial registered; no operational relationship.,0,SCENARIO_E_ONE_COMM_MISDIAL
ROB-PAIR-0319,PERSON-0336,PERSON-0954,CONTACTED,CASE-0653,Single 4-second misdial registered; no operational relationship.,0,SCENARIO_E_ONE_COMM_MISDIAL
ROB-PAIR-0320,PERSON-0167,PERSON-0403,CONTACTED,CASE-0613,Single 4-second misdial registered; no operational relationship.,0,SCENARIO_E_ONE_COMM_MISDIAL
ROB-PAIR-0321,PERSON-0608,PERSON-0345,CONTACTED,CASE-1039,Single 4-second misdial registered; no operational relationship.,0,SCENARIO_E_ONE_COMM_MISDIAL
ROB-PAIR-0322,PERSON-0849,PERSON-0522,CONTACTED,CASE-1091,Single 4-second misdial registered; no operational relationship.,0,SCENARIO_E_ONE_COMM_MISDIAL
ROB-PAIR-0323,PERSON-0502,PERSON-0726,CONTACTED,CASE-1153,Single 4-second misdial registered; no operational relationship.,0,SCENARIO_E_ONE_COMM_MISDIAL
ROB-PAIR-0324,PERSON-0307,PERSON-0487,CONTACTED,CASE-0035,Single retail merchant payment; no syndicate linkage.,0,SCENARIO_F_ONE_TXN_RETAIL
ROB-PAIR-0325,PERSON-0378,PERSON-0340,CONTACTED,CASE-0225,Single retail merchant payment; no syndicate linkage.,0,SCENARIO_F_ONE_TXN_RETAIL
ROB-PAIR-0326,PERSON-0427,PERSON-0598,CONTACTED,CASE-0631,Single retail merchant payment; no syndicate linkage.,0,SCENARIO_F_ONE_TXN_RETAIL
ROB-PAIR-0327,PERSON-0816,PERSON-0921,CONTACTED,CASE-0055,Single retail merchant payment; no syndicate linkage.,0,SCENARIO_F_ONE_TXN_RETAIL
ROB-PAIR-0328,PERSON-0612,PERSON-0486,CONTACTED,CASE-0544,Single retail merchant payment; no syndicate linkage.,0,SCENARIO_F_ONE_TXN_RETAIL
ROB-PAIR-0329,PERSON-0991,PERSON-0672,CONTACTED,CASE-1185,Single retail merchant payment; no syndicate linkage.,0,SCENARIO_F_ONE_TXN_RETAIL
ROB-PAIR-0330,PERSON-0592,PERSON-0234,CONTACTED,CASE-0106,Single retail merchant payment; no syndicate linkage.,0,SCENARIO_F_ONE_TXN_RETAIL
ROB-PAIR-0331,PERSON-0598,PERSON-0492,CONTACTED,CASE-0350,Single retail merchant payment; no syndicate linkage.,0,SCENARIO_F_ONE_TXN_RETAIL
ROB-PAIR-0332,PERSON-0537,PERSON-0645,CONTACTED,CASE-0779,Single retail merchant payment; no syndicate linkage.,0,SCENARIO_F_ONE_TXN_RETAIL
ROB-PAIR-0333,PERSON-0152,PERSON-0842,CONTACTED,CASE-0497,Single retail merchant payment; no syndicate linkage.,0,SCENARIO_F_ONE_TXN_RETAIL
ROB-PAIR-0334,PERSON-0033,PERSON-0587,CONTACTED,CASE-0226,Single retail merchant payment; no syndicate linkage.,0,SCENARIO_F_ONE_TXN_RETAIL
ROB-PAIR-0335,PERSON-0196,PERSON-0020,CONTACTED,CASE-0904,Single retail merchant payment; no syndicate linkage.,0,SCENARIO_F_ONE_TXN_RETAIL
ROB-PAIR-0336,PERSON-0322,PERSON-0429,CONTACTED,CASE-0311,Single retail merchant payment; no syndicate linkage.,0,SCENARIO_F_ONE_TXN_RETAIL
ROB-PAIR-0337,PERSON-0423,PERSON-0708,CONTACTED,CASE-0418,Single retail merchant payment; no syndicate linkage.,0,SCENARIO_F_ONE_TXN_RETAIL
ROB-PAIR-0338,PERSON-0421,PERSON-0514,CONTACTED,CASE-0966,Single retail merchant payment; no syndicate linkage.,0,SCENARIO_F_ONE_TXN_RETAIL
ROB-PAIR-0339,PERSON-0894,PERSON-0869,CONTACTED,CASE-0128,Single retail merchant payment; no syndicate linkage.,0,SCENARIO_F_ONE_TXN_RETAIL
ROB-PAIR-0340,PERSON-0723,PERSON-0142,CONTACTED,CASE-1063,Single retail merchant payment; no syndicate linkage.,0,SCENARIO_F_ONE_TXN_RETAIL
ROB-PAIR-0341,PERSON-0213,PERSON-0575,CONTACTED,CASE-0666,Single retail merchant payment; no syndicate linkage.,0,SCENARIO_F_ONE_TXN_RETAIL
ROB-PAIR-0342,PERSON-0679,PERSON-0490,CONTACTED,CASE-1077,Single retail merchant payment; no syndicate linkage.,0,SCENARIO_F_ONE_TXN_RETAIL
ROB-PAIR-0343,PERSON-0386,PERSON-0322,CONTACTED,CASE-0355,Single retail merchant payment; no syndicate linkage.,0,SCENARIO_F_ONE_TXN_RETAIL
ROB-PAIR-0344,PERSON-0471,PERSON-0935,CONTACTED,CASE-1092,Commercial invoice payment to registered building vendor; no conspiracy.,0,SCENARIO_G_HIGH_VOLUME_COMMERCIAL
ROB-PAIR-0345,PERSON-0351,PERSON-0560,CONTACTED,CASE-0726,Commercial invoice payment to registered building vendor; no conspiracy.,0,SCENARIO_G_HIGH_VOLUME_COMMERCIAL
ROB-PAIR-0346,PERSON-0693,PERSON-0791,CONTACTED,CASE-0542,Commercial invoice payment to registered building vendor; no conspiracy.,0,SCENARIO_G_HIGH_VOLUME_COMMERCIAL
ROB-PAIR-0347,PERSON-0625,PERSON-0496,CONTACTED,CASE-0394,Commercial invoice payment to registered building vendor; no conspiracy.,0,SCENARIO_G_HIGH_VOLUME_COMMERCIAL
ROB-PAIR-0348,PERSON-0981,PERSON-0253,CONTACTED,CASE-0572,Commercial invoice payment to registered building vendor; no conspiracy.,0,SCENARIO_G_HIGH_VOLUME_COMMERCIAL
ROB-PAIR-0349,PERSON-0572,PERSON-0306,CONTACTED,CASE-0461,Commercial invoice payment to registered building vendor; no conspiracy.,0,SCENARIO_G_HIGH_VOLUME_COMMERCIAL
ROB-PAIR-0350,PERSON-0965,PERSON-0997,CONTACTED,CASE-0610,Commercial invoice payment to registered building vendor; no conspiracy.,0,SCENARIO_G_HIGH_VOLUME_COMMERCIAL
ROB-PAIR-0351,PERSON-0790,PERSON-0296,CONTACTED,CASE-0425,Commercial invoice payment to registered building vendor; no conspiracy.,0,SCENARIO_G_HIGH_VOLUME_COMMERCIAL
ROB-PAIR-0352,PERSON-0707,PERSON-0722,CONTACTED,CASE-1002,Commercial invoice payment to registered building vendor; no conspiracy.,0,SCENARIO_G_HIGH_VOLUME_COMMERCIAL
ROB-PAIR-0353,PERSON-0325,PERSON-0492,CONTACTED,CASE-0715,Commercial invoice payment to registered building vendor; no conspiracy.,0,SCENARIO_G_HIGH_VOLUME_COMMERCIAL
ROB-PAIR-0354,PERSON-0574,PERSON-0957,CONTACTED,CASE-0561,Commercial invoice payment to registered building vendor; no conspiracy.,0,SCENARIO_G_HIGH_VOLUME_COMMERCIAL
ROB-PAIR-0355,PERSON-0295,PERSON-0125,CONTACTED,CASE-1175,Commercial invoice payment to registered building vendor; no conspiracy.,0,SCENARIO_G_HIGH_VOLUME_COMMERCIAL
ROB-PAIR-0356,PERSON-0693,PERSON-0557,CONTACTED,CASE-0778,Commercial invoice payment to registered building vendor; no conspiracy.,0,SCENARIO_G_HIGH_VOLUME_COMMERCIAL
ROB-PAIR-0357,PERSON-0918,PERSON-0405,CONTACTED,CASE-0707,Commercial invoice payment to registered building vendor; no conspiracy.,0,SCENARIO_G_HIGH_VOLUME_COMMERCIAL
ROB-PAIR-0358,PERSON-0978,PERSON-0792,CONTACTED,CASE-0300,Commercial invoice payment to registered building vendor; no conspiracy.,0,SCENARIO_G_HIGH_VOLUME_COMMERCIAL
ROB-PAIR-0359,PERSON-0298,PERSON-0044,CONTACTED,CASE-0590,Unsolicited one-way unanswered call; no mutual conspiracy.,0,SCENARIO_H_ONE_WAY_UNANSWERED
ROB-PAIR-0360,PERSON-0979,PERSON-0732,CONTACTED,CASE-0162,Unsolicited one-way unanswered call; no mutual conspiracy.,0,SCENARIO_H_ONE_WAY_UNANSWERED
ROB-PAIR-0361,PERSON-0355,PERSON-0947,CONTACTED,CASE-0906,Unsolicited one-way unanswered call; no mutual conspiracy.,0,SCENARIO_H_ONE_WAY_UNANSWERED
ROB-PAIR-0362,PERSON-0672,PERSON-0263,CONTACTED,CASE-0982,Unsolicited one-way unanswered call; no mutual conspiracy.,0,SCENARIO_H_ONE_WAY_UNANSWERED
ROB-PAIR-0363,PERSON-0220,PERSON-0207,CONTACTED,CASE-1104,Unsolicited one-way unanswered call; no mutual conspiracy.,0,SCENARIO_H_ONE_WAY_UNANSWERED
ROB-PAIR-0364,PERSON-0278,PERSON-0956,CONTACTED,CASE-1152,Unsolicited one-way unanswered call; no mutual conspiracy.,0,SCENARIO_H_ONE_WAY_UNANSWERED
ROB-PAIR-0365,PERSON-0713,PERSON-0279,CONTACTED,CASE-0282,Unsolicited one-way unanswered call; no mutual conspiracy.,0,SCENARIO_H_ONE_WAY_UNANSWERED
ROB-PAIR-0366,PERSON-0112,PERSON-0631,CONTACTED,CASE-1202,Unsolicited one-way unanswered call; no mutual conspiracy.,0,SCENARIO_H_ONE_WAY_UNANSWERED
ROB-PAIR-0367,PERSON-0246,PERSON-0249,CONTACTED,CASE-0104,Unsolicited one-way unanswered call; no mutual conspiracy.,0,SCENARIO_H_ONE_WAY_UNANSWERED
ROB-PAIR-0368,PERSON-0686,PERSON-0927,CONTACTED,CASE-1088,Unsolicited one-way unanswered call; no mutual conspiracy.,0,SCENARIO_H_ONE_WAY_UNANSWERED
ROB-PAIR-0369,PERSON-0232,PERSON-0654,CONTACTED,CASE-0477,Unsolicited one-way unanswered call; no mutual conspiracy.,0,SCENARIO_H_ONE_WAY_UNANSWERED
ROB-PAIR-0370,PERSON-0054,PERSON-0103,CONTACTED,CASE-0847,Unsolicited one-way unanswered call; no mutual conspiracy.,0,SCENARIO_H_ONE_WAY_UNANSWERED
ROB-PAIR-0371,PERSON-0339,PERSON-0735,CONTACTED,CASE-0968,Unsolicited one-way unanswered call; no mutual conspiracy.,0,SCENARIO_H_ONE_WAY_UNANSWERED
ROB-PAIR-0372,PERSON-0103,PERSON-0698,CONTACTED,CASE-0282,Unsolicited one-way unanswered call; no mutual conspiracy.,0,SCENARIO_H_ONE_WAY_UNANSWERED
ROB-PAIR-0373,PERSON-0006,PERSON-0988,CONTACTED,CASE-1128,Unsolicited one-way unanswered call; no mutual conspiracy.,0,SCENARIO_H_ONE_WAY_UNANSWERED
ROB-PAIR-0374,PERSON-0952,PERSON-0162,CONTACTED,CASE-0001,Civilian complainant appearing across multiple case registries; zero operational ties.,0,SCENARIO_I_MULTI_CASE_NO_DIRECT_LINK
ROB-PAIR-0375,PERSON-0417,PERSON-0669,CONTACTED,CASE-0001,Civilian complainant appearing across multiple case registries; zero operational ties.,0,SCENARIO_I_MULTI_CASE_NO_DIRECT_LINK
ROB-PAIR-0376,PERSON-0958,PERSON-0902,CONTACTED,CASE-0001,Civilian complainant appearing across multiple case registries; zero operational ties.,0,SCENARIO_I_MULTI_CASE_NO_DIRECT_LINK
ROB-PAIR-0377,PERSON-0900,PERSON-0488,CONTACTED,CASE-0001,Civilian complainant appearing across multiple case registries; zero operational ties.,0,SCENARIO_I_MULTI_CASE_NO_DIRECT_LINK
ROB-PAIR-0378,PERSON-0489,PERSON-0667,CONTACTED,CASE-0001,Civilian complainant appearing across multiple case registries; zero operational ties.,0,SCENARIO_I_MULTI_CASE_NO_DIRECT_LINK
ROB-PAIR-0379,PERSON-0205,PERSON-0775,CONTACTED,CASE-0001,Civilian complainant appearing across multiple case registries; zero operational ties.,0,SCENARIO_I_MULTI_CASE_NO_DIRECT_LINK
ROB-PAIR-0380,PERSON-0988,PERSON-0295,CONTACTED,CASE-0001,Civilian complainant appearing across multiple case registries; zero operational ties.,0,SCENARIO_I_MULTI_CASE_NO_DIRECT_LINK
ROB-PAIR-0381,PERSON-0329,PERSON-0293,CONTACTED,CASE-0001,Civilian complainant appearing across multiple case registries; zero operational ties.,0,SCENARIO_I_MULTI_CASE_NO_DIRECT_LINK
ROB-PAIR-0382,PERSON-0662,PERSON-0061,CONTACTED,CASE-0001,Civilian complainant appearing across multiple case registries; zero operational ties.,0,SCENARIO_I_MULTI_CASE_NO_DIRECT_LINK
ROB-PAIR-0383,PERSON-0930,PERSON-0788,CONTACTED,CASE-0001,Civilian complainant appearing across multiple case registries; zero operational ties.,0,SCENARIO_I_MULTI_CASE_NO_DIRECT_LINK
ROB-PAIR-0384,PERSON-0092,PERSON-0668,CONTACTED,CASE-0001,Civilian complainant appearing across multiple case registries; zero operational ties.,0,SCENARIO_I_MULTI_CASE_NO_DIRECT_LINK
ROB-PAIR-0385,PERSON-0588,PERSON-0238,CONTACTED,CASE-0001,Civilian complainant appearing across multiple case registries; zero operational ties.,0,SCENARIO_I_MULTI_CASE_NO_DIRECT_LINK
ROB-PAIR-0386,PERSON-0548,PERSON-0757,CONTACTED,CASE-0001,Civilian complainant appearing across multiple case registries; zero operational ties.,0,SCENARIO_I_MULTI_CASE_NO_DIRECT_LINK
ROB-PAIR-0387,PERSON-0741,PERSON-0871,CONTACTED,CASE-0001,Civilian complainant appearing across multiple case registries; zero operational ties.,0,SCENARIO_I_MULTI_CASE_NO_DIRECT_LINK
ROB-PAIR-0388,PERSON-0960,PERSON-0039,CONTACTED,CASE-0001,Civilian complainant appearing across multiple case registries; zero operational ties.,0,SCENARIO_I_MULTI_CASE_NO_DIRECT_LINK
ROB-PAIR-0389,PERSON-0936,PERSON-0944,CONTACTED,CASE-0001,Civilian complainant appearing across multiple case registries; zero operational ties.,0,SCENARIO_I_MULTI_CASE_NO_DIRECT_LINK
ROB-PAIR-0390,PERSON-0180,PERSON-0428,CONTACTED,CASE-0001,Civilian complainant appearing across multiple case registries; zero operational ties.,0,SCENARIO_I_MULTI_CASE_NO_DIRECT_LINK
ROB-PAIR-0391,PERSON-0904,PERSON-0858,CONTACTED,CASE-0001,Civilian complainant appearing across multiple case registries; zero operational ties.,0,SCENARIO_I_MULTI_CASE_NO_DIRECT_LINK
ROB-PAIR-0392,PERSON-0181,PERSON-0957,CONTACTED,CASE-0001,Civilian complainant appearing across multiple case registries; zero operational ties.,0,SCENARIO_I_MULTI_CASE_NO_DIRECT_LINK
ROB-PAIR-0393,PERSON-0942,PERSON-0038,CONTACTED,CASE-0001,Civilian complainant appearing across multiple case registries; zero operational ties.,0,SCENARIO_I_MULTI_CASE_NO_DIRECT_LINK
ROB-PAIR-0394,PERSON-0857,PERSON-0407,CONTACTED,CASE-1015,Real estate enquiry call; non-conspiracy.,0,SCENARIO_J_SINGLE_CHANNEL_INQUIRY
ROB-PAIR-0395,PERSON-0191,PERSON-0960,CONTACTED,CASE-0593,Real estate enquiry call; non-conspiracy.,0,SCENARIO_J_SINGLE_CHANNEL_INQUIRY
ROB-PAIR-0396,PERSON-0898,PERSON-0039,CONTACTED,CASE-0019,Real estate enquiry call; non-conspiracy.,0,SCENARIO_J_SINGLE_CHANNEL_INQUIRY
ROB-PAIR-0397,PERSON-0306,PERSON-0582,CONTACTED,CASE-1235,Real estate enquiry call; non-conspiracy.,0,SCENARIO_J_SINGLE_CHANNEL_INQUIRY
ROB-PAIR-0398,PERSON-0110,PERSON-0951,CONTACTED,CASE-0687,Real estate enquiry call; non-conspiracy.,0,SCENARIO_J_SINGLE_CHANNEL_INQUIRY
ROB-PAIR-0399,PERSON-0292,PERSON-0466,CONTACTED,CASE-1113,Real estate enquiry call; non-conspiracy.,0,SCENARIO_J_SINGLE_CHANNEL_INQUIRY
ROB-PAIR-0400,PERSON-0537,PERSON-0506,CONTACTED,CASE-0275,Real estate enquiry call; non-conspiracy.,0,SCENARIO_J_SINGLE_CHANNEL_INQUIRY
ROB-PAIR-0401,PERSON-0872,PERSON-0517,CONTACTED,CASE-0959,Real estate enquiry call; non-conspiracy.,0,SCENARIO_J_SINGLE_CHANNEL_INQUIRY
ROB-PAIR-0402,PERSON-0280,PERSON-0198,CONTACTED,CASE-0231,Real estate enquiry call; non-conspiracy.,0,SCENARIO_J_SINGLE_CHANNEL_INQUIRY
ROB-PAIR-0403,PERSON-0339,PERSON-0167,CONTACTED,CASE-0940,Real estate enquiry call; non-conspiracy.,0,SCENARIO_J_SINGLE_CHANNEL_INQUIRY
ROB-PAIR-0404,PERSON-0664,PERSON-0264,CONTACTED,CASE-0382,Real estate enquiry call; non-conspiracy.,0,SCENARIO_J_SINGLE_CHANNEL_INQUIRY
ROB-PAIR-0405,PERSON-0015,PERSON-0755,CONTACTED,CASE-0691,Real estate enquiry call; non-conspiracy.,0,SCENARIO_J_SINGLE_CHANNEL_INQUIRY
ROB-PAIR-0406,PERSON-0810,PERSON-0303,CONTACTED,CASE-1163,Real estate enquiry call; non-conspiracy.,0,SCENARIO_J_SINGLE_CHANNEL_INQUIRY
ROB-PAIR-0407,PERSON-0691,PERSON-0776,CONTACTED,CASE-0396,Real estate enquiry call; non-conspiracy.,0,SCENARIO_J_SINGLE_CHANNEL_INQUIRY
ROB-PAIR-0408,PERSON-0180,PERSON-0626,CONTACTED,CASE-0831,Real estate enquiry call; non-conspiracy.,0,SCENARIO_J_SINGLE_CHANNEL_INQUIRY
ROB-PAIR-0409,PERSON-0847,PERSON-0438,CONTACTED,CASE-1056,Transportation booking and fare payment; commercial ride-hailing.,0,SCENARIO_K_TAXI_COMMERCIAL_FARE
ROB-PAIR-0410,PERSON-0336,PERSON-0089,CONTACTED,CASE-0821,Transportation booking and fare payment; commercial ride-hailing.,0,SCENARIO_K_TAXI_COMMERCIAL_FARE
ROB-PAIR-0411,PERSON-0686,PERSON-0098,CONTACTED,CASE-0379,Transportation booking and fare payment; commercial ride-hailing.,0,SCENARIO_K_TAXI_COMMERCIAL_FARE
ROB-PAIR-0412,PERSON-0144,PERSON-0489,CONTACTED,CASE-0663,Transportation booking and fare payment; commercial ride-hailing.,0,SCENARIO_K_TAXI_COMMERCIAL_FARE
ROB-PAIR-0413,PERSON-0959,PERSON-0255,CONTACTED,CASE-0014,Transportation booking and fare payment; commercial ride-hailing.,0,SCENARIO_K_TAXI_COMMERCIAL_FARE
ROB-PAIR-0414,PERSON-0268,PERSON-0393,CONTACTED,CASE-0483,Transportation booking and fare payment; commercial ride-hailing.,0,SCENARIO_K_TAXI_COMMERCIAL_FARE
ROB-PAIR-0415,PERSON-0458,PERSON-0772,CONTACTED,CASE-0547,Transportation booking and fare payment; commercial ride-hailing.,0,SCENARIO_K_TAXI_COMMERCIAL_FARE
ROB-PAIR-0416,PERSON-0977,PERSON-0338,CONTACTED,CASE-0619,Transportation booking and fare payment; commercial ride-hailing.,0,SCENARIO_K_TAXI_COMMERCIAL_FARE
ROB-PAIR-0417,PERSON-0597,PERSON-0741,CONTACTED,CASE-1174,Transportation booking and fare payment; commercial ride-hailing.,0,SCENARIO_K_TAXI_COMMERCIAL_FARE
ROB-PAIR-0418,PERSON-0012,PERSON-0268,CONTACTED,CASE-0737,Transportation booking and fare payment; commercial ride-hailing.,0,SCENARIO_K_TAXI_COMMERCIAL_FARE
ROB-PAIR-0419,PERSON-0710,PERSON-0242,CONTACTED,CASE-0128,Transportation booking and fare payment; commercial ride-hailing.,0,SCENARIO_K_TAXI_COMMERCIAL_FARE
ROB-PAIR-0420,PERSON-0684,PERSON-0122,CONTACTED,CASE-0954,Transportation booking and fare payment; commercial ride-hailing.,0,SCENARIO_K_TAXI_COMMERCIAL_FARE
ROB-PAIR-0421,PERSON-0315,PERSON-0164,CONTACTED,CASE-0831,Transportation booking and fare payment; commercial ride-hailing.,0,SCENARIO_K_TAXI_COMMERCIAL_FARE
ROB-PAIR-0422,PERSON-0703,PERSON-0515,CONTACTED,CASE-0637,Transportation booking and fare payment; commercial ride-hailing.,0,SCENARIO_K_TAXI_COMMERCIAL_FARE
ROB-PAIR-0423,PERSON-0707,PERSON-0121,CONTACTED,CASE-0605,Transportation booking and fare payment; commercial ride-hailing.,0,SCENARIO_K_TAXI_COMMERCIAL_FARE
ROB-PAIR-0424,PERSON-0974,PERSON-0055,RELATED_TO,CASE-0753,Civilian family relationship (SPOUSE); zero case involvement.,0,SCENARIO_L_FAMILY_NON_OPERATIONAL
ROB-PAIR-0425,PERSON-0055,PERSON-0974,RELATED_TO,CASE-0453,Civilian family relationship (SPOUSE); zero case involvement.,0,SCENARIO_L_FAMILY_NON_OPERATIONAL
ROB-PAIR-0426,PERSON-0176,PERSON-0217,RELATED_TO,CASE-0449,Civilian family relationship (FATHER); zero case involvement.,0,SCENARIO_L_FAMILY_NON_OPERATIONAL
ROB-PAIR-0427,PERSON-0217,PERSON-0176,RELATED_TO,CASE-0274,Civilian family relationship (DAUGHTER); zero case involvement.,0,SCENARIO_L_FAMILY_NON_OPERATIONAL
ROB-PAIR-0428,PERSON-0286,PERSON-0868,RELATED_TO,CASE-0980,Civilian family relationship (SPOUSE); zero case involvement.,0,SCENARIO_L_FAMILY_NON_OPERATIONAL
ROB-PAIR-0429,PERSON-0868,PERSON-0286,RELATED_TO,CASE-0314,Civilian family relationship (SPOUSE); zero case involvement.,0,SCENARIO_L_FAMILY_NON_OPERATIONAL
ROB-PAIR-0430,PERSON-0182,PERSON-0516,RELATED_TO,CASE-0932,Civilian family relationship (FATHER); zero case involvement.,0,SCENARIO_L_FAMILY_NON_OPERATIONAL
ROB-PAIR-0431,PERSON-0516,PERSON-0182,RELATED_TO,CASE-1241,Civilian family relationship (DAUGHTER); zero case involvement.,0,SCENARIO_L_FAMILY_NON_OPERATIONAL
ROB-PAIR-0432,PERSON-0942,PERSON-0574,RELATED_TO,CASE-0766,Civilian family relationship (SISTER); zero case involvement.,0,SCENARIO_L_FAMILY_NON_OPERATIONAL
ROB-PAIR-0433,PERSON-0574,PERSON-0942,RELATED_TO,CASE-0852,Civilian family relationship (BROTHER); zero case involvement.,0,SCENARIO_L_FAMILY_NON_OPERATIONAL
ROB-PAIR-0434,PERSON-0909,PERSON-0739,RELATED_TO,CASE-1125,Civilian family relationship (BROTHER); zero case involvement.,0,SCENARIO_L_FAMILY_NON_OPERATIONAL
ROB-PAIR-0435,PERSON-0739,PERSON-0909,RELATED_TO,CASE-0965,Civilian family relationship (BROTHER); zero case involvement.,0,SCENARIO_L_FAMILY_NON_OPERATIONAL
ROB-PAIR-0436,PERSON-0006,PERSON-0060,RELATED_TO,CASE-1101,Civilian family relationship (MOTHER); zero case involvement.,0,SCENARIO_L_FAMILY_NON_OPERATIONAL
ROB-PAIR-0437,PERSON-0060,PERSON-0006,RELATED_TO,CASE-0448,Civilian family relationship (SON); zero case involvement.,0,SCENARIO_L_FAMILY_NON_OPERATIONAL
ROB-PAIR-0438,PERSON-0498,PERSON-0533,RELATED_TO,CASE-0507,Civilian family relationship (FATHER); zero case involvement.,0,SCENARIO_L_FAMILY_NON_OPERATIONAL
ROB-PAIR-0439,PERSON-0533,PERSON-0498,RELATED_TO,CASE-1221,Civilian family relationship (DAUGHTER); zero case involvement.,0,SCENARIO_L_FAMILY_NON_OPERATIONAL
ROB-PAIR-0440,PERSON-0165,PERSON-0706,RELATED_TO,CASE-0168,Civilian family relationship (BROTHER); zero case involvement.,0,SCENARIO_L_FAMILY_NON_OPERATIONAL
ROB-PAIR-0441,PERSON-0706,PERSON-0165,RELATED_TO,CASE-1077,Civilian family relationship (BROTHER); zero case involvement.,0,SCENARIO_L_FAMILY_NON_OPERATIONAL
ROB-PAIR-0442,PERSON-0735,PERSON-0464,RELATED_TO,CASE-0915,Civilian family relationship (MOTHER); zero case involvement.,0,SCENARIO_L_FAMILY_NON_OPERATIONAL
ROB-PAIR-0443,PERSON-0464,PERSON-0735,RELATED_TO,CASE-1082,Civilian family relationship (DAUGHTER); zero case involvement.,0,SCENARIO_L_FAMILY_NON_OPERATIONAL
ROB-PAIR-0444,PERSON-0093,PERSON-0140,RELATED_TO,CASE-0741,Civilian family relationship (SISTER); zero case involvement.,0,SCENARIO_L_FAMILY_NON_OPERATIONAL
ROB-PAIR-0445,PERSON-0140,PERSON-0093,RELATED_TO,CASE-0160,Civilian family relationship (SISTER); zero case involvement.,0,SCENARIO_L_FAMILY_NON_OPERATIONAL
ROB-PAIR-0446,PERSON-0075,PERSON-0399,RELATED_TO,CASE-1156,Civilian family relationship (SISTER); zero case involvement.,0,SCENARIO_L_FAMILY_NON_OPERATIONAL
ROB-PAIR-0447,PERSON-0399,PERSON-0075,RELATED_TO,CASE-0230,Civilian family relationship (BROTHER); zero case involvement.,0,SCENARIO_L_FAMILY_NON_OPERATIONAL
ROB-PAIR-0448,PERSON-0007,PERSON-0494,RELATED_TO,CASE-0127,Civilian family relationship (MOTHER); zero case involvement.,0,SCENARIO_L_FAMILY_NON_OPERATIONAL
ROB-PAIR-0449,PERSON-0849,PERSON-0561,CONTACTED,CASE-1036,"Suspects arrested in separate distinct cases (CASE-1036, CASE-0415) under same division.",0,SCENARIO_M_CROSS_CASE_SEPARATE
ROB-PAIR-0450,PERSON-0587,PERSON-0550,CONTACTED,CASE-0307,"Suspects arrested in separate distinct cases (CASE-0307, CASE-0337) under same division.",0,SCENARIO_M_CROSS_CASE_SEPARATE
ROB-PAIR-0451,PERSON-0336,PERSON-0875,CONTACTED,CASE-1066,"Suspects arrested in separate distinct cases (CASE-1066, CASE-0905) under same division.",0,SCENARIO_M_CROSS_CASE_SEPARATE
ROB-PAIR-0452,PERSON-0120,PERSON-0697,CONTACTED,CASE-0421,"Suspects arrested in separate distinct cases (CASE-0421, CASE-1195) under same division.",0,SCENARIO_M_CROSS_CASE_SEPARATE
ROB-PAIR-0453,PERSON-0501,PERSON-0094,CONTACTED,CASE-1046,"Suspects arrested in separate distinct cases (CASE-1046, CASE-0913) under same division.",0,SCENARIO_M_CROSS_CASE_SEPARATE
ROB-PAIR-0454,PERSON-0829,PERSON-0057,CONTACTED,CASE-0929,"Suspects arrested in separate distinct cases (CASE-0929, CASE-0271) under same division.",0,SCENARIO_M_CROSS_CASE_SEPARATE
ROB-PAIR-0455,PERSON-0526,PERSON-0426,CONTACTED,CASE-0936,"Suspects arrested in separate distinct cases (CASE-0936, CASE-1155) under same division.",0,SCENARIO_M_CROSS_CASE_SEPARATE
ROB-PAIR-0456,PERSON-0060,PERSON-0573,CONTACTED,CASE-0947,"Suspects arrested in separate distinct cases (CASE-0947, CASE-0632) under same division.",0,SCENARIO_M_CROSS_CASE_SEPARATE
ROB-PAIR-0457,PERSON-0741,PERSON-0023,CONTACTED,CASE-0811,"Suspects arrested in separate distinct cases (CASE-0811, CASE-0522) under same division.",0,SCENARIO_M_CROSS_CASE_SEPARATE
ROB-PAIR-0458,PERSON-0837,PERSON-0004,CONTACTED,CASE-0447,"Suspects arrested in separate distinct cases (CASE-0447, CASE-1185) under same division.",0,SCENARIO_M_CROSS_CASE_SEPARATE
ROB-PAIR-0459,PERSON-0075,PERSON-0047,CONTACTED,CASE-0868,"Suspects arrested in separate distinct cases (CASE-0868, CASE-0706) under same division.",0,SCENARIO_M_CROSS_CASE_SEPARATE
ROB-PAIR-0460,PERSON-0718,PERSON-0066,CONTACTED,CASE-1109,"Suspects arrested in separate distinct cases (CASE-1109, CASE-0124) under same division.",0,SCENARIO_M_CROSS_CASE_SEPARATE
ROB-PAIR-0461,PERSON-0958,PERSON-0916,CONTACTED,CASE-0142,"Suspects arrested in separate distinct cases (CASE-0142, CASE-0967) under same division.",0,SCENARIO_M_CROSS_CASE_SEPARATE
ROB-PAIR-0462,PERSON-0033,PERSON-0294,CONTACTED,CASE-0838,"Suspects arrested in separate distinct cases (CASE-0838, CASE-0369) under same division.",0,SCENARIO_M_CROSS_CASE_SEPARATE
ROB-PAIR-0463,PERSON-0788,PERSON-0139,CONTACTED,CASE-0861,"Suspects arrested in separate distinct cases (CASE-0861, CASE-0767) under same division.",0,SCENARIO_M_CROSS_CASE_SEPARATE
ROB-PAIR-0464,PERSON-0913,PERSON-0392,CONTACTED,CASE-0919,Mentioned as bystander in crowd at incident location.,0,SCENARIO_N_SPARSE_BYSTANDER
ROB-PAIR-0465,PERSON-0891,PERSON-0940,CONTACTED,CASE-0774,Mentioned as bystander in crowd at incident location.,0,SCENARIO_N_SPARSE_BYSTANDER
ROB-PAIR-0466,PERSON-0385,PERSON-0083,CONTACTED,CASE-1105,Mentioned as bystander in crowd at incident location.,0,SCENARIO_N_SPARSE_BYSTANDER
ROB-PAIR-0467,PERSON-0137,PERSON-0670,CONTACTED,CASE-0713,Mentioned as bystander in crowd at incident location.,0,SCENARIO_N_SPARSE_BYSTANDER
ROB-PAIR-0468,PERSON-0122,PERSON-0183,CONTACTED,CASE-1101,Mentioned as bystander in crowd at incident location.,0,SCENARIO_N_SPARSE_BYSTANDER
ROB-PAIR-0469,PERSON-0403,PERSON-0542,CONTACTED,CASE-0261,Mentioned as bystander in crowd at incident location.,0,SCENARIO_N_SPARSE_BYSTANDER
ROB-PAIR-0470,PERSON-0746,PERSON-0229,CONTACTED,CASE-0008,Mentioned as bystander in crowd at incident location.,0,SCENARIO_N_SPARSE_BYSTANDER
ROB-PAIR-0471,PERSON-0775,PERSON-0024,CONTACTED,CASE-0612,Mentioned as bystander in crowd at incident location.,0,SCENARIO_N_SPARSE_BYSTANDER
ROB-PAIR-0472,PERSON-0475,PERSON-0690,CONTACTED,CASE-1116,Mentioned as bystander in crowd at incident location.,0,SCENARIO_N_SPARSE_BYSTANDER
ROB-PAIR-0473,PERSON-0435,PERSON-0545,CONTACTED,CASE-0777,Mentioned as bystander in crowd at incident location.,0,SCENARIO_N_SPARSE_BYSTANDER
ROB-PAIR-0474,PERSON-0844,PERSON-0236,CONTACTED,CASE-0507,Mentioned as bystander in crowd at incident location.,0,SCENARIO_N_SPARSE_BYSTANDER
ROB-PAIR-0475,PERSON-0472,PERSON-0355,CONTACTED,CASE-0318,Mentioned as bystander in crowd at incident location.,0,SCENARIO_N_SPARSE_BYSTANDER
ROB-PAIR-0476,PERSON-0283,PERSON-0194,CONTACTED,CASE-0232,Mentioned as bystander in crowd at incident location.,0,SCENARIO_N_SPARSE_BYSTANDER
ROB-PAIR-0477,PERSON-0033,PERSON-0829,CONTACTED,CASE-0859,Mentioned as bystander in crowd at incident location.,0,SCENARIO_N_SPARSE_BYSTANDER
ROB-PAIR-0478,PERSON-0630,PERSON-0785,CONTACTED,CASE-0033,Mentioned as bystander in crowd at incident location.,0,SCENARIO_N_SPARSE_BYSTANDER
ROB-PAIR-0479,PERSON-0247,PERSON-0212,CONTACTED,CASE-0138,"Investigator noted call was adversary dispute/hostile confrontation, not operational alliance.",0,SCENARIO_O_CONFLICTING_ADVERSARY
ROB-PAIR-0480,PERSON-0104,PERSON-0609,CONTACTED,CASE-0069,"Investigator noted call was adversary dispute/hostile confrontation, not operational alliance.",0,SCENARIO_O_CONFLICTING_ADVERSARY
ROB-PAIR-0481,PERSON-0458,PERSON-0613,CONTACTED,CASE-0100,"Investigator noted call was adversary dispute/hostile confrontation, not operational alliance.",0,SCENARIO_O_CONFLICTING_ADVERSARY
ROB-PAIR-0482,PERSON-0251,PERSON-0759,CONTACTED,CASE-0091,"Investigator noted call was adversary dispute/hostile confrontation, not operational alliance.",0,SCENARIO_O_CONFLICTING_ADVERSARY
ROB-PAIR-0483,PERSON-0412,PERSON-0450,CONTACTED,CASE-0480,"Investigator noted call was adversary dispute/hostile confrontation, not operational alliance.",0,SCENARIO_O_CONFLICTING_ADVERSARY
ROB-PAIR-0484,PERSON-0553,PERSON-0223,CONTACTED,CASE-0116,"Investigator noted call was adversary dispute/hostile confrontation, not operational alliance.",0,SCENARIO_O_CONFLICTING_ADVERSARY
ROB-PAIR-0485,PERSON-0144,PERSON-0516,CONTACTED,CASE-0593,"Investigator noted call was adversary dispute/hostile confrontation, not operational alliance.",0,SCENARIO_O_CONFLICTING_ADVERSARY
ROB-PAIR-0486,PERSON-0240,PERSON-0836,CONTACTED,CASE-1180,"Investigator noted call was adversary dispute/hostile confrontation, not operational alliance.",0,SCENARIO_O_CONFLICTING_ADVERSARY
ROB-PAIR-0487,PERSON-0327,PERSON-0592,CONTACTED,CASE-1225,"Investigator noted call was adversary dispute/hostile confrontation, not operational alliance.",0,SCENARIO_O_CONFLICTING_ADVERSARY
ROB-PAIR-0488,PERSON-0792,PERSON-0689,CONTACTED,CASE-0657,"Investigator noted call was adversary dispute/hostile confrontation, not operational alliance.",0,SCENARIO_O_CONFLICTING_ADVERSARY
ROB-PAIR-0489,PERSON-0243,PERSON-0310,CONTACTED,CASE-0294,"Investigator noted call was adversary dispute/hostile confrontation, not operational alliance.",0,SCENARIO_O_CONFLICTING_ADVERSARY
ROB-PAIR-0490,PERSON-0677,PERSON-0534,CONTACTED,CASE-0453,"Investigator noted call was adversary dispute/hostile confrontation, not operational alliance.",0,SCENARIO_O_CONFLICTING_ADVERSARY
ROB-PAIR-0491,PERSON-0424,PERSON-0308,CONTACTED,CASE-0564,"Investigator noted call was adversary dispute/hostile confrontation, not operational alliance.",0,SCENARIO_O_CONFLICTING_ADVERSARY
ROB-PAIR-0492,PERSON-0063,PERSON-0571,CONTACTED,CASE-1212,"Investigator noted call was adversary dispute/hostile confrontation, not operational alliance.",0,SCENARIO_O_CONFLICTING_ADVERSARY
ROB-PAIR-0493,PERSON-0901,PERSON-0753,CONTACTED,CASE-0359,"Investigator noted call was adversary dispute/hostile confrontation, not operational alliance.",0,SCENARIO_O_CONFLICTING_ADVERSARY
ROB-PAIR-0494,PERSON-0642,PERSON-0696,CONTACTED,CASE-0875,General district inquiry; no verified relationship.,0,SCENARIO_MISC_NEGATIVE
ROB-PAIR-0495,PERSON-0570,PERSON-0508,CONTACTED,CASE-0097,General district inquiry; no verified relationship.,0,SCENARIO_MISC_NEGATIVE
ROB-PAIR-0496,PERSON-0996,PERSON-0353,CONTACTED,CASE-0781,General district inquiry; no verified relationship.,0,SCENARIO_MISC_NEGATIVE
ROB-PAIR-0497,PERSON-0805,PERSON-0538,CONTACTED,CASE-0653,General district inquiry; no verified relationship.,0,SCENARIO_MISC_NEGATIVE
ROB-PAIR-0498,PERSON-0714,PERSON-0427,CONTACTED,CASE-0837,General district inquiry; no verified relationship.,0,SCENARIO_MISC_NEGATIVE
ROB-PAIR-0499,PERSON-0153,PERSON-0308,CONTACTED,CASE-0771,General district inquiry; no verified relationship.,0,SCENARIO_MISC_NEGATIVE
ROB-PAIR-0500,PERSON-0189,PERSON-0773,CONTACTED,CASE-1102,General district inquiry; no verified relationship.,0,SCENARIO_MISC_NEGATIVE
