bank_account_id,account_number,bank_name,ifsc_code,branch
BANK-0001,1000000001,Bank of Baroda,SBIN006304,Bank of Baroda Main Branch
BANK-0002,1000000002,State Bank of India,SBIN003854,State Bank of India Main Branch
BANK-0003,1000000003,ICICI Bank,SBIN001858,ICICI Bank Main Branch
BANK-0004,1000000004,HDFC Bank,SBIN007897,HDFC Bank Main Branch
BANK-0005,1000000005,Bank of Baroda,SBIN002862,Bank of Baroda Main Branch
BANK-0006,1000000006,Axis Bank,SBIN002041,Axis Bank Main Branch
BANK-0007,1000000007,Punjab National Bank,SBIN008344,Punjab National Bank Main Branch
BANK-0008,1000000008,Canara Bank,SBIN006931,Canara Bank Main Branch
BANK-0009,1000000009,Bank of Baroda,SBIN002786,Bank of Baroda Main Branch
BANK-0010,1000000010,Punjab National Bank,SBIN009254,Punjab National Bank Main Branch
BANK-0011,1000000011,HDFC Bank,SBIN001710,HDFC Bank Main Branch
BANK-0012,1000000012,Axis Bank,SBIN009543,Axis Bank Main Branch
BANK-0013,1000000013,ICICI Bank,SBIN008504,ICICI Bank Main Branch
BANK-0014,1000000014,Axis Bank,SBIN001510,Axis Bank Main Branch
BANK-0015,1000000015,State Bank of India,SBIN008847,State Bank of India Main Branch
BANK-0016,1000000016,Canara Bank,SBIN007580,Canara Bank Main Branch
BANK-0017,1000000017,Punjab National Bank,SBIN002768,Punjab National Bank Main Branch
BANK-0018,1000000018,Punjab National Bank,SBIN008267,Punjab National Bank Main Branch
BANK-0019,1000000019,State Bank of India,SBIN002323,State Bank of India Main Branch
BANK-0020,1000000020,ICICI Bank,SBIN003430,ICICI Bank Main Branch
BANK-0021,1000000021,State Bank of India,SBIN003067,State Bank of India Main Branch
BANK-0022,1000000022,ICICI Bank,SBIN009984,ICICI Bank Main Branch
BANK-0023,1000000023,Axis Bank,SBIN006327,Axis Bank Main Branch
BANK-0024,1000000024,Punjab National Bank,SBIN009692,Punjab National Bank Main Branch
BANK-0025,1000000025,ICICI Bank,SBIN008433,ICICI Bank Main Branch
BANK-0026,1000000026,Bank of Baroda,SBIN008048,Bank of Baroda Main Branch
BANK-0027,1000000027,State Bank of India,SBIN002874,State Bank of India Main Branch
BANK-0028,1000000028,Canara Bank,SBIN004522,Canara Bank Main Branch
BANK-0029,1000000029,Punjab National Bank,SBIN008398,Punjab National Bank Main Branch
BANK-0030,1000000030,HDFC Bank,SBIN007779,HDFC Bank Main Branch
BANK-0031,1000000031,ICICI Bank,SBIN008430,ICICI Bank Main Branch
BANK-0032,1000000032,Punjab National Bank,SBIN007815,Punjab National Bank Main Branch
BANK-0033,1000000033,Axis Bank,SBIN002557,Axis Bank Main Branch
BANK-0034,1000000034,ICICI Bank,SBIN007992,ICICI Bank Main Branch
BANK-0035,1000000035,ICICI Bank,SBIN005176,ICICI Bank Main Branch
BANK-0036,1000000036,ICICI Bank,SBIN003500,ICICI Bank Main Branch
BANK-0037,1000000037,Axis Bank,SBIN008770,Axis Bank Main Branch
BANK-0038,1000000038,State Bank of India,SBIN002494,State Bank of India Main Branch
BANK-0039,1000000039,Canara Bank,SBIN002398,Canara Bank Main Branch
BANK-0040,1000000040,State Bank of India,SBIN008075,State Bank of India Main Branch
BANK-0041,1000000041,State Bank of India,SBIN007105,State Bank of India Main Branch
BANK-0042,1000000042,Canara Bank,SBIN003131,Canara Bank Main Branch
BANK-0043,1000000043,Bank of Baroda,SBIN001982,Bank of Baroda Main Branch
BANK-0044,1000000044,Bank of Baroda,SBIN006400,Bank of Baroda Main Branch
BANK-0045,1000000045,Axis Bank,SBIN003002,Axis Bank Main Branch
BANK-0046,1000000046,Punjab National Bank,SBIN006793,Punjab National Bank Main Branch
BANK-0047,1000000047,Canara Bank,SBIN007929,Canara Bank Main Branch
BANK-0048,1000000048,Canara Bank,SBIN001842,Canara Bank Main Branch
BANK-0049,1000000049,ICICI Bank,SBIN006119,ICICI Bank Main Branch
BANK-0050,1000000050,ICICI Bank,SBIN002697,ICICI Bank Main Branch
BANK-0051,1000000051,Bank of Baroda,SBIN009313,Bank of Baroda Main Branch
BANK-0052,1000000052,HDFC Bank,SBIN003535,HDFC Bank Main Branch
BANK-0053,1000000053,Axis Bank,SBIN008900,Axis Bank Main Branch
BANK-0054,1000000054,HDFC Bank,SBIN002773,HDFC Bank Main Branch
BANK-0055,1000000055,ICICI Bank,SBIN007022,ICICI Bank Main Branch
BANK-0056,1000000056,State Bank of India,SBIN005564,State Bank of India Main Branch
BANK-0057,1000000057,Bank of Baroda,SBIN004705,Bank of Baroda Main Branch
BANK-0058,1000000058,Canara Bank,SBIN008030,Canara Bank Main Branch
BANK-0059,1000000059,Canara Bank,SBIN001430,Canara Bank Main Branch
BANK-0060,1000000060,Bank of Baroda,SBIN005381,Bank of Baroda Main Branch
BANK-0061,1000000061,State Bank of India,SBIN003955,State Bank of India Main Branch
BANK-0062,1000000062,ICICI Bank,SBIN006062,ICICI Bank Main Branch
BANK-0063,1000000063,ICICI Bank,SBIN006751,ICICI Bank Main Branch
BANK-0064,1000000064,State Bank of India,SBIN003972,State Bank of India Main Branch
BANK-0065,1000000065,Canara Bank,SBIN003347,Canara Bank Main Branch
BANK-0066,1000000066,Bank of Baroda,SBIN007566,Bank of Baroda Main Branch
BANK-0067,1000000067,State Bank of India,SBIN003324,State Bank of India Main Branch
BANK-0068,1000000068,Axis Bank,SBIN001502,Axis Bank Main Branch
BANK-0069,1000000069,State Bank of India,SBIN009691,State Bank of India Main Branch
BANK-0070,1000000070,HDFC Bank,SBIN007163,HDFC Bank Main Branch
BANK-0071,1000000071,Punjab National Bank,SBIN008432,Punjab National Bank Main Branch
BANK-0072,1000000072,ICICI Bank,SBIN003578,ICICI Bank Main Branch
BANK-0073,1000000073,ICICI Bank,SBIN006105,ICICI Bank Main Branch
BANK-0074,1000000074,Axis Bank,SBIN006314,Axis Bank Main Branch
BANK-0075,1000000075,Canara Bank,SBIN002391,Canara Bank Main Branch
BANK-0076,1000000076,State Bank of India,SBIN003549,State Bank of India Main Branch
BANK-0077,1000000077,HDFC Bank,SBIN001815,HDFC Bank Main Branch
BANK-0078,1000000078,Axis Bank,SBIN002336,Axis Bank Main Branch
BANK-0079,1000000079,ICICI Bank,SBIN008259,ICICI Bank Main Branch
BANK-0080,1000000080,Axis Bank,SBIN007947,Axis Bank Main Branch
BANK-0081,1000000081,Punjab National Bank,SBIN008242,Punjab National Bank Main Branch
BANK-0082,1000000082,Punjab National Bank,SBIN005475,Punjab National Bank Main Branch
BANK-0083,1000000083,HDFC Bank,SBIN009394,HDFC Bank Main Branch
BANK-0084,1000000084,State Bank of India,SBIN006655,State Bank of India Main Branch
BANK-0085,1000000085,Punjab National Bank,SBIN002816,Punjab National Bank Main Branch
BANK-0086,1000000086,ICICI Bank,SBIN008972,ICICI Bank Main Branch
BANK-0087,1000000087,Bank of Baroda,SBIN006053,Bank of Baroda Main Branch
BANK-0088,1000000088,State Bank of India,SBIN004612,State Bank of India Main Branch
BANK-0089,1000000089,Punjab National Bank,SBIN001897,Punjab National Bank Main Branch
BANK-0090,1000000090,State Bank of India,SBIN004349,State Bank of India Main Branch
BANK-0091,1000000091,ICICI Bank,SBIN004460,ICICI Bank Main Branch
BANK-0092,1000000092,Canara Bank,SBIN003248,Canara Bank Main Branch
BANK-0093,1000000093,Canara Bank,SBIN005186,Canara Bank Main Branch
BANK-0094,1000000094,ICICI Bank,SBIN006375,ICICI Bank Main Branch
BANK-0095,1000000095,State Bank of India,SBIN001126,State Bank of India Main Branch
BANK-0096,1000000096,Punjab National Bank,SBIN008055,Punjab National Bank Main Branch
BANK-0097,1000000097,HDFC Bank,SBIN003116,HDFC Bank Main Branch
BANK-0098,1000000098,Punjab National Bank,SBIN009725,Punjab National Bank Main Branch
BANK-0099,1000000099,Axis Bank,SBIN004770,Axis Bank Main Branch
BANK-0100,1000000100,Bank of Baroda,SBIN006802,Bank of Baroda Main Branch
BANK-0101,1000000101,State Bank of India,SBIN007505,State Bank of India Main Branch
BANK-0102,1000000102,Canara Bank,SBIN001693,Canara Bank Main Branch
BANK-0103,1000000103,Punjab National Bank,SBIN001307,Punjab National Bank Main Branch
BANK-0104,1000000104,Punjab National Bank,SBIN002275,Punjab National Bank Main Branch
BANK-0105,1000000105,Canara Bank,SBIN006129,Canara Bank Main Branch
BANK-0106,1000000106,Bank of Baroda,SBIN008033,Bank of Baroda Main Branch
BANK-0107,1000000107,Bank of Baroda,SBIN007626,Bank of Baroda Main Branch
BANK-0108,1000000108,Axis Bank,SBIN007843,Axis Bank Main Branch
BANK-0109,1000000109,ICICI Bank,SBIN002887,ICICI Bank Main Branch
BANK-0110,1000000110,Punjab National Bank,SBIN001341,Punjab National Bank Main Branch
BANK-0111,1000000111,ICICI Bank,SBIN003815,ICICI Bank Main Branch
BANK-0112,1000000112,Canara Bank,SBIN008538,Canara Bank Main Branch
BANK-0113,1000000113,Canara Bank,SBIN006928,Canara Bank Main Branch
BANK-0114,1000000114,State Bank of India,SBIN008155,State Bank of India Main Branch
BANK-0115,1000000115,Canara Bank,SBIN002734,Canara Bank Main Branch
BANK-0116,1000000116,HDFC Bank,SBIN008138,HDFC Bank Main Branch
BANK-0117,1000000117,Bank of Baroda,SBIN007560,Bank of Baroda Main Branch
BANK-0118,1000000118,Bank of Baroda,SBIN002288,Bank of Baroda Main Branch
BANK-0119,1000000119,Punjab National Bank,SBIN006083,Punjab National Bank Main Branch
BANK-0120,1000000120,Axis Bank,SBIN006562,Axis Bank Main Branch
BANK-0121,1000000121,HDFC Bank,SBIN006456,HDFC Bank Main Branch
BANK-0122,1000000122,Canara Bank,SBIN003754,Canara Bank Main Branch
BANK-0123,1000000123,State Bank of India,SBIN009363,State Bank of India Main Branch
BANK-0124,1000000124,Axis Bank,SBIN002868,Axis Bank Main Branch
BANK-0125,1000000125,Bank of Baroda,SBIN009355,Bank of Baroda Main Branch
BANK-0126,1000000126,HDFC Bank,SBIN006724,HDFC Bank Main Branch
BANK-0127,1000000127,ICICI Bank,SBIN003419,ICICI Bank Main Branch
BANK-0128,1000000128,HDFC Bank,SBIN002684,HDFC Bank Main Branch
BANK-0129,1000000129,HDFC Bank,SBIN005193,HDFC Bank Main Branch
BANK-0130,1000000130,HDFC Bank,SBIN003842,HDFC Bank Main Branch
BANK-0131,1000000131,Bank of Baroda,SBIN003504,Bank of Baroda Main Branch
BANK-0132,1000000132,Canara Bank,SBIN002234,Canara Bank Main Branch
BANK-0133,1000000133,HDFC Bank,SBIN009095,HDFC Bank Main Branch
BANK-0134,1000000134,Punjab National Bank,SBIN008354,Punjab National Bank Main Branch
BANK-0135,1000000135,Axis Bank,SBIN006295,Axis Bank Main Branch
BANK-0136,1000000136,Canara Bank,SBIN006179,Canara Bank Main Branch
BANK-0137,1000000137,HDFC Bank,SBIN008205,HDFC Bank Main Branch
BANK-0138,1000000138,State Bank of India,SBIN008682,State Bank of India Main Branch
BANK-0139,1000000139,Punjab National Bank,SBIN005961,Punjab National Bank Main Branch
BANK-0140,1000000140,Canara Bank,SBIN005500,Canara Bank Main Branch
BANK-0141,1000000141,Bank of Baroda,SBIN001920,Bank of Baroda Main Branch
BANK-0142,1000000142,ICICI Bank,SBIN009312,ICICI Bank Main Branch
BANK-0143,1000000143,State Bank of India,SBIN006085,State Bank of India Main Branch
BANK-0144,1000000144,Punjab National Bank,SBIN008404,Punjab National Bank Main Branch
BANK-0145,1000000145,State Bank of India,SBIN001932,State Bank of India Main Branch
BANK-0146,1000000146,ICICI Bank,SBIN005703,ICICI Bank Main Branch
BANK-0147,1000000147,State Bank of India,SBIN002479,State Bank of India Main Branch
BANK-0148,1000000148,Bank of Baroda,SBIN009307,Bank of Baroda Main Branch
BANK-0149,1000000149,Punjab National Bank,SBIN008581,Punjab National Bank Main Branch
BANK-0150,1000000150,Bank of Baroda,SBIN001672,Bank of Baroda Main Branch
BANK-0151,1000000151,Punjab National Bank,SBIN004084,Punjab National Bank Main Branch
BANK-0152,1000000152,ICICI Bank,SBIN008792,ICICI Bank Main Branch
BANK-0153,1000000153,Bank of Baroda,SBIN003471,Bank of Baroda Main Branch
BANK-0154,1000000154,State Bank of India,SBIN008381,State Bank of India Main Branch
BANK-0155,1000000155,State Bank of India,SBIN006626,State Bank of India Main Branch
BANK-0156,1000000156,Axis Bank,SBIN002381,Axis Bank Main Branch
BANK-0157,1000000157,Bank of Baroda,SBIN003827,Bank of Baroda Main Branch
BANK-0158,1000000158,State Bank of India,SBIN005059,State Bank of India Main Branch
BANK-0159,1000000159,Axis Bank,SBIN008172,Axis Bank Main Branch
BANK-0160,1000000160,Punjab National Bank,SBIN009586,Punjab National Bank Main Branch
BANK-0161,1000000161,Bank of Baroda,SBIN003600,Bank of Baroda Main Branch
BANK-0162,1000000162,ICICI Bank,SBIN007108,ICICI Bank Main Branch
BANK-0163,1000000163,ICICI Bank,SBIN007347,ICICI Bank Main Branch
BANK-0164,1000000164,Punjab National Bank,SBIN006543,Punjab National Bank Main Branch
BANK-0165,1000000165,Axis Bank,SBIN001857,Axis Bank Main Branch
BANK-0166,1000000166,Canara Bank,SBIN006482,Canara Bank Main Branch
BANK-0167,1000000167,State Bank of India,SBIN006401,State Bank of India Main Branch
BANK-0168,1000000168,State Bank of India,SBIN007333,State Bank of India Main Branch
BANK-0169,1000000169,ICICI Bank,SBIN005128,ICICI Bank Main Branch
BANK-0170,1000000170,Axis Bank,SBIN003463,Axis Bank Main Branch
BANK-0171,1000000171,ICICI Bank,SBIN002335,ICICI Bank Main Branch
BANK-0172,1000000172,Bank of Baroda,SBIN003317,Bank of Baroda Main Branch
BANK-0173,1000000173,ICICI Bank,SBIN006082,ICICI Bank Main Branch
BANK-0174,1000000174,Axis Bank,SBIN007421,Axis Bank Main Branch
BANK-0175,1000000175,HDFC Bank,SBIN002388,HDFC Bank Main Branch
BANK-0176,1000000176,ICICI Bank,SBIN007171,ICICI Bank Main Branch
BANK-0177,1000000177,Axis Bank,SBIN006381,Axis Bank Main Branch
BANK-0178,1000000178,Canara Bank,SBIN003093,Canara Bank Main Branch
BANK-0179,1000000179,Axis Bank,SBIN009624,Axis Bank Main Branch
BANK-0180,1000000180,State Bank of India,SBIN007937,State Bank of India Main Branch
BANK-0181,1000000181,Bank of Baroda,SBIN006928,Bank of Baroda Main Branch
BANK-0182,1000000182,State Bank of India,SBIN006940,State Bank of India Main Branch
BANK-0183,1000000183,ICICI Bank,SBIN003953,ICICI Bank Main Branch
BANK-0184,1000000184,HDFC Bank,SBIN006598,HDFC Bank Main Branch
BANK-0185,1000000185,Canara Bank,SBIN008967,Canara Bank Main Branch
BANK-0186,1000000186,HDFC Bank,SBIN004711,HDFC Bank Main Branch
BANK-0187,1000000187,HDFC Bank,SBIN003538,HDFC Bank Main Branch
BANK-0188,1000000188,State Bank of India,SBIN005846,State Bank of India Main Branch
BANK-0189,1000000189,Canara Bank,SBIN002657,Canara Bank Main Branch
BANK-0190,1000000190,Bank of Baroda,SBIN009843,Bank of Baroda Main Branch
BANK-0191,1000000191,Canara Bank,SBIN009626,Canara Bank Main Branch
BANK-0192,1000000192,State Bank of India,SBIN006517,State Bank of India Main Branch
BANK-0193,1000000193,Canara Bank,SBIN003147,Canara Bank Main Branch
BANK-0194,1000000194,Bank of Baroda,SBIN007172,Bank of Baroda Main Branch
BANK-0195,1000000195,HDFC Bank,SBIN003658,HDFC Bank Main Branch
BANK-0196,1000000196,HDFC Bank,SBIN003712,HDFC Bank Main Branch
BANK-0197,1000000197,Axis Bank,SBIN008170,Axis Bank Main Branch
BANK-0198,1000000198,State Bank of India,SBIN007731,State Bank of India Main Branch
BANK-0199,1000000199,ICICI Bank,SBIN004891,ICICI Bank Main Branch
BANK-0200,1000000200,Punjab National Bank,SBIN005668,Punjab National Bank Main Branch
BANK-0201,1000000201,Canara Bank,SBIN008355,Canara Bank Main Branch
BANK-0202,1000000202,HDFC Bank,SBIN009749,HDFC Bank Main Branch
BANK-0203,1000000203,HDFC Bank,SBIN006070,HDFC Bank Main Branch
BANK-0204,1000000204,Canara Bank,SBIN008684,Canara Bank Main Branch
BANK-0205,1000000205,Canara Bank,SBIN004178,Canara Bank Main Branch
BANK-0206,1000000206,ICICI Bank,SBIN008218,ICICI Bank Main Branch
BANK-0207,1000000207,Punjab National Bank,SBIN005616,Punjab National Bank Main Branch
BANK-0208,1000000208,Canara Bank,SBIN007256,Canara Bank Main Branch
BANK-0209,1000000209,Bank of Baroda,SBIN009641,Bank of Baroda Main Branch
BANK-0210,1000000210,Punjab National Bank,SBIN003655,Punjab National Bank Main Branch
BANK-0211,1000000211,Canara Bank,SBIN004271,Canara Bank Main Branch
BANK-0212,1000000212,Canara Bank,SBIN003267,Canara Bank Main Branch
BANK-0213,1000000213,Canara Bank,SBIN005096,Canara Bank Main Branch
BANK-0214,1000000214,State Bank of India,SBIN008873,State Bank of India Main Branch
BANK-0215,1000000215,Canara Bank,SBIN007081,Canara Bank Main Branch
BANK-0216,1000000216,Bank of Baroda,SBIN002680,Bank of Baroda Main Branch
BANK-0217,1000000217,Axis Bank,SBIN009452,Axis Bank Main Branch
BANK-0218,1000000218,Canara Bank,SBIN003042,Canara Bank Main Branch
BANK-0219,1000000219,ICICI Bank,SBIN002374,ICICI Bank Main Branch
BANK-0220,1000000220,Canara Bank,SBIN003626,Canara Bank Main Branch
BANK-0221,1000000221,ICICI Bank,SBIN008361,ICICI Bank Main Branch
BANK-0222,1000000222,Bank of Baroda,SBIN003414,Bank of Baroda Main Branch
BANK-0223,1000000223,Canara Bank,SBIN008167,Canara Bank Main Branch
BANK-0224,1000000224,State Bank of India,SBIN004637,State Bank of India Main Branch
BANK-0225,1000000225,Canara Bank,SBIN008391,Canara Bank Main Branch
BANK-0226,1000000226,ICICI Bank,SBIN001436,ICICI Bank Main Branch
BANK-0227,1000000227,Punjab National Bank,SBIN001872,Punjab National Bank Main Branch
BANK-0228,1000000228,Punjab National Bank,SBIN009224,Punjab National Bank Main Branch
BANK-0229,1000000229,ICICI Bank,SBIN004862,ICICI Bank Main Branch
BANK-0230,1000000230,Punjab National Bank,SBIN002337,Punjab National Bank Main Branch
BANK-0231,1000000231,ICICI Bank,SBIN004678,ICICI Bank Main Branch
BANK-0232,1000000232,State Bank of India,SBIN006221,State Bank of India Main Branch
BANK-0233,1000000233,State Bank of India,SBIN006493,State Bank of India Main Branch
BANK-0234,1000000234,Canara Bank,SBIN003392,Canara Bank Main Branch
BANK-0235,1000000235,HDFC Bank,SBIN001627,HDFC Bank Main Branch
BANK-0236,1000000236,ICICI Bank,SBIN008740,ICICI Bank Main Branch
BANK-0237,1000000237,Axis Bank,SBIN003273,Axis Bank Main Branch
BANK-0238,1000000238,Canara Bank,SBIN008685,Canara Bank Main Branch
BANK-0239,1000000239,Punjab National Bank,SBIN001086,Punjab National Bank Main Branch
BANK-0240,1000000240,State Bank of India,SBIN001311,State Bank of India Main Branch
BANK-0241,1000000241,ICICI Bank,SBIN004533,ICICI Bank Main Branch
BANK-0242,1000000242,Canara Bank,SBIN003449,Canara Bank Main Branch
BANK-0243,1000000243,Bank of Baroda,SBIN009647,Bank of Baroda Main Branch
BANK-0244,1000000244,Punjab National Bank,SBIN002821,Punjab National Bank Main Branch
BANK-0245,1000000245,Canara Bank,SBIN005720,Canara Bank Main Branch
BANK-0246,1000000246,HDFC Bank,SBIN005934,HDFC Bank Main Branch
BANK-0247,1000000247,State Bank of India,SBIN001782,State Bank of India Main Branch
BANK-0248,1000000248,HDFC Bank,SBIN007878,HDFC Bank Main Branch
BANK-0249,1000000249,Axis Bank,SBIN008489,Axis Bank Main Branch
BANK-0250,1000000250,State Bank of India,SBIN002816,State Bank of India Main Branch
BANK-0251,1000000251,Canara Bank,SBIN009189,Canara Bank Main Branch
BANK-0252,1000000252,Bank of Baroda,SBIN009782,Bank of Baroda Main Branch
BANK-0253,1000000253,State Bank of India,SBIN009443,State Bank of India Main Branch
BANK-0254,1000000254,Bank of Baroda,SBIN004963,Bank of Baroda Main Branch
BANK-0255,1000000255,Axis Bank,SBIN003352,Axis Bank Main Branch
BANK-0256,1000000256,ICICI Bank,SBIN008032,ICICI Bank Main Branch
BANK-0257,1000000257,State Bank of India,SBIN006780,State Bank of India Main Branch
BANK-0258,1000000258,HDFC Bank,SBIN007825,HDFC Bank Main Branch
BANK-0259,1000000259,HDFC Bank,SBIN002402,HDFC Bank Main Branch
BANK-0260,1000000260,Bank of Baroda,SBIN006908,Bank of Baroda Main Branch
BANK-0261,1000000261,State Bank of India,SBIN009618,State Bank of India Main Branch
BANK-0262,1000000262,Bank of Baroda,SBIN009312,Bank of Baroda Main Branch
BANK-0263,1000000263,Canara Bank,SBIN009316,Canara Bank Main Branch
BANK-0264,1000000264,Bank of Baroda,SBIN001333,Bank of Baroda Main Branch
BANK-0265,1000000265,Punjab National Bank,SBIN008702,Punjab National Bank Main Branch
BANK-0266,1000000266,State Bank of India,SBIN007338,State Bank of India Main Branch
BANK-0267,1000000267,ICICI Bank,SBIN005155,ICICI Bank Main Branch
BANK-0268,1000000268,Axis Bank,SBIN001266,Axis Bank Main Branch
BANK-0269,1000000269,ICICI Bank,SBIN002106,ICICI Bank Main Branch
BANK-0270,1000000270,ICICI Bank,SBIN004950,ICICI Bank Main Branch
BANK-0271,1000000271,Axis Bank,SBIN002698,Axis Bank Main Branch
BANK-0272,1000000272,Canara Bank,SBIN006447,Canara Bank Main Branch
BANK-0273,1000000273,HDFC Bank,SBIN001726,HDFC Bank Main Branch
BANK-0274,1000000274,ICICI Bank,SBIN009945,ICICI Bank Main Branch
BANK-0275,1000000275,ICICI Bank,SBIN003868,ICICI Bank Main Branch
BANK-0276,1000000276,Canara Bank,SBIN008612,Canara Bank Main Branch
BANK-0277,1000000277,Axis Bank,SBIN008840,Axis Bank Main Branch
BANK-0278,1000000278,Axis Bank,SBIN003986,Axis Bank Main Branch
BANK-0279,1000000279,Canara Bank,SBIN003209,Canara Bank Main Branch
BANK-0280,1000000280,State Bank of India,SBIN008498,State Bank of India Main Branch
BANK-0281,1000000281,State Bank of India,SBIN005807,State Bank of India Main Branch
BANK-0282,1000000282,HDFC Bank,SBIN001717,HDFC Bank Main Branch
BANK-0283,1000000283,Canara Bank,SBIN004268,Canara Bank Main Branch
BANK-0284,1000000284,State Bank of India,SBIN006170,State Bank of India Main Branch
BANK-0285,1000000285,ICICI Bank,SBIN009444,ICICI Bank Main Branch
BANK-0286,1000000286,Punjab National Bank,SBIN009897,Punjab National Bank Main Branch
BANK-0287,1000000287,Punjab National Bank,SBIN005150,Punjab National Bank Main Branch
BANK-0288,1000000288,State Bank of India,SBIN004131,State Bank of India Main Branch
BANK-0289,1000000289,ICICI Bank,SBIN006848,ICICI Bank Main Branch
BANK-0290,1000000290,Canara Bank,SBIN001783,Canara Bank Main Branch
BANK-0291,1000000291,Canara Bank,SBIN006438,Canara Bank Main Branch
BANK-0292,1000000292,ICICI Bank,SBIN003039,ICICI Bank Main Branch
BANK-0293,1000000293,Canara Bank,SBIN007029,Canara Bank Main Branch
BANK-0294,1000000294,Punjab National Bank,SBIN007553,Punjab National Bank Main Branch
BANK-0295,1000000295,Axis Bank,SBIN008204,Axis Bank Main Branch
BANK-0296,1000000296,Punjab National Bank,SBIN006554,Punjab National Bank Main Branch
BANK-0297,1000000297,HDFC Bank,SBIN009129,HDFC Bank Main Branch
BANK-0298,1000000298,Axis Bank,SBIN009151,Axis Bank Main Branch
BANK-0299,1000000299,ICICI Bank,SBIN009507,ICICI Bank Main Branch
BANK-0300,1000000300,ICICI Bank,SBIN002353,ICICI Bank Main Branch
BANK-0301,1000000301,Axis Bank,SBIN007955,Axis Bank Main Branch
BANK-0302,1000000302,State Bank of India,SBIN008055,State Bank of India Main Branch
BANK-0303,1000000303,Bank of Baroda,SBIN003956,Bank of Baroda Main Branch
BANK-0304,1000000304,Bank of Baroda,SBIN005813,Bank of Baroda Main Branch
BANK-0305,1000000305,ICICI Bank,SBIN002680,ICICI Bank Main Branch
BANK-0306,1000000306,State Bank of India,SBIN006372,State Bank of India Main Branch
BANK-0307,1000000307,Axis Bank,SBIN005843,Axis Bank Main Branch
BANK-0308,1000000308,ICICI Bank,SBIN008305,ICICI Bank Main Branch
BANK-0309,1000000309,Bank of Baroda,SBIN007981,Bank of Baroda Main Branch
BANK-0310,1000000310,HDFC Bank,SBIN008272,HDFC Bank Main Branch
BANK-0311,1000000311,ICICI Bank,SBIN008325,ICICI Bank Main Branch
BANK-0312,1000000312,State Bank of India,SBIN006776,State Bank of India Main Branch
BANK-0313,1000000313,Bank of Baroda,SBIN008126,Bank of Baroda Main Branch
BANK-0314,1000000314,ICICI Bank,SBIN001939,ICICI Bank Main Branch
BANK-0315,1000000315,State Bank of India,SBIN007655,State Bank of India Main Branch
BANK-0316,1000000316,ICICI Bank,SBIN009406,ICICI Bank Main Branch
BANK-0317,1000000317,Canara Bank,SBIN003621,Canara Bank Main Branch
BANK-0318,1000000318,State Bank of India,SBIN003339,State Bank of India Main Branch
BANK-0319,1000000319,Canara Bank,SBIN008179,Canara Bank Main Branch
BANK-0320,1000000320,State Bank of India,SBIN003068,State Bank of India Main Branch
BANK-0321,1000000321,State Bank of India,SBIN004866,State Bank of India Main Branch
BANK-0322,1000000322,Canara Bank,SBIN007001,Canara Bank Main Branch
BANK-0323,1000000323,ICICI Bank,SBIN007272,ICICI Bank Main Branch
BANK-0324,1000000324,Bank of Baroda,SBIN001530,Bank of Baroda Main Branch
BANK-0325,1000000325,Bank of Baroda,SBIN003513,Bank of Baroda Main Branch
BANK-0326,1000000326,Axis Bank,SBIN008371,Axis Bank Main Branch
BANK-0327,1000000327,ICICI Bank,SBIN007095,ICICI Bank Main Branch
BANK-0328,1000000328,Punjab National Bank,SBIN002259,Punjab National Bank Main Branch
BANK-0329,1000000329,Bank of Baroda,SBIN003255,Bank of Baroda Main Branch
BANK-0330,1000000330,Bank of Baroda,SBIN007012,Bank of Baroda Main Branch
BANK-0331,1000000331,Punjab National Bank,SBIN006150,Punjab National Bank Main Branch
BANK-0332,1000000332,Axis Bank,SBIN005566,Axis Bank Main Branch
BANK-0333,1000000333,HDFC Bank,SBIN002858,HDFC Bank Main Branch
BANK-0334,1000000334,State Bank of India,SBIN004048,State Bank of India Main Branch
BANK-0335,1000000335,Punjab National Bank,SBIN009482,Punjab National Bank Main Branch
BANK-0336,1000000336,Punjab National Bank,SBIN002929,Punjab National Bank Main Branch
BANK-0337,1000000337,ICICI Bank,SBIN005264,ICICI Bank Main Branch
BANK-0338,1000000338,Axis Bank,SBIN008311,Axis Bank Main Branch
BANK-0339,1000000339,HDFC Bank,SBIN005678,HDFC Bank Main Branch
BANK-0340,1000000340,Axis Bank,SBIN009047,Axis Bank Main Branch
BANK-0341,1000000341,HDFC Bank,SBIN003009,HDFC Bank Main Branch
BANK-0342,1000000342,HDFC Bank,SBIN002213,HDFC Bank Main Branch
BANK-0343,1000000343,Punjab National Bank,SBIN003828,Punjab National Bank Main Branch
BANK-0344,1000000344,Axis Bank,SBIN008292,Axis Bank Main Branch
BANK-0345,1000000345,State Bank of India,SBIN006236,State Bank of India Main Branch
BANK-0346,1000000346,Axis Bank,SBIN006692,Axis Bank Main Branch
BANK-0347,1000000347,Axis Bank,SBIN002063,Axis Bank Main Branch
BANK-0348,1000000348,Bank of Baroda,SBIN009882,Bank of Baroda Main Branch
BANK-0349,1000000349,ICICI Bank,SBIN005914,ICICI Bank Main Branch
BANK-0350,1000000350,Canara Bank,SBIN003580,Canara Bank Main Branch
BANK-0351,1000000351,Axis Bank,SBIN003852,Axis Bank Main Branch
BANK-0352,1000000352,Canara Bank,SBIN006922,Canara Bank Main Branch
BANK-0353,1000000353,Bank of Baroda,SBIN004673,Bank of Baroda Main Branch
BANK-0354,1000000354,State Bank of India,SBIN004292,State Bank of India Main Branch
BANK-0355,1000000355,Canara Bank,SBIN003275,Canara Bank Main Branch
BANK-0356,1000000356,HDFC Bank,SBIN009094,HDFC Bank Main Branch
BANK-0357,1000000357,State Bank of India,SBIN006912,State Bank of India Main Branch
BANK-0358,1000000358,Bank of Baroda,SBIN007044,Bank of Baroda Main Branch
BANK-0359,1000000359,Punjab National Bank,SBIN003126,Punjab National Bank Main Branch
BANK-0360,1000000360,Bank of Baroda,SBIN002412,Bank of Baroda Main Branch
BANK-0361,1000000361,State Bank of India,SBIN006067,State Bank of India Main Branch
BANK-0362,1000000362,Punjab National Bank,SBIN008842,Punjab National Bank Main Branch
BANK-0363,1000000363,Bank of Baroda,SBIN007730,Bank of Baroda Main Branch
BANK-0364,1000000364,Canara Bank,SBIN007708,Canara Bank Main Branch
BANK-0365,1000000365,Canara Bank,SBIN002208,Canara Bank Main Branch
BANK-0366,1000000366,HDFC Bank,SBIN006194,HDFC Bank Main Branch
BANK-0367,1000000367,Axis Bank,SBIN002215,Axis Bank Main Branch
BANK-0368,1000000368,Punjab National Bank,SBIN008632,Punjab National Bank Main Branch
BANK-0369,1000000369,Axis Bank,SBIN009476,Axis Bank Main Branch
BANK-0370,1000000370,ICICI Bank,SBIN003102,ICICI Bank Main Branch
BANK-0371,1000000371,Canara Bank,SBIN003981,Canara Bank Main Branch
BANK-0372,1000000372,Canara Bank,SBIN003114,Canara Bank Main Branch
BANK-0373,1000000373,Punjab National Bank,SBIN009238,Punjab National Bank Main Branch
BANK-0374,1000000374,Canara Bank,SBIN001907,Canara Bank Main Branch
BANK-0375,1000000375,Canara Bank,SBIN003034,Canara Bank Main Branch
BANK-0376,1000000376,Bank of Baroda,SBIN003507,Bank of Baroda Main Branch
BANK-0377,1000000377,ICICI Bank,SBIN003697,ICICI Bank Main Branch
BANK-0378,1000000378,HDFC Bank,SBIN006286,HDFC Bank Main Branch
BANK-0379,1000000379,Axis Bank,SBIN004694,Axis Bank Main Branch
BANK-0380,1000000380,ICICI Bank,SBIN009501,ICICI Bank Main Branch
BANK-0381,1000000381,ICICI Bank,SBIN002292,ICICI Bank Main Branch
BANK-0382,1000000382,ICICI Bank,SBIN004216,ICICI Bank Main Branch
BANK-0383,1000000383,Axis Bank,SBIN005496,Axis Bank Main Branch
BANK-0384,1000000384,HDFC Bank,SBIN005961,HDFC Bank Main Branch
BANK-0385,1000000385,Bank of Baroda,SBIN009740,Bank of Baroda Main Branch
BANK-0386,1000000386,State Bank of India,SBIN009234,State Bank of India Main Branch
BANK-0387,1000000387,Axis Bank,SBIN003762,Axis Bank Main Branch
BANK-0388,1000000388,Bank of Baroda,SBIN003526,Bank of Baroda Main Branch
BANK-0389,1000000389,HDFC Bank,SBIN006531,HDFC Bank Main Branch
BANK-0390,1000000390,Canara Bank,SBIN001674,Canara Bank Main Branch
BANK-0391,1000000391,Canara Bank,SBIN001464,Canara Bank Main Branch
BANK-0392,1000000392,State Bank of India,SBIN001744,State Bank of India Main Branch
BANK-0393,1000000393,Axis Bank,SBIN005336,Axis Bank Main Branch
BANK-0394,1000000394,Axis Bank,SBIN004453,Axis Bank Main Branch
BANK-0395,1000000395,Canara Bank,SBIN007825,Canara Bank Main Branch
BANK-0396,1000000396,Bank of Baroda,SBIN001496,Bank of Baroda Main Branch
BANK-0397,1000000397,Punjab National Bank,SBIN009938,Punjab National Bank Main Branch
BANK-0398,1000000398,ICICI Bank,SBIN005949,ICICI Bank Main Branch
BANK-0399,1000000399,Punjab National Bank,SBIN005012,Punjab National Bank Main Branch
BANK-0400,1000000400,Canara Bank,SBIN007653,Canara Bank Main Branch
BANK-0401,1000000401,ICICI Bank,SBIN008430,ICICI Bank Main Branch
BANK-0402,1000000402,State Bank of India,SBIN001981,State Bank of India Main Branch
BANK-0403,1000000403,HDFC Bank,SBIN008202,HDFC Bank Main Branch
BANK-0404,1000000404,Punjab National Bank,SBIN008933,Punjab National Bank Main Branch
BANK-0405,1000000405,Punjab National Bank,SBIN004342,Punjab National Bank Main Branch
BANK-0406,1000000406,ICICI Bank,SBIN003353,ICICI Bank Main Branch
BANK-0407,1000000407,ICICI Bank,SBIN006231,ICICI Bank Main Branch
BANK-0408,1000000408,Axis Bank,SBIN006658,Axis Bank Main Branch
BANK-0409,1000000409,Punjab National Bank,SBIN003142,Punjab National Bank Main Branch
BANK-0410,1000000410,Canara Bank,SBIN007070,Canara Bank Main Branch
BANK-0411,1000000411,Bank of Baroda,SBIN002739,Bank of Baroda Main Branch
BANK-0412,1000000412,ICICI Bank,SBIN004960,ICICI Bank Main Branch
BANK-0413,1000000413,Punjab National Bank,SBIN003007,Punjab National Bank Main Branch
BANK-0414,1000000414,ICICI Bank,SBIN008366,ICICI Bank Main Branch
BANK-0415,1000000415,HDFC Bank,SBIN003308,HDFC Bank Main Branch
BANK-0416,1000000416,State Bank of India,SBIN001829,State Bank of India Main Branch
BANK-0417,1000000417,ICICI Bank,SBIN007293,ICICI Bank Main Branch
BANK-0418,1000000418,Canara Bank,SBIN007850,Canara Bank Main Branch
BANK-0419,1000000419,HDFC Bank,SBIN003616,HDFC Bank Main Branch
BANK-0420,1000000420,Canara Bank,SBIN006364,Canara Bank Main Branch
BANK-0421,1000000421,Bank of Baroda,SBIN006123,Bank of Baroda Main Branch
BANK-0422,1000000422,HDFC Bank,SBIN003610,HDFC Bank Main Branch
BANK-0423,1000000423,Punjab National Bank,SBIN009433,Punjab National Bank Main Branch
BANK-0424,1000000424,Punjab National Bank,SBIN009171,Punjab National Bank Main Branch
BANK-0425,1000000425,ICICI Bank,SBIN009148,ICICI Bank Main Branch
BANK-0426,1000000426,State Bank of India,SBIN002475,State Bank of India Main Branch
BANK-0427,1000000427,Punjab National Bank,SBIN009281,Punjab National Bank Main Branch
BANK-0428,1000000428,Punjab National Bank,SBIN004944,Punjab National Bank Main Branch
BANK-0429,1000000429,HDFC Bank,SBIN006781,HDFC Bank Main Branch
BANK-0430,1000000430,State Bank of India,SBIN001828,State Bank of India Main Branch
BANK-0431,1000000431,ICICI Bank,SBIN009108,ICICI Bank Main Branch
BANK-0432,1000000432,Bank of Baroda,SBIN008710,Bank of Baroda Main Branch
BANK-0433,1000000433,ICICI Bank,SBIN009793,ICICI Bank Main Branch
BANK-0434,1000000434,State Bank of India,SBIN002761,State Bank of India Main Branch
BANK-0435,1000000435,Punjab National Bank,SBIN003194,Punjab National Bank Main Branch
BANK-0436,1000000436,ICICI Bank,SBIN006992,ICICI Bank Main Branch
BANK-0437,1000000437,Canara Bank,SBIN007606,Canara Bank Main Branch
BANK-0438,1000000438,ICICI Bank,SBIN001741,ICICI Bank Main Branch
BANK-0439,1000000439,Punjab National Bank,SBIN001838,Punjab National Bank Main Branch
BANK-0440,1000000440,Bank of Baroda,SBIN004189,Bank of Baroda Main Branch
BANK-0441,1000000441,ICICI Bank,SBIN005728,ICICI Bank Main Branch
BANK-0442,1000000442,State Bank of India,SBIN007329,State Bank of India Main Branch
BANK-0443,1000000443,Bank of Baroda,SBIN008378,Bank of Baroda Main Branch
BANK-0444,1000000444,Canara Bank,SBIN005582,Canara Bank Main Branch
BANK-0445,1000000445,Canara Bank,SBIN002946,Canara Bank Main Branch
BANK-0446,1000000446,HDFC Bank,SBIN002584,HDFC Bank Main Branch
BANK-0447,1000000447,Punjab National Bank,SBIN007114,Punjab National Bank Main Branch
BANK-0448,1000000448,Canara Bank,SBIN006555,Canara Bank Main Branch
BANK-0449,1000000449,Bank of Baroda,SBIN006990,Bank of Baroda Main Branch
BANK-0450,1000000450,Canara Bank,SBIN003363,Canara Bank Main Branch
