person_id,full_name,gender,date_of_birth,age,occupation,city,district,phone_id,bank_account_id
PERSON-0001,Santosh Chatterjee,Male,1962-03-06,62,Real Estate Agent,Delhi,Central Delhi,PHONE-0001,BANK-0001
PERSON-0002,Rohit Singh,Male,1990-08-19,34,Delivery Agent,Varanasi,Varanasi,PHONE-0002,BANK-0002
PERSON-0003,Vijay Banerjee,Male,1998-10-04,26,Tailor,Mumbai,Mumbai City,PHONE-0003,BANK-0003
PERSON-0004,Ashok Shukla,Male,1995-05-22,29,Plumber,Delhi,East Delhi,PHONE-0004,BANK-0004
PERSON-0005,Ashok Garg,Male,1963-07-19,61,Contractor,Delhi,Central Delhi,PHONE-0005,BANK-0005
PERSON-0006,Santosh Joshi,Male,1959-12-26,65,Trader,Raipur,Raipur,PHONE-0006,BANK-0006
PERSON-0007,Sangeeta Das,Female,1995-04-10,29,Contractor,Pune,Pune,PHONE-0007,BANK-0007
PERSON-0008,Sanjay Jain,Male,1976-10-05,48,Mason,Delhi,Central Delhi,PHONE-0008,BANK-0008
PERSON-0009,Sunil Qureshi,Male,1961-03-18,63,Shopkeeper,Chennai,Chennai,PHONE-0009,BANK-0009
PERSON-0010,Manoj Tiwari,Male,1974-10-02,50,Supervisor,Pune,Pune,PHONE-0010,BANK-0010
PERSON-0011,Kusum Das,Female,1978-09-17,46,Real Estate Agent,Bilaspur,Bilaspur,PHONE-0011,BANK-0011
PERSON-0012,Mukesh Khan,Male,1971-03-03,53,Mason,Delhi,East Delhi,PHONE-0012,BANK-0012
PERSON-0013,Ajay Roy,Male,1985-04-18,39,Trader,Kolkata,Kolkata,PHONE-0013,BANK-0013
PERSON-0014,Santosh Mittal,Male,1967-09-04,57,Mason,Ahmedabad,Ahmedabad,PHONE-0014,BANK-0014
PERSON-0015,Harish Bhattacharya,Male,2000-12-15,24,Tailor,Chennai,Chennai,PHONE-0015,BANK-0015
PERSON-0016,Abhishek Yadav,Male,1983-01-15,41,Security Guard,Durg,Durg,PHONE-0016,BANK-0016
PERSON-0017,Suresh Ansari,Male,1987-04-26,37,Mason,Howrah,Howrah,PHONE-0017,BANK-0017
PERSON-0018,Hemant Ahmed,Male,1963-03-26,61,Mechanic,Raipur,Raipur,PHONE-0018,BANK-0018
PERSON-0019,Geeta Mittal,Female,1968-05-20,56,Tailor,Nagpur,Nagpur,PHONE-0019,BANK-0019
PERSON-0020,Pradeep Roy,Male,1985-09-22,39,Contractor,Lucknow,Lucknow,PHONE-0020,BANK-0020
PERSON-0021,Manish Verma,Male,1961-03-23,63,Electrician,Mumbai,Mumbai City,PHONE-0021,BANK-0021
PERSON-0022,Ashok Mukherjee,Male,1971-03-19,53,Real Estate Agent,Delhi,Central Delhi,PHONE-0022,BANK-0022
PERSON-0023,Manish Kaur,Male,1998-11-26,26,Driver,Delhi,East Delhi,PHONE-0023,BANK-0023
PERSON-0024,Pankaj Bhattacharya,Male,1971-06-19,53,Clerk,Delhi,East Delhi,PHONE-0024,BANK-0024
PERSON-0025,Sangeeta Hussain,Female,1998-09-13,26,Mechanic,Nagpur,Nagpur,PHONE-0025,BANK-0025
PERSON-0026,Seema Qureshi,Female,1982-05-11,42,Tailor,Mumbai,Mumbai City,PHONE-0026,BANK-0026
PERSON-0027,Nitin Qureshi,Male,1959-01-02,65,Contractor,Pune,Pune,PHONE-0027,BANK-0027
PERSON-0028,Santosh Singh,Male,1992-08-15,32,Clerk,Howrah,Howrah,PHONE-0028,BANK-0028
PERSON-0029,Reena Shukla,Female,1961-05-06,63,Security Guard,Siliguri,Darjeeling,PHONE-0029,BANK-0029
PERSON-0030,Naveen Bose,Male,1979-11-21,45,Shopkeeper,Kolkata,Kolkata,PHONE-0030,BANK-0030
PERSON-0031,Alok Chatterjee,Male,1961-02-23,63,Contractor,Delhi,South Delhi,PHONE-0031,BANK-0031
PERSON-0032,Pawan Gupta,Male,1965-04-17,59,Consultant,Siliguri,Darjeeling,PHONE-0032,BANK-0032
PERSON-0033,Arjun Sen,Male,1975-12-05,49,Plumber,Howrah,Howrah,PHONE-0033,BANK-0033
PERSON-0034,Sachin Kumar,Male,1996-06-12,28,Trader,Howrah,Howrah,PHONE-0034,BANK-0034
PERSON-0035,Manoj Pandey,Male,1969-10-01,55,Transporter,Kolkata,Kolkata,PHONE-0035,BANK-0035
PERSON-0036,Vivek Chakraborty,Male,1962-12-05,62,Delivery Agent,Bilaspur,Bilaspur,PHONE-0036,BANK-0036
PERSON-0037,Vivek Banerjee,Male,1996-03-25,28,Contractor,Kolkata,Kolkata,PHONE-0037,BANK-0037
PERSON-0038,Sachin Chakraborty,Male,1982-03-08,42,Security Guard,Delhi,South Delhi,PHONE-0038,BANK-0038
PERSON-0039,Dinesh Goyal,Male,1964-12-20,60,Trader,Varanasi,Varanasi,PHONE-0039,BANK-0039
PERSON-0040,Sunita Dutta,Female,1969-10-17,55,Mechanic,Bilaspur,Bilaspur,PHONE-0040,BANK-0040
PERSON-0041,Sarita Verma,Female,1971-07-04,53,Broker,Durg,Durg,PHONE-0041,BANK-0041
PERSON-0042,Devendra Gupta,Male,2002-06-11,22,Electrician,Surat,Surat,PHONE-0042,BANK-0042
PERSON-0043,Nitin Khan,Male,1968-11-06,56,Plumber,Nagpur,Nagpur,PHONE-0043,BANK-0043
PERSON-0044,Rekha Singh,Female,1998-01-09,26,Mechanic,Lucknow,Lucknow,PHONE-0044,BANK-0044
PERSON-0045,Amit Ali,Male,1984-11-23,40,Carpenter,Surat,Surat,PHONE-0045,BANK-0045
PERSON-0046,Reena Ali,Female,1962-09-18,62,Transporter,Kolkata,Kolkata,PHONE-0046,BANK-0046
PERSON-0047,Suresh Dutta,Male,1970-04-26,54,Electrician,Kolkata,Kolkata,PHONE-0047,BANK-0047
PERSON-0048,Rohit Singhal,Male,1983-12-14,41,Broker,Kolkata,Kolkata,PHONE-0048,BANK-0048
PERSON-0049,Suresh Ahmed,Male,1973-10-20,51,Accountant,Howrah,Howrah,PHONE-0049,BANK-0049
PERSON-0050,Sunil Patel,Male,1994-12-01,30,Shopkeeper,Kolkata,Kolkata,PHONE-0050,BANK-0050
PERSON-0051,Sumit Agarwal,Male,1986-03-12,38,Electrician,Surat,Surat,PHONE-0051,BANK-0051
PERSON-0052,Shashi Patel,Female,1981-07-09,43,Carpenter,Kolkata,Kolkata,PHONE-0052,BANK-0052
PERSON-0053,Nitin Gupta,Male,1973-09-12,51,Accountant,Ahmedabad,Ahmedabad,PHONE-0053,BANK-0053
PERSON-0054,Nitin Mishra,Male,1992-05-25,32,Contractor,Nagpur,Nagpur,PHONE-0054,BANK-0054
PERSON-0055,Shobha Chatterjee,Female,2002-01-28,22,Clerk,Surat,Surat,PHONE-0055,BANK-0055
PERSON-0056,Pawan Bhattacharya,Male,1993-03-28,31,Accountant,Delhi,Central Delhi,PHONE-0056,BANK-0056
PERSON-0057,Manish Chatterjee,Male,1987-07-24,37,Technician,Pune,Pune,PHONE-0057,BANK-0057
PERSON-0058,Rahul Mittal,Male,1995-09-22,29,Accountant,Nagpur,Nagpur,PHONE-0058,BANK-0058
PERSON-0059,Jitendra Sharma,Male,1998-08-28,26,Trader,Delhi,Central Delhi,PHONE-0059,BANK-0059
PERSON-0060,Asha Sarkar,Female,1967-08-01,57,Supervisor,Kolkata,Kolkata,PHONE-0060,BANK-0060
PERSON-0061,Nitin Dutta,Male,1987-08-12,37,Mason,Varanasi,Varanasi,PHONE-0061,BANK-0061
PERSON-0062,Ritu Bansal,Female,1993-01-14,31,Clerk,Durg,Durg,PHONE-0062,BANK-0062
PERSON-0063,Sumit Mehta,Male,2002-11-13,22,Trader,Pune,Pune,PHONE-0063,BANK-0063
PERSON-0064,Jitendra Mukherjee,Male,1971-01-05,53,Security Guard,Delhi,South Delhi,PHONE-0064,BANK-0064
PERSON-0065,Ajay Agarwal,Male,1979-08-24,45,Driver,Delhi,South Delhi,PHONE-0065,BANK-0065
PERSON-0066,Dharmendra Das,Male,1998-10-19,26,Accountant,Delhi,Central Delhi,PHONE-0066,BANK-0066
PERSON-0067,Manoj Mukherjee,Male,1986-06-26,38,Sales Representative,Mumbai,Mumbai Suburban,PHONE-0067,BANK-0067
PERSON-0068,Pushpa Sarkar,Female,1985-04-03,39,Mechanic,Delhi,East Delhi,PHONE-0068,BANK-0068
PERSON-0069,Satish Yadav,Male,1996-03-15,28,Warehouse Assistant,Siliguri,Darjeeling,PHONE-0069,BANK-0069
PERSON-0070,Deepak Bansal,Male,1989-08-10,35,Warehouse Assistant,Nagpur,Nagpur,PHONE-0070,BANK-0070
PERSON-0071,Deepak Kumar,Male,1959-05-27,65,Transporter,Raipur,Raipur,PHONE-0071,BANK-0071
PERSON-0072,Ashok Pandey,Male,1987-06-13,37,Carpenter,Kolkata,Kolkata,PHONE-0072,BANK-0072
PERSON-0073,Alok Bose,Male,2001-07-28,23,Warehouse Assistant,Raipur,Raipur,PHONE-0073,BANK-0073
PERSON-0074,Subhash Mukherjee,Male,1973-02-26,51,Electrician,Howrah,Howrah,PHONE-0074,BANK-0074
PERSON-0075,Amit Chatterjee,Male,1990-07-12,34,Consultant,Siliguri,Darjeeling,PHONE-0075,BANK-0075
PERSON-0076,Suresh Singhal,Male,1986-02-01,38,Driver,Lucknow,Lucknow,PHONE-0076,BANK-0076
PERSON-0077,Vivek Das,Male,1981-02-02,43,Warehouse Assistant,Kolkata,Kolkata,PHONE-0077,BANK-0077
PERSON-0078,Nitin Ahmed,Male,1971-01-13,53,Consultant,Delhi,Central Delhi,PHONE-0078,BANK-0078
PERSON-0079,Sumit Banerjee,Male,1985-05-15,39,Electrician,Raipur,Raipur,PHONE-0079,BANK-0079
PERSON-0080,Hemant Joshi,Male,1961-05-16,63,Delivery Agent,Durg,Durg,PHONE-0080,BANK-0080
PERSON-0081,Radha Verma,Female,1985-07-05,39,Delivery Agent,Kolkata,Kolkata,PHONE-0081,BANK-0081
PERSON-0082,Jitendra Mukherjee,Male,2001-07-26,23,Supervisor,Chennai,Chennai,PHONE-0082,BANK-0082
PERSON-0083,Mukesh Chakraborty,Male,1970-06-13,54,Security Guard,Lucknow,Lucknow,PHONE-0083,BANK-0083
PERSON-0084,Ashok Garg,Male,2001-05-02,23,Plumber,Durg,Durg,PHONE-0084,BANK-0084
PERSON-0085,Satish Chatterjee,Male,1996-04-22,28,Broker,Raipur,Raipur,PHONE-0085,BANK-0085
PERSON-0086,Amit Chatterjee,Male,1978-06-27,46,Shopkeeper,Lucknow,Lucknow,PHONE-0086,BANK-0086
PERSON-0087,Satish Sarkar,Male,1965-01-23,59,Supervisor,Nagpur,Nagpur,PHONE-0087,BANK-0087
PERSON-0088,Mamta Mittal,Female,1971-09-10,53,Shopkeeper,Bilaspur,Bilaspur,PHONE-0088,BANK-0088
PERSON-0089,Suresh Verma,Male,1964-04-01,60,Carpenter,Durg,Durg,PHONE-0089,BANK-0089
PERSON-0090,Kunal Joshi,Male,1994-06-23,30,Shopkeeper,Bilaspur,Bilaspur,PHONE-0090,BANK-0090
PERSON-0091,Pushpa Verma,Female,1993-10-23,31,Electrician,Kolkata,Kolkata,PHONE-0091,BANK-0091
PERSON-0092,Vandana Gupta,Female,1960-07-19,64,Contractor,Nagpur,Nagpur,PHONE-0092,BANK-0092
PERSON-0093,Ashok Das,Male,1975-11-16,49,Real Estate Agent,Raipur,Raipur,PHONE-0093,BANK-0093
PERSON-0094,Subhash Joshi,Male,1988-11-19,36,Shopkeeper,Nagpur,Nagpur,PHONE-0094,BANK-0094
PERSON-0095,Pradeep Das,Male,2002-12-19,22,Sales Representative,Raipur,Raipur,PHONE-0095,BANK-0095
PERSON-0096,Anita Tiwari,Female,1982-10-08,42,Real Estate Agent,Varanasi,Varanasi,PHONE-0096,BANK-0096
PERSON-0097,Mukesh Pandey,Male,1998-04-12,26,Technician,Pune,Pune,PHONE-0097,BANK-0097
PERSON-0098,Suresh Sen,Male,2002-05-07,22,Broker,Delhi,East Delhi,PHONE-0098,BANK-0098
PERSON-0099,Sumit Bose,Male,2002-01-13,22,Warehouse Assistant,Howrah,Howrah,PHONE-0099,BANK-0099
PERSON-0100,Manju Khan,Female,1978-06-18,46,Sales Representative,Ahmedabad,Ahmedabad,PHONE-0100,BANK-0100
PERSON-0101,Pawan Mittal,Male,1992-08-03,32,Accountant,Durg,Durg,PHONE-0101,BANK-0101
PERSON-0102,Ashok Bose,Male,1998-06-06,26,Sales Representative,Howrah,Howrah,PHONE-0102,BANK-0102
PERSON-0103,Rahul Goyal,Male,1981-10-20,43,Plumber,Kolkata,Kolkata,PHONE-0103,BANK-0103
PERSON-0104,Reena Mishra,Female,1975-03-02,49,Contractor,Varanasi,Varanasi,PHONE-0104,BANK-0104
PERSON-0105,Rakesh Khan,Male,1968-05-22,56,Trader,Chennai,Chennai,PHONE-0105,BANK-0105
PERSON-0106,Ramesh Verma,Male,1966-09-27,58,Plumber,Delhi,Central Delhi,PHONE-0106,BANK-0106
PERSON-0107,Naveen Mehta,Male,1997-05-27,27,Consultant,Delhi,South Delhi,PHONE-0107,BANK-0107
PERSON-0108,Pawan Shukla,Male,2001-04-06,23,Real Estate Agent,Howrah,Howrah,PHONE-0108,BANK-0108
PERSON-0109,Suresh Siddiqui,Male,1983-07-16,41,Plumber,Howrah,Howrah,PHONE-0109,BANK-0109
PERSON-0110,Usha Kumar,Female,1978-03-12,46,Sales Representative,Chennai,Chennai,PHONE-0110,BANK-0110
PERSON-0111,Vivek Sharma,Male,1974-08-09,50,Broker,Mumbai,Mumbai City,PHONE-0111,BANK-0111
PERSON-0112,Geeta Pandey,Female,1997-11-12,27,Tailor,Howrah,Howrah,PHONE-0112,BANK-0112
PERSON-0113,Satish Chatterjee,Male,1999-07-27,25,Carpenter,Chennai,Chennai,PHONE-0113,BANK-0113
PERSON-0114,Harish Siddiqui,Male,1987-08-10,37,Driver,Lucknow,Lucknow,PHONE-0114,BANK-0114
PERSON-0115,Rajesh Jain,Male,1969-10-22,55,Transporter,Lucknow,Lucknow,PHONE-0115,BANK-0115
PERSON-0116,Vivek Tiwari,Male,1989-04-05,35,Accountant,Raipur,Raipur,PHONE-0116,BANK-0116
PERSON-0117,Abhishek Shukla,Male,1964-05-11,60,Driver,Siliguri,Darjeeling,PHONE-0117,BANK-0117
PERSON-0118,Subhash Ali,Male,1982-05-17,42,Warehouse Assistant,Chennai,Chennai,PHONE-0118,BANK-0118
PERSON-0119,Pooja Joshi,Female,1969-07-04,55,Delivery Agent,Lucknow,Lucknow,PHONE-0119,BANK-0119
PERSON-0120,Nitin Singhal,Male,1996-02-19,28,Contractor,Lucknow,Lucknow,PHONE-0120,BANK-0120
PERSON-0121,Lata Khan,Female,1978-11-16,46,Mason,Mumbai,Mumbai City,PHONE-0121,BANK-0121
PERSON-0122,Rajesh Tiwari,Male,1977-03-20,47,Transporter,Mumbai,Mumbai City,PHONE-0122,BANK-0122
PERSON-0123,Rohit Sharma,Male,1981-12-08,43,Accountant,Delhi,Central Delhi,PHONE-0123,BANK-0123
PERSON-0124,Shashi Bhattacharya,Female,1981-05-10,43,Security Guard,Kolkata,Kolkata,PHONE-0124,BANK-0124
PERSON-0125,Meena Chatterjee,Female,1983-12-15,41,Technician,Siliguri,Darjeeling,PHONE-0125,BANK-0125
PERSON-0126,Manish Garg,Male,1990-08-07,34,Delivery Agent,Kolkata,Kolkata,PHONE-0126,BANK-0126
PERSON-0127,Vandana Verma,Female,1992-02-10,32,Carpenter,Surat,Surat,PHONE-0127,BANK-0127
PERSON-0128,Jitendra Mittal,Male,1991-04-27,33,Mechanic,Kolkata,Kolkata,PHONE-0128,BANK-0128
PERSON-0129,Kiran Sharma,Female,1999-06-23,25,Mechanic,Delhi,East Delhi,PHONE-0129,BANK-0129
PERSON-0130,Santosh Jain,Male,1962-02-22,62,Clerk,Delhi,Central Delhi,PHONE-0130,BANK-0130
PERSON-0131,Mukesh Garg,Male,1991-08-19,33,Tailor,Delhi,East Delhi,PHONE-0131,BANK-0131
PERSON-0132,Anil Bose,Male,1984-01-13,40,Accountant,Kolkata,Kolkata,PHONE-0132,BANK-0132
PERSON-0133,Nitin Banerjee,Male,1961-04-22,63,Mechanic,Durg,Durg,PHONE-0133,BANK-0133
PERSON-0134,Manish Jain,Male,1959-01-16,65,Electrician,Kolkata,Kolkata,PHONE-0134,BANK-0134
PERSON-0135,Devendra Mehta,Male,1986-10-26,38,Trader,Durg,Durg,PHONE-0135,BANK-0135
PERSON-0136,Shashi Ahmed,Female,1980-08-09,44,Mechanic,Delhi,Central Delhi,PHONE-0136,BANK-0136
PERSON-0137,Jitendra Joshi,Male,1965-02-01,59,Carpenter,Delhi,Central Delhi,PHONE-0137,BANK-0137
PERSON-0138,Vandana Goyal,Female,1964-05-10,60,Consultant,Varanasi,Varanasi,PHONE-0138,BANK-0138
PERSON-0139,Rahul Sen,Male,1962-06-28,62,Security Guard,Mumbai,Mumbai City,PHONE-0139,BANK-0139
PERSON-0140,Alok Shukla,Male,1969-04-02,55,Transporter,Siliguri,Darjeeling,PHONE-0140,BANK-0140
PERSON-0141,Ashok Das,Male,1961-08-10,63,Security Guard,Kolkata,Kolkata,PHONE-0141,BANK-0141
PERSON-0142,Sushma Kaur,Female,1965-12-19,59,Mechanic,Kolkata,Kolkata,PHONE-0142,BANK-0142
PERSON-0143,Ajay Bansal,Male,1960-06-17,64,Trader,Ahmedabad,Ahmedabad,PHONE-0143,BANK-0143
PERSON-0144,Poonam Roy,Female,1972-03-24,52,Security Guard,Howrah,Howrah,PHONE-0144,BANK-0144
PERSON-0145,Poonam Sen,Female,1988-06-08,36,Trader,Kolkata,Kolkata,PHONE-0145,BANK-0145
PERSON-0146,Kunal Bhattacharya,Male,1965-05-15,59,Contractor,Mumbai,Mumbai City,PHONE-0146,BANK-0146
PERSON-0147,Satish Singhal,Male,1998-08-07,26,Carpenter,Varanasi,Varanasi,PHONE-0147,BANK-0147
PERSON-0148,Sachin Agarwal,Male,1976-01-28,48,Electrician,Mumbai,Mumbai Suburban,PHONE-0148,BANK-0148
PERSON-0149,Rakesh Sen,Male,1966-08-05,58,Technician,Delhi,South Delhi,PHONE-0149,BANK-0149
PERSON-0150,Poonam Kumar,Female,1981-11-06,43,Technician,Ahmedabad,Ahmedabad,PHONE-0150,BANK-0150
PERSON-0151,Arjun Ansari,Male,1989-03-19,35,Shopkeeper,Mumbai,Mumbai City,PHONE-0151,BANK-0151
PERSON-0152,Suresh Das,Male,1975-11-14,49,Sales Representative,Varanasi,Varanasi,PHONE-0152,BANK-0152
PERSON-0153,Pawan Kaur,Male,2000-09-07,24,Supervisor,Kolkata,Kolkata,PHONE-0153,BANK-0153
PERSON-0154,Pushpa Agarwal,Female,2001-11-01,23,Real Estate Agent,Bilaspur,Bilaspur,PHONE-0154,BANK-0154
PERSON-0155,Neetu Chakraborty,Female,1994-02-13,30,Carpenter,Mumbai,Mumbai Suburban,PHONE-0155,BANK-0155
PERSON-0156,Anil Gupta,Male,1983-05-15,41,Carpenter,Kolkata,Kolkata,PHONE-0156,BANK-0156
PERSON-0157,Kunal Ahmed,Male,1981-08-12,43,Mechanic,Siliguri,Darjeeling,PHONE-0157,BANK-0157
PERSON-0158,Rohit Singh,Male,1988-12-05,36,Mechanic,Durg,Durg,PHONE-0158,BANK-0158
PERSON-0159,Manju Patel,Female,1961-01-13,63,Real Estate Agent,Nagpur,Nagpur,PHONE-0159,BANK-0159
PERSON-0160,Harish Joshi,Male,1964-01-22,60,Contractor,Kolkata,Kolkata,PHONE-0160,BANK-0160
PERSON-0161,Vikram Verma,Male,1976-08-13,48,Contractor,Howrah,Howrah,PHONE-0161,BANK-0161
PERSON-0162,Pawan Pandey,Male,1959-11-01,65,Trader,Bilaspur,Bilaspur,PHONE-0162,BANK-0162
PERSON-0163,Ramesh Agarwal,Male,1963-10-23,61,Electrician,Mumbai,Mumbai City,PHONE-0163,BANK-0163
PERSON-0164,Ramesh Jain,Male,1995-05-04,29,Contractor,Varanasi,Varanasi,PHONE-0164,BANK-0164
PERSON-0165,Devendra Shukla,Male,1969-04-12,55,Delivery Agent,Mumbai,Mumbai City,PHONE-0165,BANK-0165
PERSON-0166,Rajesh Goyal,Male,1989-12-16,35,Technician,Ahmedabad,Ahmedabad,PHONE-0166,BANK-0166
PERSON-0167,Arjun Kumar,Male,1966-11-16,58,Electrician,Howrah,Howrah,PHONE-0167,BANK-0167
PERSON-0168,Rekha Yadav,Female,1961-04-15,63,Trader,Mumbai,Mumbai City,PHONE-0168,BANK-0168
PERSON-0169,Amit Yadav,Male,2000-05-12,24,Consultant,Raipur,Raipur,PHONE-0169,BANK-0169
PERSON-0170,Deepak Yadav,Male,2002-03-22,22,Real Estate Agent,Kolkata,Kolkata,PHONE-0170,BANK-0170
PERSON-0171,Sumit Ansari,Male,1985-12-03,39,Supervisor,Varanasi,Varanasi,PHONE-0171,BANK-0171
PERSON-0172,Poonam Patel,Female,1977-08-09,47,Sales Representative,Delhi,Central Delhi,PHONE-0172,BANK-0172
PERSON-0173,Pawan Khan,Male,1995-03-23,29,Accountant,Raipur,Raipur,PHONE-0173,BANK-0173
PERSON-0174,Manju Yadav,Female,1965-08-26,59,Mason,Delhi,South Delhi,PHONE-0174,BANK-0174
PERSON-0175,Sunil Joshi,Male,1980-10-01,44,Consultant,Delhi,Central Delhi,PHONE-0175,BANK-0175
PERSON-0176,Kavita Siddiqui,Female,1995-07-15,29,Accountant,Ahmedabad,Ahmedabad,PHONE-0176,BANK-0176
PERSON-0177,Ashok Mehta,Male,1966-12-19,58,Broker,Surat,Surat,PHONE-0177,BANK-0177
PERSON-0178,Champa Agarwal,Female,1963-02-14,61,Consultant,Surat,Surat,PHONE-0178,BANK-0178
PERSON-0179,Radha Chakraborty,Female,1993-09-20,31,Accountant,Delhi,Central Delhi,PHONE-0179,BANK-0179
PERSON-0180,Anil Jain,Male,1971-03-03,53,Plumber,Ahmedabad,Ahmedabad,PHONE-0180,BANK-0180
PERSON-0181,Kunal Ghosh,Male,1970-04-18,54,Real Estate Agent,Kolkata,Kolkata,PHONE-0181,BANK-0181
PERSON-0182,Dinesh Kumar,Male,1974-10-15,50,Driver,Delhi,East Delhi,PHONE-0182,BANK-0182
PERSON-0183,Jyoti Sarkar,Female,1971-12-21,53,Clerk,Howrah,Howrah,PHONE-0183,BANK-0183
PERSON-0184,Manish Sharma,Male,1967-01-27,57,Driver,Chennai,Chennai,PHONE-0184,BANK-0184
PERSON-0185,Asha Jain,Female,1989-11-22,35,Warehouse Assistant,Chennai,Chennai,PHONE-0185,BANK-0185
PERSON-0186,Vandana Verma,Female,1973-06-18,51,Transporter,Durg,Durg,PHONE-0186,BANK-0186
PERSON-0187,Naveen Ansari,Male,1996-11-08,28,Clerk,Howrah,Howrah,PHONE-0187,BANK-0187
PERSON-0188,Pradeep Goyal,Male,1979-12-04,45,Accountant,Surat,Surat,PHONE-0188,BANK-0188
PERSON-0189,Kusum Das,Female,1996-05-20,28,Mechanic,Delhi,South Delhi,PHONE-0189,BANK-0189
PERSON-0190,Rohit Banerjee,Male,1990-12-11,34,Contractor,Delhi,East Delhi,PHONE-0190,BANK-0190
PERSON-0191,Anita Singhal,Female,1974-08-22,50,Mason,Howrah,Howrah,PHONE-0191,BANK-0191
PERSON-0192,Kavita Qureshi,Female,1969-12-02,55,Tailor,Kolkata,Kolkata,PHONE-0192,BANK-0192
PERSON-0193,Radha Jain,Female,1965-03-24,59,Electrician,Raipur,Raipur,PHONE-0193,BANK-0193
PERSON-0194,Devendra Garg,Male,1970-07-14,54,Transporter,Pune,Pune,PHONE-0194,BANK-0194
PERSON-0195,Kiran Ghosh,Female,1981-05-15,43,Electrician,Delhi,Central Delhi,PHONE-0195,BANK-0195
PERSON-0196,Devendra Jain,Male,1967-06-23,57,Tailor,Mumbai,Mumbai Suburban,PHONE-0196,BANK-0196
PERSON-0197,Rakesh Banerjee,Male,1984-11-12,40,Consultant,Varanasi,Varanasi,PHONE-0197,BANK-0197
PERSON-0198,Sunil Jain,Male,1962-06-23,62,Contractor,Chennai,Chennai,PHONE-0198,BANK-0198
PERSON-0199,Radha Singhal,Female,1960-12-14,64,Consultant,Lucknow,Lucknow,PHONE-0199,BANK-0199
PERSON-0200,Sarita Ahmed,Female,1969-02-01,55,Sales Representative,Kolkata,Kolkata,PHONE-0200,BANK-0200
PERSON-0201,Amit Shukla,Male,1992-05-22,32,Security Guard,Mumbai,Mumbai City,PHONE-0201,BANK-0201
PERSON-0202,Amit Roy,Male,1968-01-12,56,Warehouse Assistant,Bilaspur,Bilaspur,PHONE-0202,BANK-0202
PERSON-0203,Subhash Chatterjee,Male,1978-04-17,46,Trader,Chennai,Chennai,PHONE-0203,BANK-0203
PERSON-0204,Amit Kaur,Male,1976-11-11,48,Tailor,Delhi,Central Delhi,PHONE-0204,BANK-0204
PERSON-0205,Gaurav Shukla,Male,1974-04-21,50,Real Estate Agent,Varanasi,Varanasi,PHONE-0205,BANK-0205
PERSON-0206,Satish Bansal,Male,1990-12-07,34,Trader,Varanasi,Varanasi,PHONE-0206,BANK-0206
PERSON-0207,Rahul Tiwari,Male,1970-02-13,54,Accountant,Raipur,Raipur,PHONE-0207,BANK-0207
PERSON-0208,Subhash Bose,Male,1992-10-28,32,Security Guard,Siliguri,Darjeeling,PHONE-0208,BANK-0208
PERSON-0209,Santosh Pandey,Male,1993-06-20,31,Accountant,Kolkata,Kolkata,PHONE-0209,BANK-0209
PERSON-0210,Asha Qureshi,Female,1967-06-03,57,Technician,Lucknow,Lucknow,PHONE-0210,BANK-0210
PERSON-0211,Sunil Agarwal,Male,1970-03-14,54,Tailor,Kolkata,Kolkata,PHONE-0211,BANK-0211
PERSON-0212,Suresh Chakraborty,Male,1989-11-11,35,Technician,Durg,Durg,PHONE-0212,BANK-0212
PERSON-0213,Vijay Joshi,Male,1972-09-27,52,Real Estate Agent,Surat,Surat,PHONE-0213,BANK-0213
PERSON-0214,Sumit Ansari,Male,1961-10-20,63,Broker,Durg,Durg,PHONE-0214,BANK-0214
PERSON-0215,Pushpa Kaur,Female,1978-05-18,46,Trader,Howrah,Howrah,PHONE-0215,BANK-0215
PERSON-0216,Jitendra Bhattacharya,Male,1970-08-16,54,Accountant,Surat,Surat,PHONE-0216,BANK-0216
PERSON-0217,Rakesh Sarkar,Male,1997-02-06,27,Tailor,Surat,Surat,PHONE-0217,BANK-0217
PERSON-0218,Rahul Banerjee,Male,1959-07-27,65,Contractor,Bilaspur,Bilaspur,PHONE-0218,BANK-0218
PERSON-0219,Abhishek Gupta,Male,2001-08-23,23,Technician,Siliguri,Darjeeling,PHONE-0219,BANK-0219
PERSON-0220,Rahul Verma,Male,1986-09-03,38,Mason,Raipur,Raipur,PHONE-0220,BANK-0220
PERSON-0221,Usha Khan,Female,1974-11-13,50,Delivery Agent,Delhi,Central Delhi,PHONE-0221,BANK-0221
PERSON-0222,Sachin Patel,Male,2002-11-24,22,Transporter,Chennai,Chennai,PHONE-0222,BANK-0222
PERSON-0223,Satish Sharma,Male,1980-09-04,44,Trader,Kolkata,Kolkata,PHONE-0223,BANK-0223
PERSON-0224,Asha Garg,Female,1984-08-13,40,Sales Representative,Kolkata,Kolkata,PHONE-0224,BANK-0224
PERSON-0225,Sunita Siddiqui,Female,1968-04-05,56,Sales Representative,Raipur,Raipur,PHONE-0225,BANK-0225
PERSON-0226,Sarita Pandey,Female,1959-12-21,65,Supervisor,Mumbai,Mumbai Suburban,PHONE-0226,BANK-0226
PERSON-0227,Pooja Goyal,Female,1993-02-02,31,Clerk,Chennai,Chennai,PHONE-0227,BANK-0227
PERSON-0228,Rohit Bansal,Male,1997-05-07,27,Supervisor,Chennai,Chennai,PHONE-0228,BANK-0228
PERSON-0229,Dharmendra Pandey,Male,1991-04-20,33,Security Guard,Raipur,Raipur,PHONE-0229,BANK-0229
PERSON-0230,Sunil Mittal,Male,1967-08-21,57,Tailor,Kolkata,Kolkata,PHONE-0230,BANK-0230
PERSON-0231,Rahul Bose,Male,1990-12-19,34,Plumber,Howrah,Howrah,PHONE-0231,BANK-0231
PERSON-0232,Lata Das,Female,1996-05-20,28,Driver,Durg,Durg,PHONE-0232,BANK-0232
PERSON-0233,Pushpa Qureshi,Female,1981-10-22,43,Trader,Delhi,East Delhi,PHONE-0233,BANK-0233
PERSON-0234,Sanjay Mittal,Male,1979-06-14,45,Shopkeeper,Lucknow,Lucknow,PHONE-0234,BANK-0234
PERSON-0235,Dinesh Chatterjee,Male,1985-06-05,39,Consultant,Delhi,South Delhi,PHONE-0235,BANK-0235
PERSON-0236,Radha Hussain,Female,1980-05-16,44,Tailor,Delhi,East Delhi,PHONE-0236,BANK-0236
PERSON-0237,Devendra Kumar,Male,1994-09-07,30,Security Guard,Mumbai,Mumbai City,PHONE-0237,BANK-0237
PERSON-0238,Rekha Gupta,Female,1970-11-01,54,Mason,Kolkata,Kolkata,PHONE-0238,BANK-0238
PERSON-0239,Satish Banerjee,Male,1967-05-18,57,Tailor,Kolkata,Kolkata,PHONE-0239,BANK-0239
PERSON-0240,Sanjay Bhattacharya,Male,1988-10-24,36,Trader,Delhi,Central Delhi,PHONE-0240,BANK-0240
PERSON-0241,Dharmendra Jain,Male,1977-06-17,47,Clerk,Kolkata,Kolkata,PHONE-0241,BANK-0241
PERSON-0242,Hemant Mishra,Male,1994-08-06,30,Shopkeeper,Surat,Surat,PHONE-0242,BANK-0242
PERSON-0243,Nitin Pandey,Male,1980-01-08,44,Plumber,Ahmedabad,Ahmedabad,PHONE-0243,BANK-0243
PERSON-0244,Gaurav Bhattacharya,Male,2000-11-07,24,Carpenter,Durg,Durg,PHONE-0244,BANK-0244
PERSON-0245,Vandana Kaur,Female,1973-01-02,51,Real Estate Agent,Ahmedabad,Ahmedabad,PHONE-0245,BANK-0245
PERSON-0246,Jitendra Ghosh,Male,1965-09-19,59,Shopkeeper,Mumbai,Mumbai City,PHONE-0246,BANK-0246
PERSON-0247,Sachin Bhattacharya,Male,1961-02-17,63,Security Guard,Lucknow,Lucknow,PHONE-0247,BANK-0247
PERSON-0248,Ajay Agarwal,Male,1980-06-16,44,Plumber,Delhi,Central Delhi,PHONE-0248,BANK-0248
PERSON-0249,Pooja Jain,Female,1974-03-08,50,Driver,Siliguri,Darjeeling,PHONE-0249,BANK-0249
PERSON-0250,Pankaj Banerjee,Male,1991-03-12,33,Transporter,Siliguri,Darjeeling,PHONE-0250,BANK-0250
PERSON-0251,Shobha Chatterjee,Female,1981-12-04,43,Plumber,Delhi,South Delhi,PHONE-0251,BANK-0251
PERSON-0252,Pawan Banerjee,Male,1992-11-27,32,Delivery Agent,Lucknow,Lucknow,PHONE-0252,BANK-0252
PERSON-0253,Rajesh Das,Male,1965-03-05,59,Real Estate Agent,Lucknow,Lucknow,PHONE-0253,BANK-0253
PERSON-0254,Nitin Pandey,Male,1992-05-06,32,Carpenter,Kolkata,Kolkata,PHONE-0254,BANK-0254
PERSON-0255,Sunita Roy,Female,1989-08-20,35,Plumber,Kolkata,Kolkata,PHONE-0255,BANK-0255
PERSON-0256,Manju Chatterjee,Female,1964-03-26,60,Mason,Delhi,South Delhi,PHONE-0256,BANK-0256
PERSON-0257,Poonam Joshi,Female,1986-03-24,38,Consultant,Surat,Surat,PHONE-0257,BANK-0257
PERSON-0258,Santosh Garg,Male,1998-04-13,26,Sales Representative,Lucknow,Lucknow,PHONE-0258,BANK-0258
PERSON-0259,Vikram Shukla,Male,1970-11-14,54,Electrician,Surat,Surat,PHONE-0259,BANK-0259
PERSON-0260,Sunil Siddiqui,Male,1964-01-26,60,Tailor,Varanasi,Varanasi,PHONE-0260,BANK-0260
PERSON-0261,Deepak Kumar,Male,1960-03-20,64,Tailor,Ahmedabad,Ahmedabad,PHONE-0261,BANK-0261
PERSON-0262,Reena Agarwal,Female,1979-01-23,45,Carpenter,Delhi,South Delhi,PHONE-0262,BANK-0262
PERSON-0263,Pawan Kaur,Male,1965-12-25,59,Mason,Nagpur,Nagpur,PHONE-0263,BANK-0263
PERSON-0264,Manoj Bose,Male,1988-02-10,36,Transporter,Ahmedabad,Ahmedabad,PHONE-0264,BANK-0264
PERSON-0265,Kamla Bose,Female,2002-12-24,22,Clerk,Bilaspur,Bilaspur,PHONE-0265,BANK-0265
PERSON-0266,Deepak Agarwal,Male,1978-11-07,46,Technician,Kolkata,Kolkata,PHONE-0266,BANK-0266
PERSON-0267,Ramesh Pandey,Male,1961-10-09,63,Security Guard,Delhi,South Delhi,PHONE-0267,BANK-0267
PERSON-0268,Reena Mittal,Female,1963-05-22,61,Sales Representative,Nagpur,Nagpur,PHONE-0268,BANK-0268
PERSON-0269,Kamla Goyal,Female,1972-03-12,52,Tailor,Chennai,Chennai,PHONE-0269,BANK-0269
PERSON-0270,Gaurav Dutta,Male,1980-12-13,44,Electrician,Lucknow,Lucknow,PHONE-0270,BANK-0270
PERSON-0271,Shobha Chatterjee,Female,1992-02-07,32,Carpenter,Delhi,East Delhi,PHONE-0271,BANK-0271
PERSON-0272,Kunal Goyal,Male,1959-12-02,65,Shopkeeper,Varanasi,Varanasi,PHONE-0272,BANK-0272
PERSON-0273,Arjun Kumar,Male,1972-10-14,52,Driver,Siliguri,Darjeeling,PHONE-0273,BANK-0273
PERSON-0274,Ajay Bhattacharya,Male,1964-01-24,60,Sales Representative,Kolkata,Kolkata,PHONE-0274,BANK-0274
PERSON-0275,Sushma Joshi,Female,1984-12-20,40,Accountant,Surat,Surat,PHONE-0275,BANK-0275
PERSON-0276,Poonam Qureshi,Female,2002-04-28,22,Consultant,Delhi,East Delhi,PHONE-0276,BANK-0276
PERSON-0277,Sarita Shukla,Female,1964-09-17,60,Broker,Kolkata,Kolkata,PHONE-0277,BANK-0277
PERSON-0278,Rajesh Bhattacharya,Male,1961-01-06,63,Driver,Durg,Durg,PHONE-0278,BANK-0278
PERSON-0279,Sushma Chakraborty,Female,1977-10-07,47,Carpenter,Delhi,Central Delhi,PHONE-0279,BANK-0279
PERSON-0280,Rahul Kumar,Male,1984-12-27,40,Tailor,Chennai,Chennai,PHONE-0280,BANK-0280
PERSON-0281,Lata Chakraborty,Female,1988-10-07,36,Warehouse Assistant,Mumbai,Mumbai City,PHONE-0281,BANK-0281
PERSON-0282,Pooja Bose,Female,1976-09-04,48,Tailor,Raipur,Raipur,PHONE-0282,BANK-0282
PERSON-0283,Pradeep Sen,Male,1970-05-18,54,Mason,Howrah,Howrah,PHONE-0283,BANK-0283
PERSON-0284,Vivek Kaur,Male,1972-04-25,52,Technician,Lucknow,Lucknow,PHONE-0284,BANK-0284
PERSON-0285,Archana Hussain,Female,2001-08-04,23,Security Guard,Lucknow,Lucknow,PHONE-0285,BANK-0285
PERSON-0286,Ajay Chatterjee,Male,1976-06-17,48,Tailor,Pune,Pune,PHONE-0286,BANK-0286
PERSON-0287,Gaurav Mukherjee,Male,1997-07-22,27,Technician,Mumbai,Mumbai Suburban,PHONE-0287,BANK-0287
PERSON-0288,Sunil Siddiqui,Male,1980-04-19,44,Security Guard,Pune,Pune,PHONE-0288,BANK-0288
PERSON-0289,Rakesh Qureshi,Male,1987-12-08,37,Security Guard,Bilaspur,Bilaspur,PHONE-0289,BANK-0289
PERSON-0290,Rakesh Mukherjee,Male,1980-03-25,44,Contractor,Varanasi,Varanasi,PHONE-0290,BANK-0290
PERSON-0291,Suresh Qureshi,Male,2002-09-02,22,Plumber,Varanasi,Varanasi,PHONE-0291,BANK-0291
PERSON-0292,Ashok Qureshi,Male,1985-08-06,39,Carpenter,Lucknow,Lucknow,PHONE-0292,BANK-0292
PERSON-0293,Ajay Mittal,Male,1999-09-26,25,Delivery Agent,Siliguri,Darjeeling,PHONE-0293,BANK-0293
PERSON-0294,Harish Sharma,Male,1980-07-28,44,Consultant,Surat,Surat,PHONE-0294,BANK-0294
PERSON-0295,Archana Patel,Female,1973-06-23,51,Clerk,Surat,Surat,PHONE-0295,BANK-0295
PERSON-0296,Vijay Kaur,Male,1996-06-12,28,Transporter,Lucknow,Lucknow,PHONE-0296,BANK-0296
PERSON-0297,Poonam Goyal,Female,1987-05-16,37,Transporter,Mumbai,Mumbai City,PHONE-0297,BANK-0297
PERSON-0298,Sunil Qureshi,Male,1989-07-23,35,Supervisor,Delhi,South Delhi,PHONE-0298,BANK-0298
PERSON-0299,Rohit Ghosh,Male,1991-10-05,33,Mason,Delhi,East Delhi,PHONE-0299,BANK-0299
PERSON-0300,Ramesh Ghosh,Male,1967-07-28,57,Sales Representative,Durg,Durg,PHONE-0300,BANK-0300
PERSON-0301,Sanjay Siddiqui,Male,1991-07-16,33,Electrician,Kolkata,Kolkata,PHONE-0301,BANK-0301
PERSON-0302,Pushpa Qureshi,Female,1986-09-28,38,Mason,Mumbai,Mumbai Suburban,PHONE-0302,BANK-0302
PERSON-0303,Ramesh Mishra,Male,1989-05-16,35,Real Estate Agent,Kolkata,Kolkata,PHONE-0303,BANK-0303
PERSON-0304,Kunal Bose,Male,1979-09-18,45,Security Guard,Nagpur,Nagpur,PHONE-0304,BANK-0304
PERSON-0305,Manish Patel,Male,1959-10-07,65,Mason,Nagpur,Nagpur,PHONE-0305,BANK-0305
PERSON-0306,Harish Tiwari,Male,1980-06-22,44,Carpenter,Mumbai,Mumbai Suburban,PHONE-0306,BANK-0306
PERSON-0307,Vivek Kumar,Male,1963-05-15,61,Real Estate Agent,Delhi,Central Delhi,PHONE-0307,BANK-0307
PERSON-0308,Manju Sen,Female,1962-10-19,62,Sales Representative,Delhi,South Delhi,PHONE-0308,BANK-0308
PERSON-0309,Rekha Kumar,Female,1981-04-11,43,Technician,Raipur,Raipur,PHONE-0309,BANK-0309
PERSON-0310,Pankaj Garg,Male,1985-08-25,39,Supervisor,Delhi,Central Delhi,PHONE-0310,BANK-0310
PERSON-0311,Jyoti Khan,Female,1991-01-05,33,Broker,Raipur,Raipur,PHONE-0311,BANK-0311
PERSON-0312,Suresh Banerjee,Male,1977-02-04,47,Driver,Raipur,Raipur,PHONE-0312,BANK-0312
PERSON-0313,Radha Goyal,Female,2001-07-17,23,Driver,Kolkata,Kolkata,PHONE-0313,BANK-0313
PERSON-0314,Hemant Pandey,Male,1961-07-10,63,Broker,Kolkata,Kolkata,PHONE-0314,BANK-0314
PERSON-0315,Pradeep Ansari,Male,1994-09-27,30,Shopkeeper,Siliguri,Darjeeling,PHONE-0315,BANK-0315
PERSON-0316,Sumit Sarkar,Male,1973-09-09,51,Tailor,Ahmedabad,Ahmedabad,PHONE-0316,BANK-0316
PERSON-0317,Harish Tiwari,Male,1964-08-21,60,Real Estate Agent,Lucknow,Lucknow,PHONE-0317,BANK-0317
PERSON-0318,Reena Agarwal,Female,1983-06-16,41,Tailor,Chennai,Chennai,PHONE-0318,BANK-0318
PERSON-0319,Suresh Ansari,Male,1979-07-09,45,Electrician,Mumbai,Mumbai Suburban,PHONE-0319,BANK-0319
PERSON-0320,Arjun Agarwal,Male,1980-05-16,44,Tailor,Siliguri,Darjeeling,PHONE-0320,BANK-0320
PERSON-0321,Mukesh Siddiqui,Male,2002-07-26,22,Trader,Mumbai,Mumbai Suburban,PHONE-0321,BANK-0321
PERSON-0322,Arjun Goyal,Male,1990-07-18,34,Delivery Agent,Nagpur,Nagpur,PHONE-0322,BANK-0322
PERSON-0323,Anil Kaur,Male,1988-05-03,36,Delivery Agent,Delhi,Central Delhi,PHONE-0323,BANK-0323
PERSON-0324,Jitendra Joshi,Male,1984-11-24,40,Tailor,Mumbai,Mumbai City,PHONE-0324,BANK-0324
PERSON-0325,Kamla Shukla,Female,1991-03-10,33,Contractor,Kolkata,Kolkata,PHONE-0325,BANK-0325
PERSON-0326,Hemant Ansari,Male,1963-08-07,61,Technician,Mumbai,Mumbai City,PHONE-0326,BANK-0326
PERSON-0327,Amit Bansal,Male,1991-02-10,33,Security Guard,Kolkata,Kolkata,PHONE-0327,BANK-0327
PERSON-0328,Vivek Mehta,Male,1997-03-01,27,Plumber,Durg,Durg,PHONE-0328,BANK-0328
PERSON-0329,Manish Dutta,Male,1979-08-23,45,Accountant,Ahmedabad,Ahmedabad,PHONE-0329,BANK-0329
PERSON-0330,Sanjay Verma,Male,1977-02-18,47,Plumber,Mumbai,Mumbai City,PHONE-0330,BANK-0330
PERSON-0331,Gaurav Kaur,Male,1995-12-08,29,Sales Representative,Kolkata,Kolkata,PHONE-0331,BANK-0331
PERSON-0332,Jyoti Mukherjee,Female,1990-08-24,34,Contractor,Kolkata,Kolkata,PHONE-0332,BANK-0332
PERSON-0333,Vijay Siddiqui,Male,1959-05-11,65,Shopkeeper,Delhi,Central Delhi,PHONE-0333,BANK-0333
PERSON-0334,Rajesh Goyal,Male,1995-05-16,29,Real Estate Agent,Surat,Surat,PHONE-0334,BANK-0334
PERSON-0335,Naveen Verma,Male,1995-04-21,29,Delivery Agent,Bilaspur,Bilaspur,PHONE-0335,BANK-0335
PERSON-0336,Anil Ghosh,Male,1995-07-26,29,Broker,Lucknow,Lucknow,PHONE-0336,BANK-0336
PERSON-0337,Rajesh Singhal,Male,1964-03-12,60,Driver,Ahmedabad,Ahmedabad,PHONE-0337,BANK-0337
PERSON-0338,Mukesh Kumar,Male,1981-11-02,43,Accountant,Varanasi,Varanasi,PHONE-0338,BANK-0338
PERSON-0339,Sanjay Bansal,Male,1994-08-08,30,Technician,Howrah,Howrah,PHONE-0339,BANK-0339
PERSON-0340,Lata Ansari,Female,2001-12-13,23,Supervisor,Bilaspur,Bilaspur,PHONE-0340,BANK-0340
PERSON-0341,Usha Sharma,Female,1974-09-10,50,Tailor,Ahmedabad,Ahmedabad,PHONE-0341,BANK-0341
PERSON-0342,Rakesh Mittal,Male,1968-06-11,56,Warehouse Assistant,Raipur,Raipur,PHONE-0342,BANK-0342
PERSON-0343,Devendra Goyal,Male,1998-09-05,26,Warehouse Assistant,Raipur,Raipur,PHONE-0343,BANK-0343
PERSON-0344,Gaurav Bansal,Male,1973-01-25,51,Real Estate Agent,Nagpur,Nagpur,PHONE-0344,BANK-0344
PERSON-0345,Sunil Singh,Male,1979-10-08,45,Technician,Varanasi,Varanasi,PHONE-0345,BANK-0345
PERSON-0346,Babita Shukla,Female,1959-08-25,65,Tailor,Surat,Surat,PHONE-0346,BANK-0346
PERSON-0347,Pradeep Sarkar,Male,1961-06-04,63,Contractor,Delhi,South Delhi,PHONE-0347,BANK-0347
PERSON-0348,Rahul Sharma,Male,1991-01-07,33,Contractor,Siliguri,Darjeeling,PHONE-0348,BANK-0348
PERSON-0349,Ramesh Sharma,Male,1961-07-22,63,Plumber,Lucknow,Lucknow,PHONE-0349,BANK-0349
PERSON-0350,Satish Bose,Male,1979-04-20,45,Driver,Kolkata,Kolkata,PHONE-0350,BANK-0350
PERSON-0351,Vijay Qureshi,Male,1973-11-02,51,Supervisor,Kolkata,Kolkata,PHONE-0351,BANK-0351
PERSON-0352,Manish Bhattacharya,Male,1963-05-17,61,Accountant,Kolkata,Kolkata,PHONE-0352,BANK-0352
PERSON-0353,Asha Gupta,Female,1969-02-04,55,Broker,Bilaspur,Bilaspur,PHONE-0353,BANK-0353
PERSON-0354,Rakesh Shukla,Male,1960-04-19,64,Real Estate Agent,Surat,Surat,PHONE-0354,BANK-0354
PERSON-0355,Kamla Yadav,Female,1980-11-15,44,Consultant,Lucknow,Lucknow,PHONE-0355,BANK-0355
PERSON-0356,Ramesh Mishra,Male,1967-07-17,57,Technician,Raipur,Raipur,PHONE-0356,BANK-0356
PERSON-0357,Harish Garg,Male,1980-06-18,44,Technician,Delhi,East Delhi,PHONE-0357,BANK-0357
PERSON-0358,Kamla Ahmed,Female,1964-04-19,60,Tailor,Pune,Pune,PHONE-0358,BANK-0358
PERSON-0359,Subhash Bose,Male,1974-08-13,50,Clerk,Nagpur,Nagpur,PHONE-0359,BANK-0359
PERSON-0360,Sarita Garg,Female,1969-03-10,55,Clerk,Kolkata,Kolkata,PHONE-0360,BANK-0360
PERSON-0361,Ajay Banerjee,Male,2001-12-27,23,Security Guard,Pune,Pune,PHONE-0361,BANK-0361
PERSON-0362,Mamta Yadav,Female,1973-06-05,51,Electrician,Kolkata,Kolkata,PHONE-0362,BANK-0362
PERSON-0363,Satish Mukherjee,Male,1986-05-03,38,Mason,Durg,Durg,PHONE-0363,BANK-0363
PERSON-0364,Vijay Gupta,Male,1972-03-16,52,Mason,Pune,Pune,PHONE-0364,BANK-0364
PERSON-0365,Meena Garg,Female,2000-12-26,24,Mason,Mumbai,Mumbai Suburban,PHONE-0365,BANK-0365
PERSON-0366,Amit Sen,Male,1975-07-28,49,Contractor,Nagpur,Nagpur,PHONE-0366,BANK-0366
PERSON-0367,Neetu Garg,Female,1962-11-13,62,Accountant,Kolkata,Kolkata,PHONE-0367,BANK-0367
PERSON-0368,Rajesh Sarkar,Male,1966-03-11,58,Carpenter,Chennai,Chennai,PHONE-0368,BANK-0368
PERSON-0369,Sanjay Verma,Male,1974-10-19,50,Carpenter,Delhi,Central Delhi,PHONE-0369,BANK-0369
PERSON-0370,Abhishek Roy,Male,1993-03-11,31,Driver,Delhi,Central Delhi,PHONE-0370,BANK-0370
PERSON-0371,Amit Goyal,Male,1986-02-13,38,Carpenter,Delhi,Central Delhi,PHONE-0371,BANK-0371
PERSON-0372,Manoj Das,Male,1967-04-16,57,Sales Representative,Ahmedabad,Ahmedabad,PHONE-0372,BANK-0372
PERSON-0373,Rakesh Goyal,Male,1969-04-08,55,Driver,Varanasi,Varanasi,PHONE-0373,BANK-0373
PERSON-0374,Abhishek Sarkar,Male,1997-02-22,27,Delivery Agent,Lucknow,Lucknow,PHONE-0374,BANK-0374
PERSON-0375,Sumit Shukla,Male,1980-10-21,44,Clerk,Pune,Pune,PHONE-0375,BANK-0375
PERSON-0376,Manju Chakraborty,Female,1974-10-05,50,Warehouse Assistant,Varanasi,Varanasi,PHONE-0376,BANK-0376
PERSON-0377,Ajay Shukla,Male,1993-12-28,31,Driver,Nagpur,Nagpur,PHONE-0377,BANK-0377
PERSON-0378,Amit Mukherjee,Male,1993-05-01,31,Technician,Varanasi,Varanasi,PHONE-0378,BANK-0378
PERSON-0379,Deepak Dutta,Male,1972-01-11,52,Mechanic,Delhi,East Delhi,PHONE-0379,BANK-0379
PERSON-0380,Seema Banerjee,Female,1969-05-18,55,Plumber,Chennai,Chennai,PHONE-0380,BANK-0380
PERSON-0381,Sanjay Singh,Male,1965-11-17,59,Accountant,Delhi,Central Delhi,PHONE-0381,BANK-0381
PERSON-0382,Amit Roy,Male,1963-05-02,61,Warehouse Assistant,Bilaspur,Bilaspur,PHONE-0382,BANK-0382
PERSON-0383,Arjun Gupta,Male,1960-05-22,64,Consultant,Delhi,Central Delhi,PHONE-0383,BANK-0383
PERSON-0384,Ramesh Singh,Male,1961-07-08,63,Sales Representative,Mumbai,Mumbai Suburban,PHONE-0384,BANK-0384
PERSON-0385,Ramesh Sarkar,Male,1964-09-03,60,Shopkeeper,Ahmedabad,Ahmedabad,PHONE-0385,BANK-0385
PERSON-0386,Santosh Goyal,Male,2000-04-17,24,Trader,Kolkata,Kolkata,PHONE-0386,BANK-0386
PERSON-0387,Rohit Mishra,Male,1980-11-12,44,Supervisor,Kolkata,Kolkata,PHONE-0387,BANK-0387
PERSON-0388,Dinesh Jain,Male,1999-11-09,25,Sales Representative,Mumbai,Mumbai City,PHONE-0388,BANK-0388
PERSON-0389,Sunita Goyal,Female,1988-03-11,36,Sales Representative,Mumbai,Mumbai City,PHONE-0389,BANK-0389
PERSON-0390,Suresh Kaur,Male,1959-10-28,65,Real Estate Agent,Surat,Surat,PHONE-0390,BANK-0390
PERSON-0391,Manish Mukherjee,Male,1993-07-10,31,Transporter,Lucknow,Lucknow,PHONE-0391,BANK-0391
PERSON-0392,Harish Das,Male,1961-03-19,63,Tailor,Bilaspur,Bilaspur,PHONE-0392,BANK-0392
PERSON-0393,Rakesh Das,Male,1969-03-14,55,Electrician,Mumbai,Mumbai Suburban,PHONE-0393,BANK-0393
PERSON-0394,Nitin Mishra,Male,1998-09-18,26,Contractor,Pune,Pune,PHONE-0394,BANK-0394
PERSON-0395,Sanjay Singh,Male,1976-07-10,48,Warehouse Assistant,Pune,Pune,PHONE-0395,BANK-0395
PERSON-0396,Shashi Pandey,Female,1996-03-06,28,Clerk,Bilaspur,Bilaspur,PHONE-0396,BANK-0396
PERSON-0397,Shashi Garg,Female,1963-04-20,61,Broker,Lucknow,Lucknow,PHONE-0397,BANK-0397
PERSON-0398,Vikram Chakraborty,Male,1972-03-17,52,Transporter,Kolkata,Kolkata,PHONE-0398,BANK-0398
PERSON-0399,Naveen Tiwari,Male,1971-08-05,53,Shopkeeper,Delhi,Central Delhi,PHONE-0399,BANK-0399
PERSON-0400,Rajesh Khan,Male,1985-07-08,39,Consultant,Kolkata,Kolkata,PHONE-0400,BANK-0400
PERSON-0401,Seema Gupta,Female,1974-10-16,50,Technician,Raipur,Raipur,PHONE-0401,BANK-0401
PERSON-0402,Kiran Ahmed,Female,2000-10-24,24,Sales Representative,Delhi,Central Delhi,PHONE-0402,BANK-0402
PERSON-0403,Sushma Joshi,Female,1964-09-17,60,Real Estate Agent,Lucknow,Lucknow,PHONE-0403,BANK-0403
PERSON-0404,Anita Agarwal,Female,1974-08-27,50,Accountant,Howrah,Howrah,PHONE-0404,BANK-0404
PERSON-0405,Kiran Agarwal,Female,1977-12-02,47,Tailor,Chennai,Chennai,PHONE-0405,BANK-0405
PERSON-0406,Amit Shukla,Male,1974-07-10,50,Trader,Mumbai,Mumbai Suburban,PHONE-0406,BANK-0406
PERSON-0407,Abhishek Roy,Male,1999-12-17,25,Electrician,Varanasi,Varanasi,PHONE-0407,BANK-0407
PERSON-0408,Vivek Kumar,Male,1995-03-25,29,Mason,Surat,Surat,PHONE-0408,BANK-0408
PERSON-0409,Kavita Ali,Female,1982-08-01,42,Shopkeeper,Delhi,South Delhi,PHONE-0409,BANK-0409
PERSON-0410,Rakesh Hussain,Male,1986-06-23,38,Real Estate Agent,Kolkata,Kolkata,PHONE-0410,BANK-0410
PERSON-0411,Manju Patel,Female,1995-12-15,29,Real Estate Agent,Kolkata,Kolkata,PHONE-0411,BANK-0411
PERSON-0412,Jitendra Kaur,Male,1963-03-13,61,Tailor,Surat,Surat,PHONE-0412,BANK-0412
PERSON-0413,Anil Sen,Male,1960-03-06,64,Electrician,Lucknow,Lucknow,PHONE-0413,BANK-0413
PERSON-0414,Amit Khan,Male,1983-12-25,41,Warehouse Assistant,Mumbai,Mumbai Suburban,PHONE-0414,BANK-0414
PERSON-0415,Sunil Patel,Male,1990-01-20,34,Security Guard,Siliguri,Darjeeling,PHONE-0415,BANK-0415
PERSON-0416,Mukesh Qureshi,Male,2002-10-16,22,Broker,Chennai,Chennai,PHONE-0416,BANK-0416
PERSON-0417,Pawan Hussain,Male,1974-02-20,50,Transporter,Delhi,South Delhi,PHONE-0417,BANK-0417
PERSON-0418,Subhash Ghosh,Male,1962-09-27,62,Mechanic,Varanasi,Varanasi,PHONE-0418,BANK-0418
PERSON-0419,Sanjay Verma,Male,2000-03-28,24,Accountant,Nagpur,Nagpur,PHONE-0419,BANK-0419
PERSON-0420,Devendra Dutta,Male,1997-01-04,27,Delivery Agent,Pune,Pune,PHONE-0420,BANK-0420
PERSON-0421,Manju Roy,Female,1960-12-23,64,Transporter,Varanasi,Varanasi,PHONE-0421,BANK-0421
PERSON-0422,Subhash Tiwari,Male,1965-06-02,59,Driver,Delhi,East Delhi,PHONE-0422,BANK-0422
PERSON-0423,Pushpa Bhattacharya,Female,1998-07-27,26,Tailor,Delhi,Central Delhi,PHONE-0423,BANK-0423
PERSON-0424,Pawan Das,Male,1985-06-17,39,Delivery Agent,Howrah,Howrah,PHONE-0424,BANK-0424
PERSON-0425,Vijay Joshi,Male,1996-10-24,28,Real Estate Agent,Kolkata,Kolkata,PHONE-0425,BANK-0425
PERSON-0426,Suresh Siddiqui,Male,1984-07-20,40,Technician,Varanasi,Varanasi,PHONE-0426,BANK-0426
PERSON-0427,Nitin Joshi,Male,1994-10-19,30,Plumber,Nagpur,Nagpur,PHONE-0427,BANK-0427
PERSON-0428,Mukesh Qureshi,Male,1963-04-23,61,Trader,Raipur,Raipur,PHONE-0428,BANK-0428
PERSON-0429,Pooja Patel,Female,1973-11-26,51,Contractor,Kolkata,Kolkata,PHONE-0429,BANK-0429
PERSON-0430,Seema Joshi,Female,1976-01-11,48,Supervisor,Delhi,South Delhi,PHONE-0430,BANK-0430
PERSON-0431,Vijay Mehta,Male,1984-05-26,40,Driver,Bilaspur,Bilaspur,PHONE-0431,BANK-0431
PERSON-0432,Dharmendra Goyal,Male,2002-02-22,22,Technician,Pune,Pune,PHONE-0432,BANK-0432
PERSON-0433,Nitin Joshi,Male,1991-04-11,33,Technician,Kolkata,Kolkata,PHONE-0433,BANK-0433
PERSON-0434,Radha Siddiqui,Female,1961-03-16,63,Electrician,Kolkata,Kolkata,PHONE-0434,BANK-0434
PERSON-0435,Harish Sen,Male,1976-12-02,48,Carpenter,Delhi,East Delhi,PHONE-0435,BANK-0435
PERSON-0436,Ashok Goyal,Male,2001-04-19,23,Consultant,Chennai,Chennai,PHONE-0436,BANK-0436
PERSON-0437,Sumit Gupta,Male,1985-01-11,39,Sales Representative,Siliguri,Darjeeling,PHONE-0437,BANK-0437
PERSON-0438,Anil Mittal,Male,1978-03-20,46,Contractor,Varanasi,Varanasi,PHONE-0438,BANK-0438
PERSON-0439,Asha Sarkar,Female,1985-07-03,39,Plumber,Kolkata,Kolkata,PHONE-0439,BANK-0439
PERSON-0440,Vandana Ansari,Female,1989-09-10,35,Shopkeeper,Mumbai,Mumbai Suburban,PHONE-0440,BANK-0440
PERSON-0441,Rajesh Shukla,Male,1974-09-01,50,Plumber,Kolkata,Kolkata,PHONE-0441,BANK-0441
PERSON-0442,Mamta Shukla,Female,1972-12-28,52,Carpenter,Pune,Pune,PHONE-0442,BANK-0442
PERSON-0443,Ashok Pandey,Male,1969-11-05,55,Mechanic,Howrah,Howrah,PHONE-0443,BANK-0443
PERSON-0444,Archana Kaur,Female,1995-01-10,29,Accountant,Surat,Surat,PHONE-0444,BANK-0444
PERSON-0445,Devendra Kumar,Male,1973-01-04,51,Carpenter,Pune,Pune,PHONE-0445,BANK-0445
PERSON-0446,Asha Singh,Female,1983-11-07,41,Technician,Lucknow,Lucknow,PHONE-0446,BANK-0446
PERSON-0447,Pradeep Ghosh,Male,1982-08-22,42,Contractor,Chennai,Chennai,PHONE-0447,BANK-0447
PERSON-0448,Anil Ghosh,Male,2002-10-18,22,Carpenter,Howrah,Howrah,PHONE-0448,BANK-0448
PERSON-0449,Harish Chakraborty,Male,1982-05-05,42,Trader,Chennai,Chennai,PHONE-0449,BANK-0449
PERSON-0450,Anil Gupta,Male,1963-06-18,61,Warehouse Assistant,Mumbai,Mumbai Suburban,PHONE-0450,BANK-0450
PERSON-0451,Vikram Siddiqui,Male,1996-07-02,28,Driver,Kolkata,Kolkata,PHONE-0451,BANK-0001
PERSON-0452,Sunil Garg,Male,1962-12-23,62,Warehouse Assistant,Lucknow,Lucknow,PHONE-0452,BANK-0002
PERSON-0453,Alok Sen,Male,1960-09-03,64,Warehouse Assistant,Bilaspur,Bilaspur,PHONE-0453,BANK-0003
PERSON-0454,Suresh Hussain,Male,1973-05-22,51,Real Estate Agent,Howrah,Howrah,PHONE-0454,BANK-0004
PERSON-0455,Archana Siddiqui,Female,1988-03-28,36,Transporter,Durg,Durg,PHONE-0455,BANK-0005
PERSON-0456,Naveen Ali,Male,1960-06-26,64,Technician,Raipur,Raipur,PHONE-0456,BANK-0006
PERSON-0457,Vikram Gupta,Male,1995-06-16,29,Warehouse Assistant,Ahmedabad,Ahmedabad,PHONE-0457,BANK-0007
PERSON-0458,Sarita Chakraborty,Female,1966-03-17,58,Contractor,Varanasi,Varanasi,PHONE-0458,BANK-0008
PERSON-0459,Ramesh Sarkar,Male,1961-02-26,63,Trader,Chennai,Chennai,PHONE-0459,BANK-0009
PERSON-0460,Rohit Singhal,Male,1987-10-08,37,Tailor,Delhi,South Delhi,PHONE-0460,BANK-0010
PERSON-0461,Pawan Kaur,Male,1981-04-27,43,Mason,Kolkata,Kolkata,PHONE-0461,BANK-0011
PERSON-0462,Abhishek Mittal,Male,1968-12-08,56,Shopkeeper,Pune,Pune,PHONE-0462,BANK-0012
PERSON-0463,Rahul Mittal,Male,1995-10-20,29,Warehouse Assistant,Ahmedabad,Ahmedabad,PHONE-0463,BANK-0013
PERSON-0464,Ramesh Ansari,Male,1983-07-03,41,Transporter,Raipur,Raipur,PHONE-0464,BANK-0014
PERSON-0465,Devendra Kaur,Male,1971-11-22,53,Accountant,Pune,Pune,PHONE-0465,BANK-0015
PERSON-0466,Manoj Singhal,Male,1993-11-05,31,Warehouse Assistant,Kolkata,Kolkata,PHONE-0466,BANK-0016
PERSON-0467,Sachin Joshi,Male,1974-04-07,50,Consultant,Lucknow,Lucknow,PHONE-0467,BANK-0017
PERSON-0468,Asha Mittal,Female,1975-12-12,49,Driver,Mumbai,Mumbai Suburban,PHONE-0468,BANK-0018
PERSON-0469,Hemant Jain,Male,1994-05-02,30,Supervisor,Delhi,Central Delhi,PHONE-0469,BANK-0019
PERSON-0470,Geeta Mehta,Female,1980-02-28,44,Trader,Chennai,Chennai,PHONE-0470,BANK-0020
PERSON-0471,Kiran Ahmed,Female,1977-11-11,47,Sales Representative,Lucknow,Lucknow,PHONE-0471,BANK-0021
PERSON-0472,Abhishek Bansal,Male,1960-03-16,64,Electrician,Bilaspur,Bilaspur,PHONE-0472,BANK-0022
PERSON-0473,Sachin Bhattacharya,Male,1993-05-28,31,Consultant,Delhi,South Delhi,PHONE-0473,BANK-0023
PERSON-0474,Arjun Gupta,Male,1993-12-16,31,Consultant,Kolkata,Kolkata,PHONE-0474,BANK-0024
PERSON-0475,Manoj Kumar,Male,1961-07-28,63,Warehouse Assistant,Siliguri,Darjeeling,PHONE-0475,BANK-0025
PERSON-0476,Reena Joshi,Female,1973-09-14,51,Tailor,Raipur,Raipur,PHONE-0476,BANK-0026
PERSON-0477,Babita Chakraborty,Female,1991-07-20,33,Clerk,Durg,Durg,PHONE-0477,BANK-0027
PERSON-0478,Dinesh Jain,Male,1976-09-19,48,Supervisor,Mumbai,Mumbai City,PHONE-0478,BANK-0028
PERSON-0479,Rajesh Mittal,Male,1979-02-19,45,Plumber,Ahmedabad,Ahmedabad,PHONE-0479,BANK-0029
PERSON-0480,Sangeeta Pandey,Female,1985-08-17,39,Driver,Surat,Surat,PHONE-0480,BANK-0030
PERSON-0481,Hemant Kumar,Male,1972-11-24,52,Consultant,Durg,Durg,PHONE-0481,BANK-0031
PERSON-0482,Rekha Bansal,Female,1983-10-02,41,Technician,Lucknow,Lucknow,PHONE-0482,BANK-0032
PERSON-0483,Arjun Siddiqui,Male,1970-08-19,54,Technician,Delhi,East Delhi,PHONE-0483,BANK-0033
PERSON-0484,Pradeep Roy,Male,2000-12-20,24,Trader,Raipur,Raipur,PHONE-0484,BANK-0034
PERSON-0485,Usha Verma,Female,1965-03-19,59,Accountant,Ahmedabad,Ahmedabad,PHONE-0485,BANK-0035
PERSON-0486,Pradeep Joshi,Male,1984-08-03,40,Electrician,Kolkata,Kolkata,PHONE-0486,BANK-0036
PERSON-0487,Pankaj Bose,Male,1963-05-09,61,Security Guard,Siliguri,Darjeeling,PHONE-0487,BANK-0037
PERSON-0488,Deepak Garg,Male,1965-12-05,59,Consultant,Raipur,Raipur,PHONE-0488,BANK-0038
PERSON-0489,Sunil Bose,Male,1971-03-26,53,Carpenter,Durg,Durg,PHONE-0489,BANK-0039
PERSON-0490,Champa Kumar,Female,1964-03-27,60,Plumber,Siliguri,Darjeeling,PHONE-0490,BANK-0040
PERSON-0491,Kamla Kaur,Female,1960-08-24,64,Real Estate Agent,Durg,Durg,PHONE-0491,BANK-0041
PERSON-0492,Nitin Chakraborty,Male,1961-05-25,63,Contractor,Kolkata,Kolkata,PHONE-0492,BANK-0042
PERSON-0493,Santosh Ali,Male,1983-08-24,41,Tailor,Ahmedabad,Ahmedabad,PHONE-0493,BANK-0043
PERSON-0494,Sachin Siddiqui,Male,1993-09-28,31,Delivery Agent,Mumbai,Mumbai City,PHONE-0494,BANK-0044
PERSON-0495,Vivek Kaur,Male,1969-11-02,55,Contractor,Pune,Pune,PHONE-0495,BANK-0045
PERSON-0496,Lata Ahmed,Female,1961-05-11,63,Security Guard,Varanasi,Varanasi,PHONE-0496,BANK-0046
PERSON-0497,Ramesh Bose,Male,1977-08-25,47,Consultant,Lucknow,Lucknow,PHONE-0497,BANK-0047
PERSON-0498,Ritu Agarwal,Female,1959-12-06,65,Technician,Pune,Pune,PHONE-0498,BANK-0048
PERSON-0499,Arjun Gupta,Male,1976-02-17,48,Contractor,Kolkata,Kolkata,PHONE-0499,BANK-0049
PERSON-0500,Sumit Chatterjee,Male,1986-04-02,38,Clerk,Mumbai,Mumbai Suburban,PHONE-0500,BANK-0050
PERSON-0501,Amit Garg,Male,1964-11-04,60,Contractor,Bilaspur,Bilaspur,PHONE-0001,BANK-0051
PERSON-0502,Devendra Das,Male,1960-11-19,64,Shopkeeper,Delhi,Central Delhi,PHONE-0002,BANK-0052
PERSON-0503,Poonam Bose,Female,1973-11-03,51,Real Estate Agent,Mumbai,Mumbai Suburban,PHONE-0003,BANK-0053
PERSON-0504,Pankaj Ahmed,Male,1986-03-25,38,Driver,Pune,Pune,PHONE-0004,BANK-0054
PERSON-0505,Amit Kaur,Male,1981-01-09,43,Security Guard,Delhi,Central Delhi,PHONE-0005,BANK-0055
PERSON-0506,Rahul Qureshi,Male,1963-07-06,61,Real Estate Agent,Bilaspur,Bilaspur,PHONE-0006,BANK-0056
PERSON-0507,Sanjay Bansal,Male,1989-10-21,35,Contractor,Delhi,South Delhi,PHONE-0007,BANK-0057
PERSON-0508,Usha Yadav,Female,1998-02-19,26,Security Guard,Kolkata,Kolkata,PHONE-0008,BANK-0058
PERSON-0509,Sunita Qureshi,Female,1961-11-01,63,Accountant,Siliguri,Darjeeling,PHONE-0009,BANK-0059
PERSON-0510,Pankaj Pandey,Male,1977-10-01,47,Carpenter,Pune,Pune,PHONE-0010,BANK-0060
PERSON-0511,Kusum Siddiqui,Female,1977-12-25,47,Driver,Delhi,South Delhi,PHONE-0011,BANK-0061
PERSON-0512,Arjun Kaur,Male,1995-10-18,29,Supervisor,Ahmedabad,Ahmedabad,PHONE-0012,BANK-0062
PERSON-0513,Alok Ali,Male,1962-11-03,62,Supervisor,Kolkata,Kolkata,PHONE-0013,BANK-0063
PERSON-0514,Kunal Kumar,Male,1984-11-07,40,Shopkeeper,Delhi,East Delhi,PHONE-0014,BANK-0064
PERSON-0515,Sachin Shukla,Male,1978-02-21,46,Supervisor,Mumbai,Mumbai Suburban,PHONE-0015,BANK-0065
PERSON-0516,Vivek Shukla,Male,2000-04-01,24,Mason,Siliguri,Darjeeling,PHONE-0016,BANK-0066
PERSON-0517,Sachin Gupta,Male,1961-05-16,63,Tailor,Chennai,Chennai,PHONE-0017,BANK-0067
PERSON-0518,Jyoti Singh,Female,1981-01-11,43,Accountant,Kolkata,Kolkata,PHONE-0018,BANK-0068
PERSON-0519,Vijay Agarwal,Male,1959-09-05,65,Mason,Delhi,East Delhi,PHONE-0019,BANK-0069
PERSON-0520,Rahul Sharma,Male,1971-11-01,53,Plumber,Siliguri,Darjeeling,PHONE-0020,BANK-0070
PERSON-0521,Anita Mukherjee,Female,2002-03-21,22,Accountant,Siliguri,Darjeeling,PHONE-0021,BANK-0071
PERSON-0522,Meena Hussain,Female,1992-10-03,32,Contractor,Varanasi,Varanasi,PHONE-0022,BANK-0072
PERSON-0523,Devendra Joshi,Male,1998-04-14,26,Technician,Durg,Durg,PHONE-0023,BANK-0073
PERSON-0524,Sushma Sarkar,Female,1959-10-18,65,Electrician,Howrah,Howrah,PHONE-0024,BANK-0074
PERSON-0525,Vijay Sharma,Male,1991-06-03,33,Contractor,Lucknow,Lucknow,PHONE-0025,BANK-0075
PERSON-0526,Manish Mishra,Male,1967-03-15,57,Broker,Nagpur,Nagpur,PHONE-0026,BANK-0076
PERSON-0527,Anita Das,Female,1962-10-13,62,Shopkeeper,Howrah,Howrah,PHONE-0027,BANK-0077
PERSON-0528,Mukesh Kumar,Male,2002-03-03,22,Real Estate Agent,Kolkata,Kolkata,PHONE-0028,BANK-0078
PERSON-0529,Pradeep Khan,Male,1994-04-05,30,Real Estate Agent,Ahmedabad,Ahmedabad,PHONE-0029,BANK-0079
PERSON-0530,Vivek Khan,Male,1991-10-23,33,Accountant,Durg,Durg,PHONE-0030,BANK-0080
PERSON-0531,Mukesh Joshi,Male,1962-05-12,62,Delivery Agent,Kolkata,Kolkata,PHONE-0031,BANK-0081
PERSON-0532,Dinesh Shukla,Male,1969-02-20,55,Supervisor,Howrah,Howrah,PHONE-0032,BANK-0082
PERSON-0533,Neetu Hussain,Female,1985-01-07,39,Contractor,Bilaspur,Bilaspur,PHONE-0033,BANK-0083
PERSON-0534,Radha Qureshi,Female,1992-11-02,32,Accountant,Raipur,Raipur,PHONE-0034,BANK-0084
PERSON-0535,Pradeep Banerjee,Male,1986-06-20,38,Warehouse Assistant,Delhi,South Delhi,PHONE-0035,BANK-0085
PERSON-0536,Amit Bansal,Male,1992-01-16,32,Carpenter,Raipur,Raipur,PHONE-0036,BANK-0086
PERSON-0537,Dinesh Ansari,Male,1965-06-14,59,Mechanic,Lucknow,Lucknow,PHONE-0037,BANK-0087
PERSON-0538,Pushpa Chatterjee,Female,1982-04-04,42,Broker,Howrah,Howrah,PHONE-0038,BANK-0088
PERSON-0539,Ritu Kaur,Female,1998-08-19,26,Plumber,Durg,Durg,PHONE-0039,BANK-0089
PERSON-0540,Abhishek Pandey,Male,1963-08-06,61,Sales Representative,Bilaspur,Bilaspur,PHONE-0040,BANK-0090
PERSON-0541,Santosh Shukla,Male,1985-04-11,39,Electrician,Nagpur,Nagpur,PHONE-0041,BANK-0091
PERSON-0542,Nitin Verma,Male,1994-02-28,30,Warehouse Assistant,Mumbai,Mumbai City,PHONE-0042,BANK-0092
PERSON-0543,Anil Sen,Male,1984-10-06,40,Real Estate Agent,Durg,Durg,PHONE-0043,BANK-0093
PERSON-0544,Manju Mittal,Female,1988-02-14,36,Carpenter,Chennai,Chennai,PHONE-0044,BANK-0094
PERSON-0545,Vijay Singhal,Male,1973-05-01,51,Delivery Agent,Ahmedabad,Ahmedabad,PHONE-0045,BANK-0095
PERSON-0546,Kiran Mukherjee,Female,1975-10-08,49,Mason,Pune,Pune,PHONE-0046,BANK-0096
PERSON-0547,Pooja Khan,Female,2000-08-24,24,Carpenter,Kolkata,Kolkata,PHONE-0047,BANK-0097
PERSON-0548,Jitendra Ali,Male,1996-08-16,28,Broker,Ahmedabad,Ahmedabad,PHONE-0048,BANK-0098
PERSON-0549,Arjun Khan,Male,1994-06-10,30,Broker,Bilaspur,Bilaspur,PHONE-0049,BANK-0099
PERSON-0550,Suresh Singh,Male,1960-05-06,64,Warehouse Assistant,Ahmedabad,Ahmedabad,PHONE-0050,BANK-0100
PERSON-0551,Sunita Hussain,Female,1994-12-13,30,Shopkeeper,Delhi,East Delhi,PHONE-0051,BANK-0101
PERSON-0552,Vandana Hussain,Female,1962-02-13,62,Technician,Kolkata,Kolkata,PHONE-0052,BANK-0102
PERSON-0553,Pradeep Ahmed,Male,1963-09-19,61,Mechanic,Mumbai,Mumbai City,PHONE-0053,BANK-0103
PERSON-0554,Sangeeta Joshi,Female,1999-09-22,25,Supervisor,Pune,Pune,PHONE-0054,BANK-0104
PERSON-0555,Shobha Kaur,Female,1973-10-02,51,Supervisor,Nagpur,Nagpur,PHONE-0055,BANK-0105
PERSON-0556,Subhash Gupta,Male,1989-03-11,35,Broker,Chennai,Chennai,PHONE-0056,BANK-0106
PERSON-0557,Pawan Singhal,Male,1988-06-12,36,Security Guard,Bilaspur,Bilaspur,PHONE-0057,BANK-0107
PERSON-0558,Abhishek Ghosh,Male,1998-06-12,26,Warehouse Assistant,Kolkata,Kolkata,PHONE-0058,BANK-0108
PERSON-0559,Jitendra Patel,Male,1968-11-27,56,Tailor,Ahmedabad,Ahmedabad,PHONE-0059,BANK-0109
PERSON-0560,Jyoti Joshi,Female,1959-12-26,65,Driver,Nagpur,Nagpur,PHONE-0060,BANK-0110
PERSON-0561,Santosh Kumar,Male,1977-03-10,47,Driver,Kolkata,Kolkata,PHONE-0061,BANK-0111
PERSON-0562,Pankaj Patel,Male,1971-03-28,53,Mechanic,Siliguri,Darjeeling,PHONE-0062,BANK-0112
PERSON-0563,Vikram Roy,Male,1959-09-05,65,Plumber,Delhi,South Delhi,PHONE-0063,BANK-0113
PERSON-0564,Vivek Singh,Male,1990-02-01,34,Broker,Mumbai,Mumbai Suburban,PHONE-0064,BANK-0114
PERSON-0565,Champa Khan,Female,1981-11-21,43,Technician,Lucknow,Lucknow,PHONE-0065,BANK-0115
PERSON-0566,Jitendra Goyal,Male,1973-05-19,51,Electrician,Delhi,East Delhi,PHONE-0066,BANK-0116
PERSON-0567,Asha Mishra,Female,1988-08-12,36,Trader,Mumbai,Mumbai City,PHONE-0067,BANK-0117
PERSON-0568,Geeta Pandey,Female,1984-08-06,40,Transporter,Nagpur,Nagpur,PHONE-0068,BANK-0118
PERSON-0569,Sarita Tiwari,Female,1960-03-06,64,Broker,Raipur,Raipur,PHONE-0069,BANK-0119
PERSON-0570,Ashok Mittal,Male,1974-05-12,50,Shopkeeper,Siliguri,Darjeeling,PHONE-0070,BANK-0120
PERSON-0571,Rajesh Sarkar,Male,1993-06-15,31,Tailor,Nagpur,Nagpur,PHONE-0071,BANK-0121
PERSON-0572,Asha Patel,Female,1977-08-25,47,Electrician,Kolkata,Kolkata,PHONE-0072,BANK-0122
PERSON-0573,Pushpa Pandey,Female,1968-09-11,56,Real Estate Agent,Kolkata,Kolkata,PHONE-0073,BANK-0123
PERSON-0574,Radha Roy,Female,1960-03-26,64,Mason,Lucknow,Lucknow,PHONE-0074,BANK-0124
PERSON-0575,Jyoti Sen,Female,1972-01-05,52,Consultant,Howrah,Howrah,PHONE-0075,BANK-0125
PERSON-0576,Alok Singh,Male,1963-04-15,61,Supervisor,Delhi,Central Delhi,PHONE-0076,BANK-0126
PERSON-0577,Amit Garg,Male,1965-09-08,59,Security Guard,Bilaspur,Bilaspur,PHONE-0077,BANK-0127
PERSON-0578,Suresh Bansal,Male,1959-11-03,65,Carpenter,Delhi,East Delhi,PHONE-0078,BANK-0128
PERSON-0579,Mukesh Sarkar,Male,1964-09-02,60,Consultant,Varanasi,Varanasi,PHONE-0079,BANK-0129
PERSON-0580,Sanjay Ahmed,Male,1978-06-01,46,Trader,Nagpur,Nagpur,PHONE-0080,BANK-0130
PERSON-0581,Alok Ansari,Male,1997-04-24,27,Warehouse Assistant,Chennai,Chennai,PHONE-0081,BANK-0131
PERSON-0582,Kamla Ansari,Female,1992-12-14,32,Delivery Agent,Mumbai,Mumbai Suburban,PHONE-0082,BANK-0132
PERSON-0583,Satish Garg,Male,1993-04-10,31,Plumber,Kolkata,Kolkata,PHONE-0083,BANK-0133
PERSON-0584,Champa Gupta,Female,1978-02-01,46,Delivery Agent,Lucknow,Lucknow,PHONE-0084,BANK-0134
PERSON-0585,Pankaj Khan,Male,1967-08-23,57,Mason,Raipur,Raipur,PHONE-0085,BANK-0135
PERSON-0586,Kavita Shukla,Female,1978-05-18,46,Plumber,Raipur,Raipur,PHONE-0086,BANK-0136
PERSON-0587,Alok Singhal,Male,1971-09-24,53,Warehouse Assistant,Mumbai,Mumbai Suburban,PHONE-0087,BANK-0137
PERSON-0588,Arjun Pandey,Male,1983-11-27,41,Real Estate Agent,Mumbai,Mumbai City,PHONE-0088,BANK-0138
PERSON-0589,Pradeep Khan,Male,1971-12-21,53,Broker,Raipur,Raipur,PHONE-0089,BANK-0139
PERSON-0590,Pankaj Qureshi,Male,1964-12-12,60,Mason,Kolkata,Kolkata,PHONE-0090,BANK-0140
PERSON-0591,Abhishek Bose,Male,1995-06-17,29,Mason,Ahmedabad,Ahmedabad,PHONE-0091,BANK-0141
PERSON-0592,Gaurav Mishra,Male,1999-03-11,25,Warehouse Assistant,Lucknow,Lucknow,PHONE-0092,BANK-0142
PERSON-0593,Kavita Chakraborty,Female,1999-05-12,25,Delivery Agent,Raipur,Raipur,PHONE-0093,BANK-0143
PERSON-0594,Sumit Verma,Male,1984-09-21,40,Driver,Mumbai,Mumbai Suburban,PHONE-0094,BANK-0144
PERSON-0595,Sunil Yadav,Male,1992-09-11,32,Technician,Varanasi,Varanasi,PHONE-0095,BANK-0145
PERSON-0596,Asha Ghosh,Female,1996-09-19,28,Supervisor,Nagpur,Nagpur,PHONE-0096,BANK-0146
PERSON-0597,Pooja Das,Female,1984-06-25,40,Plumber,Surat,Surat,PHONE-0097,BANK-0147
PERSON-0598,Anil Yadav,Male,1993-09-08,31,Mechanic,Bilaspur,Bilaspur,PHONE-0098,BANK-0148
PERSON-0599,Shobha Khan,Female,1998-02-27,26,Electrician,Delhi,East Delhi,PHONE-0099,BANK-0149
PERSON-0600,Radha Chakraborty,Female,1979-03-27,45,Warehouse Assistant,Mumbai,Mumbai Suburban,PHONE-0100,BANK-0150
PERSON-0601,Champa Tiwari,Female,2001-12-27,23,Contractor,Mumbai,Mumbai Suburban,PHONE-0101,BANK-0151
PERSON-0602,Sanjay Chatterjee,Male,1994-04-05,30,Driver,Mumbai,Mumbai Suburban,PHONE-0102,BANK-0152
PERSON-0603,Deepak Gupta,Male,1972-07-02,52,Mechanic,Kolkata,Kolkata,PHONE-0103,BANK-0153
PERSON-0604,Dharmendra Singhal,Male,1972-02-09,52,Accountant,Kolkata,Kolkata,PHONE-0104,BANK-0154
PERSON-0605,Arjun Yadav,Male,1964-04-19,60,Mechanic,Howrah,Howrah,PHONE-0105,BANK-0155
PERSON-0606,Sumit Singh,Male,1993-12-09,31,Mason,Kolkata,Kolkata,PHONE-0106,BANK-0156
PERSON-0607,Anil Jain,Male,1987-09-19,37,Driver,Varanasi,Varanasi,PHONE-0107,BANK-0157
PERSON-0608,Satish Mehta,Male,1989-12-07,35,Trader,Surat,Surat,PHONE-0108,BANK-0158
PERSON-0609,Harish Mehta,Male,1989-09-28,35,Plumber,Howrah,Howrah,PHONE-0109,BANK-0159
PERSON-0610,Satish Tiwari,Male,1959-02-06,65,Supervisor,Delhi,East Delhi,PHONE-0110,BANK-0160
PERSON-0611,Reena Banerjee,Female,1988-07-04,36,Technician,Surat,Surat,PHONE-0111,BANK-0161
PERSON-0612,Deepak Agarwal,Male,1971-06-23,53,Trader,Siliguri,Darjeeling,PHONE-0112,BANK-0162
PERSON-0613,Rajesh Kumar,Male,1971-02-13,53,Trader,Pune,Pune,PHONE-0113,BANK-0163
PERSON-0614,Alok Ansari,Male,1967-07-10,57,Delivery Agent,Durg,Durg,PHONE-0114,BANK-0164
PERSON-0615,Rahul Siddiqui,Male,1991-01-22,33,Plumber,Nagpur,Nagpur,PHONE-0115,BANK-0165
PERSON-0616,Rohit Ansari,Male,1960-11-03,64,Contractor,Surat,Surat,PHONE-0116,BANK-0166
PERSON-0617,Rohit Singhal,Male,1992-02-12,32,Mechanic,Howrah,Howrah,PHONE-0117,BANK-0167
PERSON-0618,Devendra Ali,Male,1988-07-24,36,Plumber,Howrah,Howrah,PHONE-0118,BANK-0168
PERSON-0619,Satish Singhal,Male,1961-07-12,63,Plumber,Mumbai,Mumbai City,PHONE-0119,BANK-0169
PERSON-0620,Rohit Qureshi,Male,1985-03-25,39,Warehouse Assistant,Surat,Surat,PHONE-0120,BANK-0170
PERSON-0621,Gaurav Qureshi,Male,1988-11-05,36,Clerk,Ahmedabad,Ahmedabad,PHONE-0121,BANK-0171
PERSON-0622,Amit Gupta,Male,1959-01-06,65,Sales Representative,Ahmedabad,Ahmedabad,PHONE-0122,BANK-0172
PERSON-0623,Ashok Pandey,Male,1963-10-04,61,Driver,Mumbai,Mumbai Suburban,PHONE-0123,BANK-0173
PERSON-0624,Jitendra Qureshi,Male,1990-05-22,34,Plumber,Delhi,East Delhi,PHONE-0124,BANK-0174
PERSON-0625,Gaurav Bansal,Male,1968-09-01,56,Accountant,Pune,Pune,PHONE-0125,BANK-0175
PERSON-0626,Shobha Kaur,Female,1982-07-15,42,Warehouse Assistant,Delhi,East Delhi,PHONE-0126,BANK-0176
PERSON-0627,Sunil Goyal,Male,1992-08-14,32,Electrician,Mumbai,Mumbai Suburban,PHONE-0127,BANK-0177
PERSON-0628,Sachin Qureshi,Male,1966-11-16,58,Consultant,Howrah,Howrah,PHONE-0128,BANK-0178
PERSON-0629,Harish Mittal,Male,1972-09-28,52,Shopkeeper,Ahmedabad,Ahmedabad,PHONE-0129,BANK-0179
PERSON-0630,Rohit Bose,Male,1965-07-20,59,Consultant,Ahmedabad,Ahmedabad,PHONE-0130,BANK-0180
PERSON-0631,Pradeep Sarkar,Male,2001-10-02,23,Electrician,Kolkata,Kolkata,PHONE-0131,BANK-0181
PERSON-0632,Lata Singhal,Female,1962-06-13,62,Contractor,Kolkata,Kolkata,PHONE-0132,BANK-0182
PERSON-0633,Sumit Khan,Male,1999-11-08,25,Broker,Nagpur,Nagpur,PHONE-0133,BANK-0183
PERSON-0634,Alok Singhal,Male,1998-05-04,26,Technician,Kolkata,Kolkata,PHONE-0134,BANK-0184
PERSON-0635,Harish Sarkar,Male,1973-11-28,51,Delivery Agent,Kolkata,Kolkata,PHONE-0135,BANK-0185
PERSON-0636,Manish Ghosh,Male,1972-10-01,52,Technician,Kolkata,Kolkata,PHONE-0136,BANK-0186
PERSON-0637,Sachin Sarkar,Male,1996-08-04,28,Consultant,Lucknow,Lucknow,PHONE-0137,BANK-0187
PERSON-0638,Mukesh Jain,Male,1992-10-10,32,Supervisor,Pune,Pune,PHONE-0138,BANK-0188
PERSON-0639,Ritu Qureshi,Female,1968-04-10,56,Security Guard,Kolkata,Kolkata,PHONE-0139,BANK-0189
PERSON-0640,Nitin Ali,Male,1963-12-03,61,Mason,Durg,Durg,PHONE-0140,BANK-0190
PERSON-0641,Kunal Ghosh,Male,1966-09-16,58,Delivery Agent,Kolkata,Kolkata,PHONE-0141,BANK-0191
PERSON-0642,Rahul Dutta,Male,1983-07-22,41,Tailor,Surat,Surat,PHONE-0142,BANK-0192
PERSON-0643,Manish Ali,Male,1963-09-15,61,Consultant,Mumbai,Mumbai City,PHONE-0143,BANK-0193
PERSON-0644,Poonam Singh,Female,1991-10-16,33,Mechanic,Surat,Surat,PHONE-0144,BANK-0194
PERSON-0645,Santosh Ghosh,Male,1963-07-19,61,Real Estate Agent,Chennai,Chennai,PHONE-0145,BANK-0195
PERSON-0646,Rakesh Bhattacharya,Male,1993-04-05,31,Consultant,Delhi,East Delhi,PHONE-0146,BANK-0196
PERSON-0647,Reena Khan,Female,1998-11-07,26,Delivery Agent,Pune,Pune,PHONE-0147,BANK-0197
PERSON-0648,Pradeep Mishra,Male,1959-10-08,65,Sales Representative,Mumbai,Mumbai City,PHONE-0148,BANK-0198
PERSON-0649,Sanjay Shukla,Male,1987-05-15,37,Plumber,Kolkata,Kolkata,PHONE-0149,BANK-0199
PERSON-0650,Abhishek Ahmed,Male,1990-03-09,34,Electrician,Kolkata,Kolkata,PHONE-0150,BANK-0200
PERSON-0651,Pankaj Goyal,Male,1961-01-24,63,Plumber,Raipur,Raipur,PHONE-0151,BANK-0201
PERSON-0652,Geeta Kumar,Female,1964-05-28,60,Driver,Pune,Pune,PHONE-0152,BANK-0202
PERSON-0653,Kamla Bhattacharya,Female,1977-12-27,47,Electrician,Kolkata,Kolkata,PHONE-0153,BANK-0203
PERSON-0654,Nitin Jain,Male,1969-11-27,55,Mason,Howrah,Howrah,PHONE-0154,BANK-0204
PERSON-0655,Usha Qureshi,Female,1987-10-04,37,Technician,Kolkata,Kolkata,PHONE-0155,BANK-0205
PERSON-0656,Satish Kaur,Male,1975-04-05,49,Contractor,Durg,Durg,PHONE-0156,BANK-0206
PERSON-0657,Pankaj Ansari,Male,1986-10-02,38,Plumber,Delhi,South Delhi,PHONE-0157,BANK-0207
PERSON-0658,Deepak Sarkar,Male,1975-08-22,49,Broker,Chennai,Chennai,PHONE-0158,BANK-0208
PERSON-0659,Mamta Bhattacharya,Female,1979-05-01,45,Real Estate Agent,Ahmedabad,Ahmedabad,PHONE-0159,BANK-0209
PERSON-0660,Anita Verma,Female,1986-09-13,38,Trader,Durg,Durg,PHONE-0160,BANK-0210
PERSON-0661,Naveen Patel,Male,1987-08-13,37,Clerk,Chennai,Chennai,PHONE-0161,BANK-0211
PERSON-0662,Sushma Bose,Female,1997-04-10,27,Mechanic,Mumbai,Mumbai Suburban,PHONE-0162,BANK-0212
PERSON-0663,Manju Ansari,Female,1961-07-26,63,Accountant,Pune,Pune,PHONE-0163,BANK-0213
PERSON-0664,Suresh Qureshi,Male,1976-06-23,48,Delivery Agent,Ahmedabad,Ahmedabad,PHONE-0164,BANK-0214
PERSON-0665,Meena Mishra,Female,1970-02-12,54,Delivery Agent,Mumbai,Mumbai City,PHONE-0165,BANK-0215
PERSON-0666,Subhash Sarkar,Male,2001-01-21,23,Real Estate Agent,Delhi,East Delhi,PHONE-0166,BANK-0216
PERSON-0667,Vivek Das,Male,1977-04-21,47,Trader,Kolkata,Kolkata,PHONE-0167,BANK-0217
PERSON-0668,Suresh Patel,Male,1987-09-23,37,Real Estate Agent,Raipur,Raipur,PHONE-0168,BANK-0218
PERSON-0669,Kamla Sarkar,Female,1972-12-05,52,Security Guard,Delhi,East Delhi,PHONE-0169,BANK-0219
PERSON-0670,Satish Sarkar,Male,1990-02-14,34,Supervisor,Mumbai,Mumbai Suburban,PHONE-0170,BANK-0220
PERSON-0671,Sachin Mittal,Male,2001-01-18,23,Real Estate Agent,Durg,Durg,PHONE-0171,BANK-0221
PERSON-0672,Ajay Kumar,Male,1990-05-23,34,Shopkeeper,Delhi,East Delhi,PHONE-0172,BANK-0222
PERSON-0673,Hemant Ahmed,Male,1986-03-03,38,Supervisor,Varanasi,Varanasi,PHONE-0173,BANK-0223
PERSON-0674,Nitin Patel,Male,1969-07-25,55,Warehouse Assistant,Kolkata,Kolkata,PHONE-0174,BANK-0224
PERSON-0675,Kusum Patel,Female,1989-04-28,35,Security Guard,Durg,Durg,PHONE-0175,BANK-0225
PERSON-0676,Mukesh Kaur,Male,1975-04-20,49,Mechanic,Siliguri,Darjeeling,PHONE-0176,BANK-0226
PERSON-0677,Sarita Shukla,Female,1991-07-26,33,Electrician,Delhi,South Delhi,PHONE-0177,BANK-0227
PERSON-0678,Gaurav Mukherjee,Male,1974-04-12,50,Mason,Varanasi,Varanasi,PHONE-0178,BANK-0228
PERSON-0679,Santosh Kumar,Male,1972-03-28,52,Technician,Kolkata,Kolkata,PHONE-0179,BANK-0229
PERSON-0680,Sushma Banerjee,Female,1975-12-20,49,Security Guard,Delhi,Central Delhi,PHONE-0180,BANK-0230
PERSON-0681,Subhash Verma,Male,1981-04-16,43,Supervisor,Kolkata,Kolkata,PHONE-0181,BANK-0231
PERSON-0682,Anita Mehta,Female,1970-10-13,54,Trader,Mumbai,Mumbai City,PHONE-0182,BANK-0232
PERSON-0683,Vandana Das,Female,2000-10-06,24,Security Guard,Chennai,Chennai,PHONE-0183,BANK-0233
PERSON-0684,Mukesh Sen,Male,1994-02-11,30,Carpenter,Delhi,East Delhi,PHONE-0184,BANK-0234
PERSON-0685,Gaurav Patel,Male,2000-03-16,24,Security Guard,Pune,Pune,PHONE-0185,BANK-0235
PERSON-0686,Reena Roy,Female,1963-05-17,61,Technician,Mumbai,Mumbai City,PHONE-0186,BANK-0236
PERSON-0687,Anil Sarkar,Male,1993-09-28,31,Consultant,Ahmedabad,Ahmedabad,PHONE-0187,BANK-0237
PERSON-0688,Vivek Verma,Male,1993-01-08,31,Shopkeeper,Bilaspur,Bilaspur,PHONE-0188,BANK-0238
PERSON-0689,Gaurav Mishra,Male,1975-02-16,49,Accountant,Delhi,East Delhi,PHONE-0189,BANK-0239
PERSON-0690,Subhash Qureshi,Male,1971-02-28,53,Electrician,Delhi,East Delhi,PHONE-0190,BANK-0240
PERSON-0691,Suresh Banerjee,Male,1991-03-24,33,Carpenter,Mumbai,Mumbai Suburban,PHONE-0191,BANK-0241
PERSON-0692,Seema Singhal,Female,1969-10-06,55,Delivery Agent,Kolkata,Kolkata,PHONE-0192,BANK-0242
PERSON-0693,Kiran Qureshi,Female,1981-01-10,43,Consultant,Howrah,Howrah,PHONE-0193,BANK-0243
PERSON-0694,Shobha Ali,Female,1965-02-27,59,Technician,Nagpur,Nagpur,PHONE-0194,BANK-0244
PERSON-0695,Suresh Hussain,Male,1973-11-09,51,Transporter,Ahmedabad,Ahmedabad,PHONE-0195,BANK-0245
PERSON-0696,Kunal Sharma,Male,1974-06-24,50,Mason,Varanasi,Varanasi,PHONE-0196,BANK-0246
PERSON-0697,Amit Roy,Male,1999-12-03,25,Tailor,Pune,Pune,PHONE-0197,BANK-0247
PERSON-0698,Babita Kumar,Female,1986-03-08,38,Sales Representative,Delhi,Central Delhi,PHONE-0198,BANK-0248
PERSON-0699,Vijay Mishra,Male,1977-05-21,47,Real Estate Agent,Delhi,Central Delhi,PHONE-0199,BANK-0249
PERSON-0700,Alok Qureshi,Male,1983-11-20,41,Electrician,Delhi,South Delhi,PHONE-0200,BANK-0250
PERSON-0701,Ramesh Bhattacharya,Male,1990-08-15,34,Sales Representative,Surat,Surat,PHONE-0201,BANK-0251
PERSON-0702,Nitin Garg,Male,1997-07-26,27,Supervisor,Delhi,South Delhi,PHONE-0202,BANK-0252
PERSON-0703,Abhishek Ahmed,Male,2000-09-11,24,Warehouse Assistant,Kolkata,Kolkata,PHONE-0203,BANK-0253
PERSON-0704,Sanjay Qureshi,Male,1962-11-17,62,Driver,Surat,Surat,PHONE-0204,BANK-0254
PERSON-0705,Abhishek Kumar,Male,1983-03-05,41,Consultant,Ahmedabad,Ahmedabad,PHONE-0205,BANK-0255
PERSON-0706,Kiran Agarwal,Female,1984-10-02,40,Tailor,Delhi,South Delhi,PHONE-0206,BANK-0256
PERSON-0707,Rajesh Jain,Male,1970-07-14,54,Contractor,Howrah,Howrah,PHONE-0207,BANK-0257
PERSON-0708,Nitin Bose,Male,1986-10-03,38,Carpenter,Nagpur,Nagpur,PHONE-0208,BANK-0258
PERSON-0709,Santosh Tiwari,Male,1977-01-03,47,Delivery Agent,Raipur,Raipur,PHONE-0209,BANK-0259
PERSON-0710,Asha Sarkar,Female,1973-11-15,51,Transporter,Lucknow,Lucknow,PHONE-0210,BANK-0260
PERSON-0711,Champa Tiwari,Female,1991-02-24,33,Transporter,Bilaspur,Bilaspur,PHONE-0211,BANK-0261
PERSON-0712,Ramesh Ahmed,Male,2001-01-13,23,Contractor,Chennai,Chennai,PHONE-0212,BANK-0262
PERSON-0713,Pawan Hussain,Male,1960-12-20,64,Plumber,Delhi,Central Delhi,PHONE-0213,BANK-0263
PERSON-0714,Hemant Bhattacharya,Male,1983-02-05,41,Electrician,Delhi,Central Delhi,PHONE-0214,BANK-0264
PERSON-0715,Deepak Singh,Male,2001-04-16,23,Real Estate Agent,Bilaspur,Bilaspur,PHONE-0215,BANK-0265
PERSON-0716,Dinesh Ahmed,Male,1990-02-10,34,Warehouse Assistant,Chennai,Chennai,PHONE-0216,BANK-0266
PERSON-0717,Abhishek Singh,Male,1992-03-24,32,Warehouse Assistant,Howrah,Howrah,PHONE-0217,BANK-0267
PERSON-0718,Radha Singh,Female,1965-04-07,59,Trader,Delhi,East Delhi,PHONE-0218,BANK-0268
PERSON-0719,Rohit Verma,Male,2002-02-21,22,Delivery Agent,Pune,Pune,PHONE-0219,BANK-0269
PERSON-0720,Kusum Singhal,Female,1967-05-02,57,Plumber,Varanasi,Varanasi,PHONE-0220,BANK-0270
PERSON-0721,Dharmendra Singhal,Male,1959-08-08,65,Accountant,Varanasi,Varanasi,PHONE-0221,BANK-0271
PERSON-0722,Abhishek Mittal,Male,1967-02-09,57,Real Estate Agent,Pune,Pune,PHONE-0222,BANK-0272
PERSON-0723,Pawan Patel,Male,1963-11-12,61,Warehouse Assistant,Ahmedabad,Ahmedabad,PHONE-0223,BANK-0273
PERSON-0724,Vikram Mishra,Male,1990-08-12,34,Warehouse Assistant,Mumbai,Mumbai Suburban,PHONE-0224,BANK-0274
PERSON-0725,Ajay Singhal,Male,1964-12-22,60,Warehouse Assistant,Pune,Pune,PHONE-0225,BANK-0275
PERSON-0726,Pradeep Kaur,Male,1959-11-24,65,Supervisor,Delhi,South Delhi,PHONE-0226,BANK-0276
PERSON-0727,Manju Joshi,Female,1984-12-24,40,Driver,Bilaspur,Bilaspur,PHONE-0227,BANK-0277
PERSON-0728,Manoj Tiwari,Male,1992-10-16,32,Contractor,Bilaspur,Bilaspur,PHONE-0228,BANK-0278
PERSON-0729,Kusum Dutta,Female,1989-09-02,35,Clerk,Durg,Durg,PHONE-0229,BANK-0279
PERSON-0730,Gaurav Chakraborty,Male,1991-09-02,33,Driver,Raipur,Raipur,PHONE-0230,BANK-0280
PERSON-0731,Deepak Joshi,Male,1995-09-08,29,Plumber,Durg,Durg,PHONE-0231,BANK-0281
PERSON-0732,Kunal Chakraborty,Male,1967-05-05,57,Carpenter,Kolkata,Kolkata,PHONE-0232,BANK-0282
PERSON-0733,Ramesh Verma,Male,1973-02-04,51,Transporter,Delhi,East Delhi,PHONE-0233,BANK-0283
PERSON-0734,Ramesh Goyal,Male,1970-02-06,54,Real Estate Agent,Kolkata,Kolkata,PHONE-0234,BANK-0284
PERSON-0735,Vijay Bhattacharya,Male,1984-12-15,40,Carpenter,Raipur,Raipur,PHONE-0235,BANK-0285
PERSON-0736,Ramesh Pandey,Male,1981-03-04,43,Mechanic,Nagpur,Nagpur,PHONE-0236,BANK-0286
PERSON-0737,Manish Mehta,Male,1972-06-10,52,Carpenter,Durg,Durg,PHONE-0237,BANK-0287
PERSON-0738,Pankaj Bhattacharya,Male,1979-11-22,45,Broker,Delhi,South Delhi,PHONE-0238,BANK-0288
PERSON-0739,Jitendra Khan,Male,1994-07-14,30,Delivery Agent,Durg,Durg,PHONE-0239,BANK-0289
PERSON-0740,Vandana Singh,Female,1993-01-23,31,Carpenter,Delhi,East Delhi,PHONE-0240,BANK-0290
PERSON-0741,Sangeeta Sen,Female,1977-03-14,47,Accountant,Pune,Pune,PHONE-0241,BANK-0291
PERSON-0742,Rajesh Pandey,Male,1999-11-23,25,Consultant,Lucknow,Lucknow,PHONE-0242,BANK-0292
PERSON-0743,Sarita Khan,Female,1959-12-18,65,Trader,Delhi,Central Delhi,PHONE-0243,BANK-0293
PERSON-0744,Pushpa Chakraborty,Female,1985-09-20,39,Electrician,Kolkata,Kolkata,PHONE-0244,BANK-0294
PERSON-0745,Jyoti Banerjee,Female,1963-10-21,61,Warehouse Assistant,Chennai,Chennai,PHONE-0245,BANK-0295
PERSON-0746,Rohit Shukla,Male,1997-01-18,27,Technician,Mumbai,Mumbai Suburban,PHONE-0246,BANK-0296
PERSON-0747,Manoj Agarwal,Male,1984-04-03,40,Carpenter,Chennai,Chennai,PHONE-0247,BANK-0297
PERSON-0748,Jitendra Sen,Male,2001-01-26,23,Tailor,Raipur,Raipur,PHONE-0248,BANK-0298
PERSON-0749,Dinesh Dutta,Male,1970-02-24,54,Accountant,Delhi,South Delhi,PHONE-0249,BANK-0299
PERSON-0750,Usha Jain,Female,1995-01-25,29,Real Estate Agent,Nagpur,Nagpur,PHONE-0250,BANK-0300
PERSON-0751,Jyoti Dutta,Female,2002-08-11,22,Broker,Lucknow,Lucknow,PHONE-0251,BANK-0301
PERSON-0752,Neetu Chakraborty,Female,1984-11-26,40,Mason,Mumbai,Mumbai Suburban,PHONE-0252,BANK-0302
PERSON-0753,Sachin Agarwal,Male,1996-06-17,28,Mason,Durg,Durg,PHONE-0253,BANK-0303
PERSON-0754,Naveen Hussain,Male,1993-12-14,31,Delivery Agent,Howrah,Howrah,PHONE-0254,BANK-0304
PERSON-0755,Amit Ahmed,Male,1972-04-15,52,Driver,Siliguri,Darjeeling,PHONE-0255,BANK-0305
PERSON-0756,Jitendra Ali,Male,1967-09-25,57,Sales Representative,Lucknow,Lucknow,PHONE-0256,BANK-0306
PERSON-0757,Kusum Ahmed,Female,1971-12-14,53,Shopkeeper,Delhi,East Delhi,PHONE-0257,BANK-0307
PERSON-0758,Manoj Qureshi,Male,1994-12-17,30,Carpenter,Delhi,East Delhi,PHONE-0258,BANK-0308
PERSON-0759,Vijay Hussain,Male,2000-12-06,24,Tailor,Ahmedabad,Ahmedabad,PHONE-0259,BANK-0309
PERSON-0760,Deepak Garg,Male,1995-02-12,29,Mason,Delhi,South Delhi,PHONE-0260,BANK-0310
PERSON-0761,Jitendra Pandey,Male,1979-05-12,45,Trader,Howrah,Howrah,PHONE-0261,BANK-0311
PERSON-0762,Vikram Pandey,Male,1965-07-02,59,Trader,Siliguri,Darjeeling,PHONE-0262,BANK-0312
PERSON-0763,Seema Tiwari,Female,2002-02-18,22,Supervisor,Ahmedabad,Ahmedabad,PHONE-0263,BANK-0313
PERSON-0764,Rajesh Khan,Male,1966-05-19,58,Warehouse Assistant,Ahmedabad,Ahmedabad,PHONE-0264,BANK-0314
PERSON-0765,Babita Siddiqui,Female,1994-03-17,30,Real Estate Agent,Varanasi,Varanasi,PHONE-0265,BANK-0315
PERSON-0766,Vivek Ansari,Male,1982-02-26,42,Transporter,Siliguri,Darjeeling,PHONE-0266,BANK-0316
PERSON-0767,Manish Kaur,Male,1977-06-18,47,Accountant,Durg,Durg,PHONE-0267,BANK-0317
PERSON-0768,Jyoti Ghosh,Female,1992-12-01,32,Mason,Kolkata,Kolkata,PHONE-0268,BANK-0318
PERSON-0769,Alok Goyal,Male,1961-09-03,63,Mechanic,Howrah,Howrah,PHONE-0269,BANK-0319
PERSON-0770,Geeta Mittal,Female,1990-08-17,34,Clerk,Surat,Surat,PHONE-0270,BANK-0320
PERSON-0771,Harish Tiwari,Male,1985-04-08,39,Mason,Kolkata,Kolkata,PHONE-0271,BANK-0321
PERSON-0772,Harish Garg,Male,1977-10-02,47,Plumber,Pune,Pune,PHONE-0272,BANK-0322
PERSON-0773,Sunita Sen,Female,1991-07-01,33,Carpenter,Delhi,South Delhi,PHONE-0273,BANK-0323
PERSON-0774,Gaurav Kumar,Male,1996-09-06,28,Trader,Howrah,Howrah,PHONE-0274,BANK-0324
PERSON-0775,Gaurav Kumar,Male,1983-07-22,41,Shopkeeper,Siliguri,Darjeeling,PHONE-0275,BANK-0325
PERSON-0776,Ashok Tiwari,Male,1999-05-13,25,Contractor,Kolkata,Kolkata,PHONE-0276,BANK-0326
PERSON-0777,Manish Sarkar,Male,1978-02-02,46,Mechanic,Mumbai,Mumbai City,PHONE-0277,BANK-0327
PERSON-0778,Devendra Singhal,Male,1971-09-25,53,Carpenter,Durg,Durg,PHONE-0278,BANK-0328
PERSON-0779,Deepak Ghosh,Male,1982-08-18,42,Delivery Agent,Kolkata,Kolkata,PHONE-0279,BANK-0329
PERSON-0780,Vikram Khan,Male,2001-05-18,23,Mason,Durg,Durg,PHONE-0280,BANK-0330
PERSON-0781,Dinesh Goyal,Male,1983-10-14,41,Warehouse Assistant,Siliguri,Darjeeling,PHONE-0281,BANK-0331
PERSON-0782,Dharmendra Banerjee,Male,1979-09-06,45,Broker,Siliguri,Darjeeling,PHONE-0282,BANK-0332
PERSON-0783,Abhishek Goyal,Male,2000-01-27,24,Warehouse Assistant,Delhi,East Delhi,PHONE-0283,BANK-0333
PERSON-0784,Sarita Mishra,Female,1999-08-09,25,Transporter,Kolkata,Kolkata,PHONE-0284,BANK-0334
PERSON-0785,Sachin Chakraborty,Male,1965-09-10,59,Accountant,Bilaspur,Bilaspur,PHONE-0285,BANK-0335
PERSON-0786,Harish Mittal,Male,1983-02-13,41,Contractor,Kolkata,Kolkata,PHONE-0286,BANK-0336
PERSON-0787,Shashi Ahmed,Female,1963-09-26,61,Technician,Bilaspur,Bilaspur,PHONE-0287,BANK-0337
PERSON-0788,Champa Bose,Female,1985-04-22,39,Technician,Delhi,East Delhi,PHONE-0288,BANK-0338
PERSON-0789,Santosh Garg,Male,2001-12-05,23,Real Estate Agent,Pune,Pune,PHONE-0289,BANK-0339
PERSON-0790,Radha Mehta,Female,1959-03-14,65,Tailor,Kolkata,Kolkata,PHONE-0290,BANK-0340
PERSON-0791,Kusum Ali,Female,1997-11-21,27,Driver,Chennai,Chennai,PHONE-0291,BANK-0341
PERSON-0792,Vivek Patel,Male,1978-10-12,46,Sales Representative,Nagpur,Nagpur,PHONE-0292,BANK-0342
PERSON-0793,Arjun Patel,Male,1979-04-15,45,Clerk,Delhi,East Delhi,PHONE-0293,BANK-0343
PERSON-0794,Vikram Ghosh,Male,1990-02-27,34,Transporter,Nagpur,Nagpur,PHONE-0294,BANK-0344
PERSON-0795,Ajay Chatterjee,Male,1979-01-09,45,Plumber,Ahmedabad,Ahmedabad,PHONE-0295,BANK-0345
PERSON-0796,Seema Mehta,Female,1962-07-04,62,Security Guard,Bilaspur,Bilaspur,PHONE-0296,BANK-0346
PERSON-0797,Mukesh Mishra,Male,1990-11-24,34,Mason,Chennai,Chennai,PHONE-0297,BANK-0347
PERSON-0798,Devendra Mittal,Male,1998-10-05,26,Driver,Raipur,Raipur,PHONE-0298,BANK-0348
PERSON-0799,Nitin Chatterjee,Male,1985-04-28,39,Consultant,Surat,Surat,PHONE-0299,BANK-0349
PERSON-0800,Harish Joshi,Male,1959-09-15,65,Clerk,Mumbai,Mumbai City,PHONE-0300,BANK-0350
PERSON-0801,Geeta Sarkar,Female,1976-05-04,48,Consultant,Delhi,South Delhi,PHONE-0301,BANK-0351
PERSON-0802,Mukesh Bhattacharya,Male,2000-12-08,24,Accountant,Surat,Surat,PHONE-0302,BANK-0352
PERSON-0803,Manish Bansal,Male,1982-01-13,42,Mechanic,Delhi,East Delhi,PHONE-0303,BANK-0353
PERSON-0804,Nitin Singh,Male,1975-02-08,49,Mechanic,Durg,Durg,PHONE-0304,BANK-0354
PERSON-0805,Alok Gupta,Male,2001-08-14,23,Clerk,Howrah,Howrah,PHONE-0305,BANK-0355
PERSON-0806,Kunal Bose,Male,1996-08-08,28,Technician,Durg,Durg,PHONE-0306,BANK-0356
PERSON-0807,Champa Agarwal,Female,1998-10-20,26,Warehouse Assistant,Durg,Durg,PHONE-0307,BANK-0357
PERSON-0808,Jyoti Singhal,Female,1997-01-02,27,Sales Representative,Howrah,Howrah,PHONE-0308,BANK-0358
PERSON-0809,Rahul Das,Male,1974-01-10,50,Transporter,Kolkata,Kolkata,PHONE-0309,BANK-0359
PERSON-0810,Rahul Yadav,Male,1967-01-10,57,Sales Representative,Kolkata,Kolkata,PHONE-0310,BANK-0360
PERSON-0811,Hemant Khan,Male,1964-11-20,60,Clerk,Durg,Durg,PHONE-0311,BANK-0361
PERSON-0812,Santosh Ahmed,Male,1963-02-11,61,Real Estate Agent,Varanasi,Varanasi,PHONE-0312,BANK-0362
PERSON-0813,Sunita Hussain,Female,1981-10-07,43,Contractor,Surat,Surat,PHONE-0313,BANK-0363
PERSON-0814,Devendra Gupta,Male,1990-10-05,34,Real Estate Agent,Lucknow,Lucknow,PHONE-0314,BANK-0364
PERSON-0815,Sumit Khan,Male,1963-08-06,61,Broker,Ahmedabad,Ahmedabad,PHONE-0315,BANK-0365
PERSON-0816,Rajesh Verma,Male,1983-10-14,41,Carpenter,Siliguri,Darjeeling,PHONE-0316,BANK-0366
PERSON-0817,Lata Dutta,Female,1968-03-05,56,Plumber,Lucknow,Lucknow,PHONE-0317,BANK-0367
PERSON-0818,Kunal Roy,Male,2002-09-19,22,Consultant,Nagpur,Nagpur,PHONE-0318,BANK-0368
PERSON-0819,Amit Mukherjee,Male,1967-01-14,57,Supervisor,Surat,Surat,PHONE-0319,BANK-0369
PERSON-0820,Rakesh Shukla,Male,1981-04-22,43,Plumber,Kolkata,Kolkata,PHONE-0320,BANK-0370
PERSON-0821,Santosh Garg,Male,1965-10-11,59,Transporter,Pune,Pune,PHONE-0321,BANK-0371
PERSON-0822,Kunal Mishra,Male,1973-01-16,51,Broker,Howrah,Howrah,PHONE-0322,BANK-0372
PERSON-0823,Neetu Chatterjee,Female,1963-04-08,61,Plumber,Delhi,East Delhi,PHONE-0323,BANK-0373
PERSON-0824,Champa Kaur,Female,1977-03-27,47,Clerk,Bilaspur,Bilaspur,PHONE-0324,BANK-0374
PERSON-0825,Rahul Chakraborty,Male,1967-02-05,57,Trader,Kolkata,Kolkata,PHONE-0325,BANK-0375
PERSON-0826,Satish Bhattacharya,Male,2001-04-07,23,Trader,Kolkata,Kolkata,PHONE-0326,BANK-0376
PERSON-0827,Gaurav Tiwari,Male,1967-04-06,57,Mechanic,Pune,Pune,PHONE-0327,BANK-0377
PERSON-0828,Gaurav Yadav,Male,1959-03-13,65,Real Estate Agent,Kolkata,Kolkata,PHONE-0328,BANK-0378
PERSON-0829,Shobha Sen,Female,1983-08-08,41,Supervisor,Bilaspur,Bilaspur,PHONE-0329,BANK-0379
PERSON-0830,Manju Agarwal,Female,1975-12-03,49,Contractor,Varanasi,Varanasi,PHONE-0330,BANK-0380
PERSON-0831,Manoj Shukla,Male,1968-07-23,56,Supervisor,Bilaspur,Bilaspur,PHONE-0331,BANK-0381
PERSON-0832,Abhishek Mukherjee,Male,1963-10-07,61,Tailor,Kolkata,Kolkata,PHONE-0332,BANK-0382
PERSON-0833,Sanjay Sarkar,Male,1999-11-26,25,Security Guard,Durg,Durg,PHONE-0333,BANK-0383
PERSON-0834,Kusum Banerjee,Female,1972-11-20,52,Driver,Kolkata,Kolkata,PHONE-0334,BANK-0384
PERSON-0835,Sachin Jain,Male,1971-09-15,53,Shopkeeper,Nagpur,Nagpur,PHONE-0335,BANK-0385
PERSON-0836,Naveen Agarwal,Male,1971-08-09,53,Mason,Ahmedabad,Ahmedabad,PHONE-0336,BANK-0386
PERSON-0837,Satish Sharma,Male,1988-04-15,36,Broker,Bilaspur,Bilaspur,PHONE-0337,BANK-0387
PERSON-0838,Alok Ahmed,Male,1966-03-27,58,Supervisor,Delhi,Central Delhi,PHONE-0338,BANK-0388
PERSON-0839,Suresh Das,Male,1984-08-17,40,Supervisor,Kolkata,Kolkata,PHONE-0339,BANK-0389
PERSON-0840,Rajesh Hussain,Male,1963-06-14,61,Warehouse Assistant,Surat,Surat,PHONE-0340,BANK-0390
PERSON-0841,Manish Bhattacharya,Male,1982-05-13,42,Clerk,Ahmedabad,Ahmedabad,PHONE-0341,BANK-0391
PERSON-0842,Ajay Bose,Male,1980-02-10,44,Carpenter,Kolkata,Kolkata,PHONE-0342,BANK-0392
PERSON-0843,Suresh Ghosh,Male,1996-02-03,28,Supervisor,Durg,Durg,PHONE-0343,BANK-0393
PERSON-0844,Rakesh Sen,Male,1959-06-09,65,Trader,Bilaspur,Bilaspur,PHONE-0344,BANK-0394
PERSON-0845,Shashi Shukla,Female,1994-12-24,30,Tailor,Varanasi,Varanasi,PHONE-0345,BANK-0395
PERSON-0846,Pooja Dutta,Female,1980-07-13,44,Mason,Mumbai,Mumbai Suburban,PHONE-0346,BANK-0396
PERSON-0847,Pooja Siddiqui,Female,1993-07-08,31,Broker,Surat,Surat,PHONE-0347,BANK-0397
PERSON-0848,Seema Siddiqui,Female,1969-10-26,55,Tailor,Durg,Durg,PHONE-0348,BANK-0398
PERSON-0849,Archana Sen,Female,1982-04-14,42,Delivery Agent,Kolkata,Kolkata,PHONE-0349,BANK-0399
PERSON-0850,Vivek Goyal,Male,1979-03-19,45,Electrician,Kolkata,Kolkata,PHONE-0350,BANK-0400
PERSON-0851,Arjun Qureshi,Male,1981-04-14,43,Delivery Agent,Nagpur,Nagpur,PHONE-0351,BANK-0401
PERSON-0852,Rohit Bansal,Male,1982-10-01,42,Mason,Mumbai,Mumbai Suburban,PHONE-0352,BANK-0402
PERSON-0853,Kavita Pandey,Female,1966-11-26,58,Transporter,Pune,Pune,PHONE-0353,BANK-0403
PERSON-0854,Sushma Kaur,Female,1977-02-18,47,Sales Representative,Bilaspur,Bilaspur,PHONE-0354,BANK-0404
PERSON-0855,Ramesh Sen,Male,1974-11-10,50,Driver,Lucknow,Lucknow,PHONE-0355,BANK-0405
PERSON-0856,Subhash Tiwari,Male,1964-08-01,60,Shopkeeper,Kolkata,Kolkata,PHONE-0356,BANK-0406
PERSON-0857,Sachin Roy,Male,1988-05-22,36,Carpenter,Bilaspur,Bilaspur,PHONE-0357,BANK-0407
PERSON-0858,Amit Bhattacharya,Male,2002-03-11,22,Delivery Agent,Surat,Surat,PHONE-0358,BANK-0408
PERSON-0859,Deepak Das,Male,1976-08-24,48,Driver,Chennai,Chennai,PHONE-0359,BANK-0409
PERSON-0860,Vijay Das,Male,1983-07-27,41,Consultant,Bilaspur,Bilaspur,PHONE-0360,BANK-0410
PERSON-0861,Devendra Mittal,Male,1965-04-17,59,Consultant,Mumbai,Mumbai Suburban,PHONE-0361,BANK-0411
PERSON-0862,Rakesh Mehta,Male,1974-02-27,50,Sales Representative,Siliguri,Darjeeling,PHONE-0362,BANK-0412
PERSON-0863,Dinesh Agarwal,Male,1966-08-15,58,Warehouse Assistant,Pune,Pune,PHONE-0363,BANK-0413
PERSON-0864,Suresh Roy,Male,1980-12-27,44,Trader,Delhi,East Delhi,PHONE-0364,BANK-0414
PERSON-0865,Sunil Khan,Male,1991-10-24,33,Delivery Agent,Durg,Durg,PHONE-0365,BANK-0415
PERSON-0866,Sunil Mittal,Male,1977-12-02,47,Broker,Howrah,Howrah,PHONE-0366,BANK-0416
PERSON-0867,Manju Ghosh,Female,1984-11-03,40,Mechanic,Chennai,Chennai,PHONE-0367,BANK-0417
PERSON-0868,Kamla Goyal,Female,1979-02-25,45,Contractor,Howrah,Howrah,PHONE-0368,BANK-0418
PERSON-0869,Ashok Khan,Male,1992-05-07,32,Carpenter,Delhi,East Delhi,PHONE-0369,BANK-0419
PERSON-0870,Vikram Gupta,Male,1978-06-24,46,Sales Representative,Delhi,East Delhi,PHONE-0370,BANK-0420
PERSON-0871,Sushma Sharma,Female,1986-02-23,38,Electrician,Kolkata,Kolkata,PHONE-0371,BANK-0421
PERSON-0872,Santosh Qureshi,Male,1998-02-18,26,Consultant,Delhi,East Delhi,PHONE-0372,BANK-0422
PERSON-0873,Vivek Das,Male,1985-03-06,39,Clerk,Ahmedabad,Ahmedabad,PHONE-0373,BANK-0423
PERSON-0874,Sunil Roy,Male,1968-12-13,56,Shopkeeper,Howrah,Howrah,PHONE-0374,BANK-0424
PERSON-0875,Arjun Ghosh,Male,1974-06-06,50,Mechanic,Siliguri,Darjeeling,PHONE-0375,BANK-0425
PERSON-0876,Seema Ansari,Female,1962-09-21,62,Consultant,Kolkata,Kolkata,PHONE-0376,BANK-0426
PERSON-0877,Meena Kaur,Female,1974-01-20,50,Clerk,Mumbai,Mumbai Suburban,PHONE-0377,BANK-0427
PERSON-0878,Sachin Shukla,Male,1979-04-07,45,Driver,Durg,Durg,PHONE-0378,BANK-0428
PERSON-0879,Vikram Mehta,Male,1990-11-22,34,Driver,Pune,Pune,PHONE-0379,BANK-0429
PERSON-0880,Ramesh Mishra,Male,2000-07-17,24,Contractor,Raipur,Raipur,PHONE-0380,BANK-0430
PERSON-0881,Pushpa Goyal,Female,1963-04-18,61,Sales Representative,Bilaspur,Bilaspur,PHONE-0381,BANK-0431
PERSON-0882,Shobha Chatterjee,Female,1996-06-11,28,Shopkeeper,Bilaspur,Bilaspur,PHONE-0382,BANK-0432
PERSON-0883,Ashok Mehta,Male,1989-08-08,35,Driver,Delhi,Central Delhi,PHONE-0383,BANK-0433
PERSON-0884,Pankaj Joshi,Male,2000-02-07,24,Delivery Agent,Nagpur,Nagpur,PHONE-0384,BANK-0434
PERSON-0885,Devendra Qureshi,Male,1968-10-06,56,Security Guard,Howrah,Howrah,PHONE-0385,BANK-0435
PERSON-0886,Pushpa Kaur,Female,1981-03-21,43,Technician,Siliguri,Darjeeling,PHONE-0386,BANK-0436
PERSON-0887,Radha Gupta,Female,2001-10-19,23,Warehouse Assistant,Pune,Pune,PHONE-0387,BANK-0437
PERSON-0888,Ajay Jain,Male,2002-04-01,22,Transporter,Lucknow,Lucknow,PHONE-0388,BANK-0438
PERSON-0889,Shobha Dutta,Female,1975-04-20,49,Driver,Durg,Durg,PHONE-0389,BANK-0439
PERSON-0890,Naveen Qureshi,Male,1990-03-13,34,Mechanic,Mumbai,Mumbai Suburban,PHONE-0390,BANK-0440
PERSON-0891,Dinesh Garg,Male,1981-03-09,43,Technician,Delhi,East Delhi,PHONE-0391,BANK-0441
PERSON-0892,Rajesh Agarwal,Male,1961-05-25,63,Clerk,Delhi,South Delhi,PHONE-0392,BANK-0442
PERSON-0893,Kunal Sen,Male,1989-09-02,35,Consultant,Durg,Durg,PHONE-0393,BANK-0443
PERSON-0894,Neetu Garg,Female,1969-06-06,55,Warehouse Assistant,Delhi,Central Delhi,PHONE-0394,BANK-0444
PERSON-0895,Rahul Qureshi,Male,1990-01-21,34,Electrician,Kolkata,Kolkata,PHONE-0395,BANK-0445
PERSON-0896,Kavita Kumar,Female,1965-09-27,59,Mechanic,Raipur,Raipur,PHONE-0396,BANK-0446
PERSON-0897,Suresh Ahmed,Male,1983-03-24,41,Mechanic,Delhi,East Delhi,PHONE-0397,BANK-0447
PERSON-0898,Sunil Garg,Male,1983-05-19,41,Warehouse Assistant,Durg,Durg,PHONE-0398,BANK-0448
PERSON-0899,Ritu Ghosh,Female,1997-06-13,27,Sales Representative,Ahmedabad,Ahmedabad,PHONE-0399,BANK-0449
PERSON-0900,Vivek Ahmed,Male,1963-12-14,61,Electrician,Surat,Surat,PHONE-0400,BANK-0450
PERSON-0901,Radha Singh,Female,1975-02-25,49,Trader,Delhi,Central Delhi,PHONE-0401,BANK-0001
PERSON-0902,Sanjay Goyal,Male,1986-07-15,38,Trader,Raipur,Raipur,PHONE-0402,BANK-0002
PERSON-0903,Sachin Goyal,Male,1972-02-11,52,Electrician,Varanasi,Varanasi,PHONE-0403,BANK-0003
PERSON-0904,Ritu Pandey,Female,2002-01-28,22,Carpenter,Bilaspur,Bilaspur,PHONE-0404,BANK-0004
PERSON-0905,Vandana Qureshi,Female,1976-07-24,48,Supervisor,Delhi,Central Delhi,PHONE-0405,BANK-0005
PERSON-0906,Alok Singhal,Male,1976-01-04,48,Sales Representative,Kolkata,Kolkata,PHONE-0406,BANK-0006
PERSON-0907,Manju Shukla,Female,1986-12-12,38,Carpenter,Delhi,South Delhi,PHONE-0407,BANK-0007
PERSON-0908,Vandana Verma,Female,1975-12-08,49,Broker,Delhi,Central Delhi,PHONE-0408,BANK-0008
PERSON-0909,Naveen Singh,Male,1986-10-15,38,Consultant,Siliguri,Darjeeling,PHONE-0409,BANK-0009
PERSON-0910,Dinesh Garg,Male,1960-03-01,64,Contractor,Lucknow,Lucknow,PHONE-0410,BANK-0010
PERSON-0911,Babita Ali,Female,1997-09-07,27,Delivery Agent,Lucknow,Lucknow,PHONE-0411,BANK-0011
PERSON-0912,Abhishek Bose,Male,1970-09-22,54,Sales Representative,Mumbai,Mumbai Suburban,PHONE-0412,BANK-0012
PERSON-0913,Manish Kumar,Male,1962-10-25,62,Supervisor,Howrah,Howrah,PHONE-0413,BANK-0013
PERSON-0914,Shashi Banerjee,Female,1983-01-06,41,Plumber,Delhi,Central Delhi,PHONE-0414,BANK-0014
PERSON-0915,Rahul Khan,Male,1976-11-10,48,Delivery Agent,Surat,Surat,PHONE-0415,BANK-0015
PERSON-0916,Naveen Tiwari,Male,1990-08-06,34,Carpenter,Siliguri,Darjeeling,PHONE-0416,BANK-0016
PERSON-0917,Jyoti Mittal,Female,1991-04-02,33,Shopkeeper,Bilaspur,Bilaspur,PHONE-0417,BANK-0017
PERSON-0918,Ritu Bose,Female,1974-11-20,50,Contractor,Delhi,South Delhi,PHONE-0418,BANK-0018
PERSON-0919,Manju Kumar,Female,1997-07-04,27,Security Guard,Mumbai,Mumbai Suburban,PHONE-0419,BANK-0019
PERSON-0920,Vikram Singhal,Male,1972-08-22,52,Contractor,Durg,Durg,PHONE-0420,BANK-0020
PERSON-0921,Pankaj Mehta,Male,2000-02-07,24,Carpenter,Lucknow,Lucknow,PHONE-0421,BANK-0021
PERSON-0922,Babita Garg,Female,1985-08-16,39,Technician,Surat,Surat,PHONE-0422,BANK-0022
PERSON-0923,Kunal Bhattacharya,Male,1982-04-12,42,Consultant,Pune,Pune,PHONE-0423,BANK-0023
PERSON-0924,Hemant Verma,Male,1981-02-01,43,Warehouse Assistant,Nagpur,Nagpur,PHONE-0424,BANK-0024
PERSON-0925,Sushma Das,Female,1964-02-28,60,Carpenter,Kolkata,Kolkata,PHONE-0425,BANK-0025
PERSON-0926,Dinesh Bhattacharya,Male,1963-11-22,61,Plumber,Delhi,East Delhi,PHONE-0426,BANK-0026
PERSON-0927,Rakesh Mehta,Male,2001-11-12,23,Accountant,Pune,Pune,PHONE-0427,BANK-0027
PERSON-0928,Pushpa Ansari,Female,1964-08-13,60,Transporter,Durg,Durg,PHONE-0428,BANK-0028
PERSON-0929,Lata Ahmed,Female,1960-12-04,64,Sales Representative,Ahmedabad,Ahmedabad,PHONE-0429,BANK-0029
PERSON-0930,Rakesh Pandey,Male,1966-12-17,58,Accountant,Surat,Surat,PHONE-0430,BANK-0030
PERSON-0931,Suresh Dutta,Male,1973-03-15,51,Contractor,Chennai,Chennai,PHONE-0431,BANK-0031
PERSON-0932,Harish Mukherjee,Male,1989-03-25,35,Consultant,Durg,Durg,PHONE-0432,BANK-0032
PERSON-0933,Ramesh Ahmed,Male,1992-06-13,32,Security Guard,Kolkata,Kolkata,PHONE-0433,BANK-0033
PERSON-0934,Gaurav Siddiqui,Male,1960-03-18,64,Real Estate Agent,Howrah,Howrah,PHONE-0434,BANK-0034
PERSON-0935,Sangeeta Sen,Female,1966-10-03,58,Real Estate Agent,Durg,Durg,PHONE-0435,BANK-0035
PERSON-0936,Sachin Goyal,Male,1988-04-09,36,Contractor,Delhi,South Delhi,PHONE-0436,BANK-0036
PERSON-0937,Deepak Kumar,Male,1965-04-24,59,Contractor,Pune,Pune,PHONE-0437,BANK-0037
PERSON-0938,Manoj Sarkar,Male,1966-12-01,58,Trader,Delhi,Central Delhi,PHONE-0438,BANK-0038
PERSON-0939,Harish Shukla,Male,1975-06-25,49,Supervisor,Delhi,Central Delhi,PHONE-0439,BANK-0039
PERSON-0940,Kavita Agarwal,Female,1965-04-04,59,Sales Representative,Varanasi,Varanasi,PHONE-0440,BANK-0040
PERSON-0941,Santosh Sarkar,Male,1984-04-16,40,Consultant,Siliguri,Darjeeling,PHONE-0441,BANK-0041
PERSON-0942,Devendra Roy,Male,1960-12-02,64,Transporter,Siliguri,Darjeeling,PHONE-0442,BANK-0042
PERSON-0943,Dharmendra Patel,Male,1966-08-21,58,Mechanic,Mumbai,Mumbai City,PHONE-0443,BANK-0043
PERSON-0944,Sachin Verma,Male,1993-12-07,31,Broker,Pune,Pune,PHONE-0444,BANK-0044
PERSON-0945,Geeta Tiwari,Female,1977-05-27,47,Consultant,Ahmedabad,Ahmedabad,PHONE-0445,BANK-0045
PERSON-0946,Manju Singh,Female,1977-06-14,47,Consultant,Chennai,Chennai,PHONE-0446,BANK-0046
PERSON-0947,Sumit Ali,Male,1998-09-24,26,Trader,Delhi,Central Delhi,PHONE-0447,BANK-0047
PERSON-0948,Rakesh Goyal,Male,1996-03-11,28,Mason,Delhi,Central Delhi,PHONE-0448,BANK-0048
PERSON-0949,Geeta Dutta,Female,1961-03-19,63,Electrician,Delhi,East Delhi,PHONE-0449,BANK-0049
PERSON-0950,Pawan Roy,Male,1989-04-26,35,Mechanic,Siliguri,Darjeeling,PHONE-0450,BANK-0050
PERSON-0951,Pooja Bhattacharya,Female,1996-11-26,28,Electrician,Lucknow,Lucknow,PHONE-0451,BANK-0051
PERSON-0952,Abhishek Mishra,Male,1996-06-16,28,Shopkeeper,Kolkata,Kolkata,PHONE-0452,BANK-0052
PERSON-0953,Shobha Jain,Female,1965-07-05,59,Real Estate Agent,Pune,Pune,PHONE-0453,BANK-0053
PERSON-0954,Kiran Sharma,Female,1987-07-16,37,Trader,Howrah,Howrah,PHONE-0454,BANK-0054
PERSON-0955,Sunil Kaur,Male,1973-11-13,51,Security Guard,Kolkata,Kolkata,PHONE-0455,BANK-0055
PERSON-0956,Vivek Bhattacharya,Male,1995-02-03,29,Contractor,Kolkata,Kolkata,PHONE-0456,BANK-0056
PERSON-0957,Dharmendra Chatterjee,Male,1965-10-19,59,Plumber,Kolkata,Kolkata,PHONE-0457,BANK-0057
PERSON-0958,Ramesh Singhal,Male,1978-08-21,46,Delivery Agent,Raipur,Raipur,PHONE-0458,BANK-0058
PERSON-0959,Manoj Yadav,Male,1998-12-28,26,Tailor,Pune,Pune,PHONE-0459,BANK-0059
PERSON-0960,Vikram Ali,Male,1968-09-16,56,Driver,Chennai,Chennai,PHONE-0460,BANK-0060
PERSON-0961,Satish Bansal,Male,1989-11-04,35,Shopkeeper,Howrah,Howrah,PHONE-0461,BANK-0061
PERSON-0962,Poonam Mehta,Female,1974-06-04,50,Accountant,Chennai,Chennai,PHONE-0462,BANK-0062
PERSON-0963,Vijay Mishra,Male,1967-05-28,57,Accountant,Kolkata,Kolkata,PHONE-0463,BANK-0063
PERSON-0964,Deepak Jain,Male,1979-09-06,45,Delivery Agent,Mumbai,Mumbai Suburban,PHONE-0464,BANK-0064
PERSON-0965,Pooja Mukherjee,Female,2000-09-26,24,Trader,Mumbai,Mumbai Suburban,PHONE-0465,BANK-0065
PERSON-0966,Vivek Das,Male,1971-12-11,53,Carpenter,Lucknow,Lucknow,PHONE-0466,BANK-0066
PERSON-0967,Lata Garg,Female,1970-04-23,54,Contractor,Chennai,Chennai,PHONE-0467,BANK-0067
PERSON-0968,Rajesh Mukherjee,Male,1990-03-10,34,Mechanic,Kolkata,Kolkata,PHONE-0468,BANK-0068
PERSON-0969,Seema Singhal,Female,1985-03-24,39,Transporter,Nagpur,Nagpur,PHONE-0469,BANK-0069
PERSON-0970,Subhash Bose,Male,1978-11-06,46,Sales Representative,Mumbai,Mumbai City,PHONE-0470,BANK-0070
PERSON-0971,Gaurav Ahmed,Male,1968-04-03,56,Real Estate Agent,Siliguri,Darjeeling,PHONE-0471,BANK-0071
PERSON-0972,Ritu Bhattacharya,Female,1960-11-27,64,Carpenter,Lucknow,Lucknow,PHONE-0472,BANK-0072
PERSON-0973,Manish Pandey,Male,1975-07-01,49,Transporter,Pune,Pune,PHONE-0473,BANK-0073
PERSON-0974,Pankaj Patel,Male,1995-11-18,29,Delivery Agent,Chennai,Chennai,PHONE-0474,BANK-0074
PERSON-0975,Suresh Bhattacharya,Male,1985-03-28,39,Broker,Pune,Pune,PHONE-0475,BANK-0075
PERSON-0976,Ramesh Kaur,Male,1978-02-26,46,Contractor,Durg,Durg,PHONE-0476,BANK-0076
PERSON-0977,Alok Singhal,Male,1996-09-12,28,Mason,Ahmedabad,Ahmedabad,PHONE-0477,BANK-0077
PERSON-0978,Shashi Garg,Female,1999-03-11,25,Sales Representative,Howrah,Howrah,PHONE-0478,BANK-0078
PERSON-0979,Harish Goyal,Male,1977-08-19,47,Electrician,Varanasi,Varanasi,PHONE-0479,BANK-0079
PERSON-0980,Dharmendra Pandey,Male,1993-07-19,31,Security Guard,Siliguri,Darjeeling,PHONE-0480,BANK-0080
PERSON-0981,Naveen Mukherjee,Male,1976-12-15,48,Shopkeeper,Varanasi,Varanasi,PHONE-0481,BANK-0081
PERSON-0982,Sumit Hussain,Male,1984-05-14,40,Carpenter,Surat,Surat,PHONE-0482,BANK-0082
PERSON-0983,Neetu Dutta,Female,1983-07-25,41,Technician,Kolkata,Kolkata,PHONE-0483,BANK-0083
PERSON-0984,Sangeeta Gupta,Female,1997-03-19,27,Accountant,Durg,Durg,PHONE-0484,BANK-0084
PERSON-0985,Pradeep Goyal,Male,2002-07-22,22,Carpenter,Ahmedabad,Ahmedabad,PHONE-0485,BANK-0085
PERSON-0986,Kavita Siddiqui,Female,1970-11-22,54,Tailor,Ahmedabad,Ahmedabad,PHONE-0486,BANK-0086
PERSON-0987,Rohit Mehta,Male,1990-12-01,34,Delivery Agent,Varanasi,Varanasi,PHONE-0487,BANK-0087
PERSON-0988,Lata Mukherjee,Female,1959-10-02,65,Transporter,Surat,Surat,PHONE-0488,BANK-0088
PERSON-0989,Anil Agarwal,Male,1991-02-12,33,Electrician,Durg,Durg,PHONE-0489,BANK-0089
PERSON-0990,Amit Ahmed,Male,1978-03-12,46,Contractor,Ahmedabad,Ahmedabad,PHONE-0490,BANK-0090
PERSON-0991,Dinesh Bansal,Male,1984-05-16,40,Trader,Howrah,Howrah,PHONE-0491,BANK-0091
PERSON-0992,Arjun Mittal,Male,1989-05-21,35,Carpenter,Delhi,Central Delhi,PHONE-0492,BANK-0092
PERSON-0993,Anita Hussain,Female,1971-01-12,53,Clerk,Varanasi,Varanasi,PHONE-0493,BANK-0093
PERSON-0994,Kunal Dutta,Male,1996-01-12,28,Shopkeeper,Nagpur,Nagpur,PHONE-0494,BANK-0094
PERSON-0995,Arjun Yadav,Male,1971-04-03,53,Carpenter,Delhi,South Delhi,PHONE-0495,BANK-0095
PERSON-0996,Sanjay Khan,Male,1971-01-05,53,Consultant,Howrah,Howrah,PHONE-0496,BANK-0096
PERSON-0997,Pawan Ali,Male,1983-06-14,41,Shopkeeper,Nagpur,Nagpur,PHONE-0497,BANK-0097
PERSON-0998,Pankaj Yadav,Male,1960-08-06,64,Electrician,Delhi,East Delhi,PHONE-0498,BANK-0098
PERSON-0999,Abhishek Mehta,Male,1990-02-07,34,Trader,Nagpur,Nagpur,PHONE-0499,BANK-0099
PERSON-1000,Rohit Khan,Male,2000-03-22,24,Mechanic,Pune,Pune,PHONE-0500,BANK-0100
