phone_id,phone_number,phone_type,imei,service_provider
PHONE-0001,+91 98765 00001,VirtualNumber,860000000000001,Jio
PHONE-0002,+91 98765 00002,SmartPhone,860000000000002,Airtel
PHONE-0003,+91 98765 00003,SmartPhone,860000000000003,BSNL
PHONE-0004,+91 98765 00004,FeaturePhone,860000000000004,BSNL
PHONE-0005,+91 98765 00005,SmartPhone,860000000000005,BSNL
PHONE-0006,+91 98765 00006,SmartPhone,860000000000006,Airtel
PHONE-0007,+91 98765 00007,FeaturePhone,860000000000007,Jio
PHONE-0008,+91 98765 00008,FeaturePhone,860000000000008,Vodafone-Idea
PHONE-0009,+91 98765 00009,FeaturePhone,860000000000009,Vodafone-Idea
PHONE-0010,+91 98765 00010,FeaturePhone,860000000000010,BSNL
PHONE-0011,+91 98765 00011,SmartPhone,860000000000011,Airtel
PHONE-0012,+91 98765 00012,FeaturePhone,860000000000012,Airtel
PHONE-0013,+91 98765 00013,SmartPhone,860000000000013,Jio
PHONE-0014,+91 98765 00014,VirtualNumber,860000000000014,Vodafone-Idea
PHONE-0015,+91 98765 00015,SmartPhone,860000000000015,Jio
PHONE-0016,+91 98765 00016,VirtualNumber,860000000000016,BSNL
PHONE-0017,+91 98765 00017,VirtualNumber,860000000000017,Airtel
PHONE-0018,+91 98765 00018,SmartPhone,860000000000018,Jio
PHONE-0019,+91 98765 00019,SmartPhone,860000000000019,Jio
PHONE-0020,+91 98765 00020,VirtualNumber,860000000000020,Jio
PHONE-0021,+91 98765 00021,VirtualNumber,860000000000021,Airtel
PHONE-0022,+91 98765 00022,FeaturePhone,860000000000022,Jio
PHONE-0023,+91 98765 00023,VirtualNumber,860000000000023,Airtel
PHONE-0024,+91 98765 00024,VirtualNumber,860000000000024,Jio
PHONE-0025,+91 98765 00025,VirtualNumber,860000000000025,Jio
PHONE-0026,+91 98765 00026,FeaturePhone,860000000000026,Vodafone-Idea
PHONE-0027,+91 98765 00027,FeaturePhone,860000000000027,Airtel
PHONE-0028,+91 98765 00028,VirtualNumber,860000000000028,Vodafone-Idea
PHONE-0029,+91 98765 00029,SmartPhone,860000000000029,Vodafone-Idea
PHONE-0030,+91 98765 00030,FeaturePhone,860000000000030,Airtel
PHONE-0031,+91 98765 00031,VirtualNumber,860000000000031,Vodafone-Idea
PHONE-0032,+91 98765 00032,FeaturePhone,860000000000032,Vodafone-Idea
PHONE-0033,+91 98765 00033,SmartPhone,860000000000033,Jio
PHONE-0034,+91 98765 00034,FeaturePhone,860000000000034,Jio
PHONE-0035,+91 98765 00035,SmartPhone,860000000000035,Airtel
PHONE-0036,+91 98765 00036,VirtualNumber,860000000000036,Vodafone-Idea
PHONE-0037,+91 98765 00037,SmartPhone,860000000000037,Vodafone-Idea
PHONE-0038,+91 98765 00038,SmartPhone,860000000000038,Airtel
PHONE-0039,+91 98765 00039,FeaturePhone,860000000000039,Vodafone-Idea
PHONE-0040,+91 98765 00040,SmartPhone,860000000000040,BSNL
PHONE-0041,+91 98765 00041,VirtualNumber,860000000000041,Vodafone-Idea
PHONE-0042,+91 98765 00042,VirtualNumber,860000000000042,Jio
PHONE-0043,+91 98765 00043,VirtualNumber,860000000000043,Vodafone-Idea
PHONE-0044,+91 98765 00044,VirtualNumber,860000000000044,Jio
PHONE-0045,+91 98765 00045,SmartPhone,860000000000045,Vodafone-Idea
PHONE-0046,+91 98765 00046,SmartPhone,860000000000046,Jio
PHONE-0047,+91 98765 00047,VirtualNumber,860000000000047,Airtel
PHONE-0048,+91 98765 00048,FeaturePhone,860000000000048,Vodafone-Idea
PHONE-0049,+91 98765 00049,VirtualNumber,860000000000049,Airtel
PHONE-0050,+91 98765 00050,VirtualNumber,860000000000050,Vodafone-Idea
PHONE-0051,+91 98765 00051,SmartPhone,860000000000051,Vodafone-Idea
PHONE-0052,+91 98765 00052,VirtualNumber,860000000000052,BSNL
PHONE-0053,+91 98765 00053,FeaturePhone,860000000000053,Jio
PHONE-0054,+91 98765 00054,SmartPhone,860000000000054,BSNL
PHONE-0055,+91 98765 00055,FeaturePhone,860000000000055,Jio
PHONE-0056,+91 98765 00056,SmartPhone,860000000000056,Vodafone-Idea
PHONE-0057,+91 98765 00057,SmartPhone,860000000000057,Vodafone-Idea
PHONE-0058,+91 98765 00058,SmartPhone,860000000000058,BSNL
PHONE-0059,+91 98765 00059,VirtualNumber,860000000000059,BSNL
PHONE-0060,+91 98765 00060,VirtualNumber,860000000000060,Jio
PHONE-0061,+91 98765 00061,SmartPhone,860000000000061,Jio
PHONE-0062,+91 98765 00062,VirtualNumber,860000000000062,Airtel
PHONE-0063,+91 98765 00063,VirtualNumber,860000000000063,Jio
PHONE-0064,+91 98765 00064,FeaturePhone,860000000000064,Airtel
PHONE-0065,+91 98765 00065,FeaturePhone,860000000000065,Airtel
PHONE-0066,+91 98765 00066,SmartPhone,860000000000066,Vodafone-Idea
PHONE-0067,+91 98765 00067,FeaturePhone,860000000000067,Jio
PHONE-0068,+91 98765 00068,FeaturePhone,860000000000068,Airtel
PHONE-0069,+91 98765 00069,VirtualNumber,860000000000069,Airtel
PHONE-0070,+91 98765 00070,VirtualNumber,860000000000070,Jio
PHONE-0071,+91 98765 00071,FeaturePhone,860000000000071,BSNL
PHONE-0072,+91 98765 00072,VirtualNumber,860000000000072,Airtel
PHONE-0073,+91 98765 00073,SmartPhone,860000000000073,Airtel
PHONE-0074,+91 98765 00074,SmartPhone,860000000000074,BSNL
PHONE-0075,+91 98765 00075,SmartPhone,860000000000075,Airtel
PHONE-0076,+91 98765 00076,VirtualNumber,860000000000076,Vodafone-Idea
PHONE-0077,+91 98765 00077,FeaturePhone,860000000000077,Airtel
PHONE-0078,+91 98765 00078,FeaturePhone,860000000000078,Airtel
PHONE-0079,+91 98765 00079,VirtualNumber,860000000000079,Jio
PHONE-0080,+91 98765 00080,FeaturePhone,860000000000080,Jio
PHONE-0081,+91 98765 00081,FeaturePhone,860000000000081,Airtel
PHONE-0082,+91 98765 00082,SmartPhone,860000000000082,BSNL
PHONE-0083,+91 98765 00083,FeaturePhone,860000000000083,Vodafone-Idea
PHONE-0084,+91 98765 00084,SmartPhone,860000000000084,Airtel
PHONE-0085,+91 98765 00085,SmartPhone,860000000000085,Airtel
PHONE-0086,+91 98765 00086,FeaturePhone,860000000000086,Vodafone-Idea
PHONE-0087,+91 98765 00087,FeaturePhone,860000000000087,Jio
PHONE-0088,+91 98765 00088,FeaturePhone,860000000000088,Vodafone-Idea
PHONE-0089,+91 98765 00089,VirtualNumber,860000000000089,BSNL
PHONE-0090,+91 98765 00090,VirtualNumber,860000000000090,Vodafone-Idea
PHONE-0091,+91 98765 00091,SmartPhone,860000000000091,Jio
PHONE-0092,+91 98765 00092,FeaturePhone,860000000000092,Airtel
PHONE-0093,+91 98765 00093,VirtualNumber,860000000000093,Vodafone-Idea
PHONE-0094,+91 98765 00094,SmartPhone,860000000000094,Jio
PHONE-0095,+91 98765 00095,VirtualNumber,860000000000095,BSNL
PHONE-0096,+91 98765 00096,FeaturePhone,860000000000096,Vodafone-Idea
PHONE-0097,+91 98765 00097,FeaturePhone,860000000000097,Jio
PHONE-0098,+91 98765 00098,FeaturePhone,860000000000098,Airtel
PHONE-0099,+91 98765 00099,FeaturePhone,860000000000099,Jio
PHONE-0100,+91 98765 00100,VirtualNumber,860000000000100,BSNL
PHONE-0101,+91 98765 00101,SmartPhone,860000000000101,Airtel
PHONE-0102,+91 98765 00102,FeaturePhone,860000000000102,BSNL
PHONE-0103,+91 98765 00103,SmartPhone,860000000000103,Vodafone-Idea
PHONE-0104,+91 98765 00104,VirtualNumber,860000000000104,Vodafone-Idea
PHONE-0105,+91 98765 00105,VirtualNumber,860000000000105,Jio
PHONE-0106,+91 98765 00106,VirtualNumber,860000000000106,Vodafone-Idea
PHONE-0107,+91 98765 00107,VirtualNumber,860000000000107,Vodafone-Idea
PHONE-0108,+91 98765 00108,VirtualNumber,860000000000108,BSNL
PHONE-0109,+91 98765 00109,FeaturePhone,860000000000109,BSNL
PHONE-0110,+91 98765 00110,VirtualNumber,860000000000110,Vodafone-Idea
PHONE-0111,+91 98765 00111,VirtualNumber,860000000000111,Airtel
PHONE-0112,+91 98765 00112,SmartPhone,860000000000112,BSNL
PHONE-0113,+91 98765 00113,VirtualNumber,860000000000113,BSNL
PHONE-0114,+91 98765 00114,VirtualNumber,860000000000114,Airtel
PHONE-0115,+91 98765 00115,VirtualNumber,860000000000115,Vodafone-Idea
PHONE-0116,+91 98765 00116,FeaturePhone,860000000000116,Jio
PHONE-0117,+91 98765 00117,FeaturePhone,860000000000117,Vodafone-Idea
PHONE-0118,+91 98765 00118,SmartPhone,860000000000118,BSNL
PHONE-0119,+91 98765 00119,VirtualNumber,860000000000119,Vodafone-Idea
PHONE-0120,+91 98765 00120,FeaturePhone,860000000000120,BSNL
PHONE-0121,+91 98765 00121,FeaturePhone,860000000000121,Airtel
PHONE-0122,+91 98765 00122,VirtualNumber,860000000000122,BSNL
PHONE-0123,+91 98765 00123,VirtualNumber,860000000000123,Airtel
PHONE-0124,+91 98765 00124,VirtualNumber,860000000000124,Jio
PHONE-0125,+91 98765 00125,FeaturePhone,860000000000125,Vodafone-Idea
PHONE-0126,+91 98765 00126,SmartPhone,860000000000126,Airtel
PHONE-0127,+91 98765 00127,VirtualNumber,860000000000127,Vodafone-Idea
PHONE-0128,+91 98765 00128,SmartPhone,860000000000128,Airtel
PHONE-0129,+91 98765 00129,SmartPhone,860000000000129,Jio
PHONE-0130,+91 98765 00130,SmartPhone,860000000000130,Airtel
PHONE-0131,+91 98765 00131,FeaturePhone,860000000000131,Jio
PHONE-0132,+91 98765 00132,FeaturePhone,860000000000132,BSNL
PHONE-0133,+91 98765 00133,VirtualNumber,860000000000133,Airtel
PHONE-0134,+91 98765 00134,VirtualNumber,860000000000134,BSNL
PHONE-0135,+91 98765 00135,FeaturePhone,860000000000135,BSNL
PHONE-0136,+91 98765 00136,SmartPhone,860000000000136,Airtel
PHONE-0137,+91 98765 00137,VirtualNumber,860000000000137,Jio
PHONE-0138,+91 98765 00138,SmartPhone,860000000000138,BSNL
PHONE-0139,+91 98765 00139,SmartPhone,860000000000139,Airtel
PHONE-0140,+91 98765 00140,VirtualNumber,860000000000140,BSNL
PHONE-0141,+91 98765 00141,SmartPhone,860000000000141,Airtel
PHONE-0142,+91 98765 00142,SmartPhone,860000000000142,BSNL
PHONE-0143,+91 98765 00143,SmartPhone,860000000000143,BSNL
PHONE-0144,+91 98765 00144,VirtualNumber,860000000000144,Vodafone-Idea
PHONE-0145,+91 98765 00145,FeaturePhone,860000000000145,BSNL
PHONE-0146,+91 98765 00146,VirtualNumber,860000000000146,BSNL
PHONE-0147,+91 98765 00147,SmartPhone,860000000000147,BSNL
PHONE-0148,+91 98765 00148,FeaturePhone,860000000000148,Vodafone-Idea
PHONE-0149,+91 98765 00149,SmartPhone,860000000000149,Vodafone-Idea
PHONE-0150,+91 98765 00150,VirtualNumber,860000000000150,BSNL
PHONE-0151,+91 98765 00151,VirtualNumber,860000000000151,Airtel
PHONE-0152,+91 98765 00152,FeaturePhone,860000000000152,BSNL
PHONE-0153,+91 98765 00153,SmartPhone,860000000000153,Vodafone-Idea
PHONE-0154,+91 98765 00154,SmartPhone,860000000000154,Vodafone-Idea
PHONE-0155,+91 98765 00155,FeaturePhone,860000000000155,Vodafone-Idea
PHONE-0156,+91 98765 00156,VirtualNumber,860000000000156,Jio
PHONE-0157,+91 98765 00157,SmartPhone,860000000000157,Airtel
PHONE-0158,+91 98765 00158,SmartPhone,860000000000158,BSNL
PHONE-0159,+91 98765 00159,VirtualNumber,860000000000159,Airtel
PHONE-0160,+91 98765 00160,VirtualNumber,860000000000160,Airtel
PHONE-0161,+91 98765 00161,SmartPhone,860000000000161,BSNL
PHONE-0162,+91 98765 00162,FeaturePhone,860000000000162,Vodafone-Idea
PHONE-0163,+91 98765 00163,VirtualNumber,860000000000163,BSNL
PHONE-0164,+91 98765 00164,FeaturePhone,860000000000164,Jio
PHONE-0165,+91 98765 00165,SmartPhone,860000000000165,BSNL
PHONE-0166,+91 98765 00166,FeaturePhone,860000000000166,Jio
PHONE-0167,+91 98765 00167,VirtualNumber,860000000000167,BSNL
PHONE-0168,+91 98765 00168,FeaturePhone,860000000000168,Jio
PHONE-0169,+91 98765 00169,FeaturePhone,860000000000169,Vodafone-Idea
PHONE-0170,+91 98765 00170,FeaturePhone,860000000000170,BSNL
PHONE-0171,+91 98765 00171,VirtualNumber,860000000000171,Airtel
PHONE-0172,+91 98765 00172,FeaturePhone,860000000000172,Airtel
PHONE-0173,+91 98765 00173,FeaturePhone,860000000000173,BSNL
PHONE-0174,+91 98765 00174,FeaturePhone,860000000000174,Jio
PHONE-0175,+91 98765 00175,FeaturePhone,860000000000175,Vodafone-Idea
PHONE-0176,+91 98765 00176,VirtualNumber,860000000000176,BSNL
PHONE-0177,+91 98765 00177,VirtualNumber,860000000000177,Airtel
PHONE-0178,+91 98765 00178,FeaturePhone,860000000000178,Airtel
PHONE-0179,+91 98765 00179,VirtualNumber,860000000000179,Jio
PHONE-0180,+91 98765 00180,FeaturePhone,860000000000180,Jio
PHONE-0181,+91 98765 00181,SmartPhone,860000000000181,BSNL
PHONE-0182,+91 98765 00182,SmartPhone,860000000000182,BSNL
PHONE-0183,+91 98765 00183,SmartPhone,860000000000183,Jio
PHONE-0184,+91 98765 00184,FeaturePhone,860000000000184,BSNL
PHONE-0185,+91 98765 00185,FeaturePhone,860000000000185,Airtel
PHONE-0186,+91 98765 00186,FeaturePhone,860000000000186,Vodafone-Idea
PHONE-0187,+91 98765 00187,FeaturePhone,860000000000187,BSNL
PHONE-0188,+91 98765 00188,FeaturePhone,860000000000188,BSNL
PHONE-0189,+91 98765 00189,FeaturePhone,860000000000189,Jio
PHONE-0190,+91 98765 00190,FeaturePhone,860000000000190,Jio
PHONE-0191,+91 98765 00191,VirtualNumber,860000000000191,Jio
PHONE-0192,+91 98765 00192,FeaturePhone,860000000000192,Airtel
PHONE-0193,+91 98765 00193,VirtualNumber,860000000000193,Jio
PHONE-0194,+91 98765 00194,VirtualNumber,860000000000194,Jio
PHONE-0195,+91 98765 00195,SmartPhone,860000000000195,Airtel
PHONE-0196,+91 98765 00196,SmartPhone,860000000000196,Jio
PHONE-0197,+91 98765 00197,VirtualNumber,860000000000197,Airtel
PHONE-0198,+91 98765 00198,SmartPhone,860000000000198,Airtel
PHONE-0199,+91 98765 00199,FeaturePhone,860000000000199,Jio
PHONE-0200,+91 98765 00200,VirtualNumber,860000000000200,Airtel
PHONE-0201,+91 98765 00201,FeaturePhone,860000000000201,Vodafone-Idea
PHONE-0202,+91 98765 00202,FeaturePhone,860000000000202,Airtel
PHONE-0203,+91 98765 00203,VirtualNumber,860000000000203,Jio
PHONE-0204,+91 98765 00204,SmartPhone,860000000000204,Vodafone-Idea
PHONE-0205,+91 98765 00205,SmartPhone,860000000000205,Jio
PHONE-0206,+91 98765 00206,FeaturePhone,860000000000206,BSNL
PHONE-0207,+91 98765 00207,FeaturePhone,860000000000207,Airtel
PHONE-0208,+91 98765 00208,SmartPhone,860000000000208,Airtel
PHONE-0209,+91 98765 00209,SmartPhone,860000000000209,Vodafone-Idea
PHONE-0210,+91 98765 00210,VirtualNumber,860000000000210,Jio
PHONE-0211,+91 98765 00211,VirtualNumber,860000000000211,Jio
PHONE-0212,+91 98765 00212,FeaturePhone,860000000000212,BSNL
PHONE-0213,+91 98765 00213,VirtualNumber,860000000000213,Vodafone-Idea
PHONE-0214,+91 98765 00214,SmartPhone,860000000000214,Vodafone-Idea
PHONE-0215,+91 98765 00215,SmartPhone,860000000000215,BSNL
PHONE-0216,+91 98765 00216,FeaturePhone,860000000000216,Jio
PHONE-0217,+91 98765 00217,FeaturePhone,860000000000217,Vodafone-Idea
PHONE-0218,+91 98765 00218,VirtualNumber,860000000000218,BSNL
PHONE-0219,+91 98765 00219,VirtualNumber,860000000000219,Airtel
PHONE-0220,+91 98765 00220,FeaturePhone,860000000000220,Airtel
PHONE-0221,+91 98765 00221,VirtualNumber,860000000000221,Vodafone-Idea
PHONE-0222,+91 98765 00222,VirtualNumber,860000000000222,BSNL
PHONE-0223,+91 98765 00223,FeaturePhone,860000000000223,BSNL
PHONE-0224,+91 98765 00224,VirtualNumber,860000000000224,Vodafone-Idea
PHONE-0225,+91 98765 00225,FeaturePhone,860000000000225,Airtel
PHONE-0226,+91 98765 00226,SmartPhone,860000000000226,Vodafone-Idea
PHONE-0227,+91 98765 00227,FeaturePhone,860000000000227,Airtel
PHONE-0228,+91 98765 00228,FeaturePhone,860000000000228,BSNL
PHONE-0229,+91 98765 00229,FeaturePhone,860000000000229,Jio
PHONE-0230,+91 98765 00230,FeaturePhone,860000000000230,Vodafone-Idea
PHONE-0231,+91 98765 00231,SmartPhone,860000000000231,BSNL
PHONE-0232,+91 98765 00232,SmartPhone,860000000000232,Vodafone-Idea
PHONE-0233,+91 98765 00233,FeaturePhone,860000000000233,Vodafone-Idea
PHONE-0234,+91 98765 00234,FeaturePhone,860000000000234,Vodafone-Idea
PHONE-0235,+91 98765 00235,VirtualNumber,860000000000235,Jio
PHONE-0236,+91 98765 00236,VirtualNumber,860000000000236,Airtel
PHONE-0237,+91 98765 00237,SmartPhone,860000000000237,Airtel
PHONE-0238,+91 98765 00238,VirtualNumber,860000000000238,BSNL
PHONE-0239,+91 98765 00239,FeaturePhone,860000000000239,Airtel
PHONE-0240,+91 98765 00240,VirtualNumber,860000000000240,BSNL
PHONE-0241,+91 98765 00241,VirtualNumber,860000000000241,BSNL
PHONE-0242,+91 98765 00242,FeaturePhone,860000000000242,Jio
PHONE-0243,+91 98765 00243,SmartPhone,860000000000243,Vodafone-Idea
PHONE-0244,+91 98765 00244,SmartPhone,860000000000244,BSNL
PHONE-0245,+91 98765 00245,VirtualNumber,860000000000245,Airtel
PHONE-0246,+91 98765 00246,FeaturePhone,860000000000246,Vodafone-Idea
PHONE-0247,+91 98765 00247,FeaturePhone,860000000000247,Vodafone-Idea
PHONE-0248,+91 98765 00248,FeaturePhone,860000000000248,Vodafone-Idea
PHONE-0249,+91 98765 00249,FeaturePhone,860000000000249,BSNL
PHONE-0250,+91 98765 00250,FeaturePhone,860000000000250,Vodafone-Idea
PHONE-0251,+91 98765 00251,FeaturePhone,860000000000251,Airtel
PHONE-0252,+91 98765 00252,SmartPhone,860000000000252,Airtel
PHONE-0253,+91 98765 00253,FeaturePhone,860000000000253,Jio
PHONE-0254,+91 98765 00254,VirtualNumber,860000000000254,Airtel
PHONE-0255,+91 98765 00255,SmartPhone,860000000000255,Airtel
PHONE-0256,+91 98765 00256,VirtualNumber,860000000000256,BSNL
PHONE-0257,+91 98765 00257,FeaturePhone,860000000000257,Vodafone-Idea
PHONE-0258,+91 98765 00258,SmartPhone,860000000000258,Airtel
PHONE-0259,+91 98765 00259,FeaturePhone,860000000000259,Airtel
PHONE-0260,+91 98765 00260,FeaturePhone,860000000000260,Airtel
PHONE-0261,+91 98765 00261,FeaturePhone,860000000000261,Jio
PHONE-0262,+91 98765 00262,VirtualNumber,860000000000262,Airtel
PHONE-0263,+91 98765 00263,FeaturePhone,860000000000263,Jio
PHONE-0264,+91 98765 00264,SmartPhone,860000000000264,Vodafone-Idea
PHONE-0265,+91 98765 00265,VirtualNumber,860000000000265,Airtel
PHONE-0266,+91 98765 00266,VirtualNumber,860000000000266,BSNL
PHONE-0267,+91 98765 00267,SmartPhone,860000000000267,Jio
PHONE-0268,+91 98765 00268,VirtualNumber,860000000000268,Vodafone-Idea
PHONE-0269,+91 98765 00269,FeaturePhone,860000000000269,BSNL
PHONE-0270,+91 98765 00270,FeaturePhone,860000000000270,Vodafone-Idea
PHONE-0271,+91 98765 00271,SmartPhone,860000000000271,Jio
PHONE-0272,+91 98765 00272,FeaturePhone,860000000000272,BSNL
PHONE-0273,+91 98765 00273,SmartPhone,860000000000273,Jio
PHONE-0274,+91 98765 00274,FeaturePhone,860000000000274,BSNL
PHONE-0275,+91 98765 00275,SmartPhone,860000000000275,Jio
PHONE-0276,+91 98765 00276,SmartPhone,860000000000276,Airtel
PHONE-0277,+91 98765 00277,VirtualNumber,860000000000277,Vodafone-Idea
PHONE-0278,+91 98765 00278,SmartPhone,860000000000278,Airtel
PHONE-0279,+91 98765 00279,SmartPhone,860000000000279,BSNL
PHONE-0280,+91 98765 00280,VirtualNumber,860000000000280,Airtel
PHONE-0281,+91 98765 00281,VirtualNumber,860000000000281,BSNL
PHONE-0282,+91 98765 00282,FeaturePhone,860000000000282,BSNL
PHONE-0283,+91 98765 00283,FeaturePhone,860000000000283,BSNL
PHONE-0284,+91 98765 00284,FeaturePhone,860000000000284,Jio
PHONE-0285,+91 98765 00285,VirtualNumber,860000000000285,Jio
PHONE-0286,+91 98765 00286,SmartPhone,860000000000286,Airtel
PHONE-0287,+91 98765 00287,FeaturePhone,860000000000287,Jio
PHONE-0288,+91 98765 00288,SmartPhone,860000000000288,Airtel
PHONE-0289,+91 98765 00289,SmartPhone,860000000000289,Jio
PHONE-0290,+91 98765 00290,SmartPhone,860000000000290,Jio
PHONE-0291,+91 98765 00291,FeaturePhone,860000000000291,BSNL
PHONE-0292,+91 98765 00292,VirtualNumber,860000000000292,BSNL
PHONE-0293,+91 98765 00293,FeaturePhone,860000000000293,Jio
PHONE-0294,+91 98765 00294,SmartPhone,860000000000294,Vodafone-Idea
PHONE-0295,+91 98765 00295,VirtualNumber,860000000000295,Vodafone-Idea
PHONE-0296,+91 98765 00296,VirtualNumber,860000000000296,BSNL
PHONE-0297,+91 98765 00297,SmartPhone,860000000000297,Airtel
PHONE-0298,+91 98765 00298,FeaturePhone,860000000000298,Airtel
PHONE-0299,+91 98765 00299,FeaturePhone,860000000000299,Jio
PHONE-0300,+91 98765 00300,VirtualNumber,860000000000300,Airtel
PHONE-0301,+91 98765 00301,VirtualNumber,860000000000301,Airtel
PHONE-0302,+91 98765 00302,FeaturePhone,860000000000302,Airtel
PHONE-0303,+91 98765 00303,SmartPhone,860000000000303,Jio
PHONE-0304,+91 98765 00304,SmartPhone,860000000000304,Vodafone-Idea
PHONE-0305,+91 98765 00305,VirtualNumber,860000000000305,Vodafone-Idea
PHONE-0306,+91 98765 00306,FeaturePhone,860000000000306,Jio
PHONE-0307,+91 98765 00307,FeaturePhone,860000000000307,Vodafone-Idea
PHONE-0308,+91 98765 00308,VirtualNumber,860000000000308,BSNL
PHONE-0309,+91 98765 00309,FeaturePhone,860000000000309,BSNL
PHONE-0310,+91 98765 00310,FeaturePhone,860000000000310,Jio
PHONE-0311,+91 98765 00311,VirtualNumber,860000000000311,Jio
PHONE-0312,+91 98765 00312,FeaturePhone,860000000000312,Vodafone-Idea
PHONE-0313,+91 98765 00313,VirtualNumber,860000000000313,Vodafone-Idea
PHONE-0314,+91 98765 00314,SmartPhone,860000000000314,Jio
PHONE-0315,+91 98765 00315,SmartPhone,860000000000315,Jio
PHONE-0316,+91 98765 00316,VirtualNumber,860000000000316,Vodafone-Idea
PHONE-0317,+91 98765 00317,VirtualNumber,860000000000317,Jio
PHONE-0318,+91 98765 00318,SmartPhone,860000000000318,BSNL
PHONE-0319,+91 98765 00319,VirtualNumber,860000000000319,BSNL
PHONE-0320,+91 98765 00320,FeaturePhone,860000000000320,Airtel
PHONE-0321,+91 98765 00321,VirtualNumber,860000000000321,BSNL
PHONE-0322,+91 98765 00322,VirtualNumber,860000000000322,BSNL
PHONE-0323,+91 98765 00323,SmartPhone,860000000000323,BSNL
PHONE-0324,+91 98765 00324,FeaturePhone,860000000000324,BSNL
PHONE-0325,+91 98765 00325,FeaturePhone,860000000000325,Vodafone-Idea
PHONE-0326,+91 98765 00326,VirtualNumber,860000000000326,Jio
PHONE-0327,+91 98765 00327,SmartPhone,860000000000327,Vodafone-Idea
PHONE-0328,+91 98765 00328,FeaturePhone,860000000000328,BSNL
PHONE-0329,+91 98765 00329,FeaturePhone,860000000000329,BSNL
PHONE-0330,+91 98765 00330,VirtualNumber,860000000000330,Jio
PHONE-0331,+91 98765 00331,FeaturePhone,860000000000331,Jio
PHONE-0332,+91 98765 00332,FeaturePhone,860000000000332,Vodafone-Idea
PHONE-0333,+91 98765 00333,FeaturePhone,860000000000333,Jio
PHONE-0334,+91 98765 00334,FeaturePhone,860000000000334,Jio
PHONE-0335,+91 98765 00335,VirtualNumber,860000000000335,BSNL
PHONE-0336,+91 98765 00336,FeaturePhone,860000000000336,Jio
PHONE-0337,+91 98765 00337,SmartPhone,860000000000337,Vodafone-Idea
PHONE-0338,+91 98765 00338,VirtualNumber,860000000000338,BSNL
PHONE-0339,+91 98765 00339,VirtualNumber,860000000000339,BSNL
PHONE-0340,+91 98765 00340,SmartPhone,860000000000340,Airtel
PHONE-0341,+91 98765 00341,FeaturePhone,860000000000341,Airtel
PHONE-0342,+91 98765 00342,FeaturePhone,860000000000342,BSNL
PHONE-0343,+91 98765 00343,VirtualNumber,860000000000343,BSNL
PHONE-0344,+91 98765 00344,SmartPhone,860000000000344,Jio
PHONE-0345,+91 98765 00345,VirtualNumber,860000000000345,Airtel
PHONE-0346,+91 98765 00346,VirtualNumber,860000000000346,Airtel
PHONE-0347,+91 98765 00347,FeaturePhone,860000000000347,Jio
PHONE-0348,+91 98765 00348,VirtualNumber,860000000000348,BSNL
PHONE-0349,+91 98765 00349,SmartPhone,860000000000349,Airtel
PHONE-0350,+91 98765 00350,SmartPhone,860000000000350,BSNL
PHONE-0351,+91 98765 00351,SmartPhone,860000000000351,Airtel
PHONE-0352,+91 98765 00352,FeaturePhone,860000000000352,Vodafone-Idea
PHONE-0353,+91 98765 00353,VirtualNumber,860000000000353,Vodafone-Idea
PHONE-0354,+91 98765 00354,FeaturePhone,860000000000354,BSNL
PHONE-0355,+91 98765 00355,FeaturePhone,860000000000355,Airtel
PHONE-0356,+91 98765 00356,FeaturePhone,860000000000356,Airtel
PHONE-0357,+91 98765 00357,FeaturePhone,860000000000357,Airtel
PHONE-0358,+91 98765 00358,VirtualNumber,860000000000358,Airtel
PHONE-0359,+91 98765 00359,SmartPhone,860000000000359,Vodafone-Idea
PHONE-0360,+91 98765 00360,FeaturePhone,860000000000360,Vodafone-Idea
PHONE-0361,+91 98765 00361,VirtualNumber,860000000000361,Vodafone-Idea
PHONE-0362,+91 98765 00362,SmartPhone,860000000000362,Vodafone-Idea
PHONE-0363,+91 98765 00363,VirtualNumber,860000000000363,Vodafone-Idea
PHONE-0364,+91 98765 00364,VirtualNumber,860000000000364,BSNL
PHONE-0365,+91 98765 00365,SmartPhone,860000000000365,BSNL
PHONE-0366,+91 98765 00366,VirtualNumber,860000000000366,BSNL
PHONE-0367,+91 98765 00367,FeaturePhone,860000000000367,Vodafone-Idea
PHONE-0368,+91 98765 00368,VirtualNumber,860000000000368,BSNL
PHONE-0369,+91 98765 00369,FeaturePhone,860000000000369,Vodafone-Idea
PHONE-0370,+91 98765 00370,SmartPhone,860000000000370,Airtel
PHONE-0371,+91 98765 00371,VirtualNumber,860000000000371,BSNL
PHONE-0372,+91 98765 00372,SmartPhone,860000000000372,BSNL
PHONE-0373,+91 98765 00373,SmartPhone,860000000000373,Vodafone-Idea
PHONE-0374,+91 98765 00374,VirtualNumber,860000000000374,BSNL
PHONE-0375,+91 98765 00375,VirtualNumber,860000000000375,BSNL
PHONE-0376,+91 98765 00376,FeaturePhone,860000000000376,Airtel
PHONE-0377,+91 98765 00377,FeaturePhone,860000000000377,Jio
PHONE-0378,+91 98765 00378,SmartPhone,860000000000378,Vodafone-Idea
PHONE-0379,+91 98765 00379,SmartPhone,860000000000379,BSNL
PHONE-0380,+91 98765 00380,SmartPhone,860000000000380,BSNL
PHONE-0381,+91 98765 00381,SmartPhone,860000000000381,Airtel
PHONE-0382,+91 98765 00382,FeaturePhone,860000000000382,Airtel
PHONE-0383,+91 98765 00383,SmartPhone,860000000000383,BSNL
PHONE-0384,+91 98765 00384,FeaturePhone,860000000000384,Vodafone-Idea
PHONE-0385,+91 98765 00385,VirtualNumber,860000000000385,BSNL
PHONE-0386,+91 98765 00386,VirtualNumber,860000000000386,Jio
PHONE-0387,+91 98765 00387,FeaturePhone,860000000000387,BSNL
PHONE-0388,+91 98765 00388,FeaturePhone,860000000000388,BSNL
PHONE-0389,+91 98765 00389,VirtualNumber,860000000000389,Jio
PHONE-0390,+91 98765 00390,VirtualNumber,860000000000390,Jio
PHONE-0391,+91 98765 00391,SmartPhone,860000000000391,Vodafone-Idea
PHONE-0392,+91 98765 00392,SmartPhone,860000000000392,Jio
PHONE-0393,+91 98765 00393,FeaturePhone,860000000000393,Jio
PHONE-0394,+91 98765 00394,VirtualNumber,860000000000394,Jio
PHONE-0395,+91 98765 00395,FeaturePhone,860000000000395,Airtel
PHONE-0396,+91 98765 00396,VirtualNumber,860000000000396,Vodafone-Idea
PHONE-0397,+91 98765 00397,SmartPhone,860000000000397,Jio
PHONE-0398,+91 98765 00398,FeaturePhone,860000000000398,Jio
PHONE-0399,+91 98765 00399,FeaturePhone,860000000000399,Vodafone-Idea
PHONE-0400,+91 98765 00400,FeaturePhone,860000000000400,BSNL
PHONE-0401,+91 98765 00401,SmartPhone,860000000000401,Airtel
PHONE-0402,+91 98765 00402,VirtualNumber,860000000000402,BSNL
PHONE-0403,+91 98765 00403,VirtualNumber,860000000000403,Airtel
PHONE-0404,+91 98765 00404,SmartPhone,860000000000404,Airtel
PHONE-0405,+91 98765 00405,SmartPhone,860000000000405,BSNL
PHONE-0406,+91 98765 00406,VirtualNumber,860000000000406,Airtel
PHONE-0407,+91 98765 00407,FeaturePhone,860000000000407,Airtel
PHONE-0408,+91 98765 00408,SmartPhone,860000000000408,BSNL
PHONE-0409,+91 98765 00409,VirtualNumber,860000000000409,Vodafone-Idea
PHONE-0410,+91 98765 00410,FeaturePhone,860000000000410,Vodafone-Idea
PHONE-0411,+91 98765 00411,VirtualNumber,860000000000411,Jio
PHONE-0412,+91 98765 00412,FeaturePhone,860000000000412,Vodafone-Idea
PHONE-0413,+91 98765 00413,VirtualNumber,860000000000413,Airtel
PHONE-0414,+91 98765 00414,SmartPhone,860000000000414,BSNL
PHONE-0415,+91 98765 00415,FeaturePhone,860000000000415,Vodafone-Idea
PHONE-0416,+91 98765 00416,VirtualNumber,860000000000416,BSNL
PHONE-0417,+91 98765 00417,VirtualNumber,860000000000417,Vodafone-Idea
PHONE-0418,+91 98765 00418,FeaturePhone,860000000000418,Vodafone-Idea
PHONE-0419,+91 98765 00419,SmartPhone,860000000000419,BSNL
PHONE-0420,+91 98765 00420,FeaturePhone,860000000000420,Jio
PHONE-0421,+91 98765 00421,SmartPhone,860000000000421,BSNL
PHONE-0422,+91 98765 00422,VirtualNumber,860000000000422,Vodafone-Idea
PHONE-0423,+91 98765 00423,VirtualNumber,860000000000423,Vodafone-Idea
PHONE-0424,+91 98765 00424,VirtualNumber,860000000000424,Vodafone-Idea
PHONE-0425,+91 98765 00425,SmartPhone,860000000000425,BSNL
PHONE-0426,+91 98765 00426,FeaturePhone,860000000000426,Jio
PHONE-0427,+91 98765 00427,VirtualNumber,860000000000427,Jio
PHONE-0428,+91 98765 00428,VirtualNumber,860000000000428,BSNL
PHONE-0429,+91 98765 00429,FeaturePhone,860000000000429,Airtel
PHONE-0430,+91 98765 00430,VirtualNumber,860000000000430,Vodafone-Idea
PHONE-0431,+91 98765 00431,SmartPhone,860000000000431,Airtel
PHONE-0432,+91 98765 00432,VirtualNumber,860000000000432,Vodafone-Idea
PHONE-0433,+91 98765 00433,VirtualNumber,860000000000433,Airtel
PHONE-0434,+91 98765 00434,VirtualNumber,860000000000434,Jio
PHONE-0435,+91 98765 00435,VirtualNumber,860000000000435,Jio
PHONE-0436,+91 98765 00436,FeaturePhone,860000000000436,BSNL
PHONE-0437,+91 98765 00437,SmartPhone,860000000000437,Vodafone-Idea
PHONE-0438,+91 98765 00438,VirtualNumber,860000000000438,Airtel
PHONE-0439,+91 98765 00439,SmartPhone,860000000000439,Vodafone-Idea
PHONE-0440,+91 98765 00440,FeaturePhone,860000000000440,BSNL
PHONE-0441,+91 98765 00441,SmartPhone,860000000000441,Airtel
PHONE-0442,+91 98765 00442,SmartPhone,860000000000442,Vodafone-Idea
PHONE-0443,+91 98765 00443,VirtualNumber,860000000000443,Vodafone-Idea
PHONE-0444,+91 98765 00444,SmartPhone,860000000000444,Vodafone-Idea
PHONE-0445,+91 98765 00445,FeaturePhone,860000000000445,Vodafone-Idea
PHONE-0446,+91 98765 00446,VirtualNumber,860000000000446,Vodafone-Idea
PHONE-0447,+91 98765 00447,SmartPhone,860000000000447,BSNL
PHONE-0448,+91 98765 00448,SmartPhone,860000000000448,Airtel
PHONE-0449,+91 98765 00449,SmartPhone,860000000000449,BSNL
PHONE-0450,+91 98765 00450,VirtualNumber,860000000000450,Vodafone-Idea
PHONE-0451,+91 98765 00451,SmartPhone,860000000000451,BSNL
PHONE-0452,+91 98765 00452,SmartPhone,860000000000452,Vodafone-Idea
PHONE-0453,+91 98765 00453,VirtualNumber,860000000000453,Jio
PHONE-0454,+91 98765 00454,FeaturePhone,860000000000454,Vodafone-Idea
PHONE-0455,+91 98765 00455,VirtualNumber,860000000000455,Vodafone-Idea
PHONE-0456,+91 98765 00456,VirtualNumber,860000000000456,BSNL
PHONE-0457,+91 98765 00457,VirtualNumber,860000000000457,Vodafone-Idea
PHONE-0458,+91 98765 00458,SmartPhone,860000000000458,Airtel
PHONE-0459,+91 98765 00459,FeaturePhone,860000000000459,Jio
PHONE-0460,+91 98765 00460,VirtualNumber,860000000000460,Vodafone-Idea
PHONE-0461,+91 98765 00461,VirtualNumber,860000000000461,Airtel
PHONE-0462,+91 98765 00462,VirtualNumber,860000000000462,Jio
PHONE-0463,+91 98765 00463,VirtualNumber,860000000000463,BSNL
PHONE-0464,+91 98765 00464,VirtualNumber,860000000000464,Vodafone-Idea
PHONE-0465,+91 98765 00465,VirtualNumber,860000000000465,BSNL
PHONE-0466,+91 98765 00466,SmartPhone,860000000000466,Airtel
PHONE-0467,+91 98765 00467,SmartPhone,860000000000467,Jio
PHONE-0468,+91 98765 00468,FeaturePhone,860000000000468,BSNL
PHONE-0469,+91 98765 00469,SmartPhone,860000000000469,Jio
PHONE-0470,+91 98765 00470,SmartPhone,860000000000470,Airtel
PHONE-0471,+91 98765 00471,FeaturePhone,860000000000471,BSNL
PHONE-0472,+91 98765 00472,FeaturePhone,860000000000472,BSNL
PHONE-0473,+91 98765 00473,VirtualNumber,860000000000473,Airtel
PHONE-0474,+91 98765 00474,FeaturePhone,860000000000474,Jio
PHONE-0475,+91 98765 00475,FeaturePhone,860000000000475,BSNL
PHONE-0476,+91 98765 00476,FeaturePhone,860000000000476,Jio
PHONE-0477,+91 98765 00477,VirtualNumber,860000000000477,Vodafone-Idea
PHONE-0478,+91 98765 00478,SmartPhone,860000000000478,BSNL
PHONE-0479,+91 98765 00479,FeaturePhone,860000000000479,Airtel
PHONE-0480,+91 98765 00480,FeaturePhone,860000000000480,Jio
PHONE-0481,+91 98765 00481,VirtualNumber,860000000000481,Vodafone-Idea
PHONE-0482,+91 98765 00482,VirtualNumber,860000000000482,Vodafone-Idea
PHONE-0483,+91 98765 00483,SmartPhone,860000000000483,BSNL
PHONE-0484,+91 98765 00484,FeaturePhone,860000000000484,Airtel
PHONE-0485,+91 98765 00485,SmartPhone,860000000000485,BSNL
PHONE-0486,+91 98765 00486,SmartPhone,860000000000486,Airtel
PHONE-0487,+91 98765 00487,VirtualNumber,860000000000487,Jio
PHONE-0488,+91 98765 00488,SmartPhone,860000000000488,Vodafone-Idea
PHONE-0489,+91 98765 00489,SmartPhone,860000000000489,Airtel
PHONE-0490,+91 98765 00490,VirtualNumber,860000000000490,Airtel
PHONE-0491,+91 98765 00491,SmartPhone,860000000000491,Airtel
PHONE-0492,+91 98765 00492,VirtualNumber,860000000000492,Airtel
PHONE-0493,+91 98765 00493,SmartPhone,860000000000493,Vodafone-Idea
PHONE-0494,+91 98765 00494,SmartPhone,860000000000494,Jio
PHONE-0495,+91 98765 00495,FeaturePhone,860000000000495,Airtel
PHONE-0496,+91 98765 00496,SmartPhone,860000000000496,Vodafone-Idea
PHONE-0497,+91 98765 00497,SmartPhone,860000000000497,Jio
PHONE-0498,+91 98765 00498,VirtualNumber,860000000000498,Jio
PHONE-0499,+91 98765 00499,SmartPhone,860000000000499,Jio
PHONE-0500,+91 98765 00500,FeaturePhone,860000000000500,Airtel
