transaction_id,case_id,source_person_id,target_person_id,source_account_id,target_account_id,amount,description
TXN-0001,CASE-1190,PERSON-0542,PERSON-0307,BANK-0092,BANK-0307,75000,Synthetic transaction record: PERSON-0542 transferred INR 75000 to PERSON-0307 linked to CASE-1190.
TXN-0002,CASE-0674,PERSON-0831,PERSON-0102,BANK-0381,BANK-0102,75000,Synthetic transaction record: PERSON-0831 transferred INR 75000 to PERSON-0102 linked to CASE-0674.
TXN-0003,CASE-0423,PERSON-0436,PERSON-0509,BANK-0436,BANK-0059,50000,Synthetic transaction record: PERSON-0436 transferred INR 50000 to PERSON-0509 linked to CASE-0423.
TXN-0004,CASE-1072,PERSON-0401,PERSON-0536,BANK-0401,BANK-0086,25000,Synthetic transaction record: PERSON-0401 transferred INR 25000 to PERSON-0536 linked to CASE-1072.
TXN-0005,CASE-0170,PERSON-0187,PERSON-0744,BANK-0187,BANK-0294,50000,Synthetic transaction record: PERSON-0187 transferred INR 50000 to PERSON-0744 linked to CASE-0170.
TXN-0006,CASE-0061,PERSON-0215,PERSON-0541,BANK-0215,BANK-0091,250000,Synthetic transaction record: PERSON-0215 transferred INR 250000 to PERSON-0541 linked to CASE-0061.
TXN-0007,CASE-0700,PERSON-0771,PERSON-0445,BANK-0321,BANK-0445,250000,Synthetic transaction record: PERSON-0771 transferred INR 250000 to PERSON-0445 linked to CASE-0700.
TXN-0008,CASE-0234,PERSON-0794,PERSON-0084,BANK-0344,BANK-0084,250000,Synthetic transaction record: PERSON-0794 transferred INR 250000 to PERSON-0084 linked to CASE-0234.
TXN-0009,CASE-0504,PERSON-0625,PERSON-0504,BANK-0175,BANK-0054,250000,Synthetic transaction record: PERSON-0625 transferred INR 250000 to PERSON-0504 linked to CASE-0504.
TXN-0010,CASE-0164,PERSON-0282,PERSON-0968,BANK-0282,BANK-0068,75000,Synthetic transaction record: PERSON-0282 transferred INR 75000 to PERSON-0968 linked to CASE-0164.
TXN-0011,CASE-1181,PERSON-0012,PERSON-0909,BANK-0012,BANK-0009,25000,Synthetic transaction record: PERSON-0012 transferred INR 25000 to PERSON-0909 linked to CASE-1181.
TXN-0012,CASE-1174,PERSON-0646,PERSON-0867,BANK-0196,BANK-0417,50000,Synthetic transaction record: PERSON-0646 transferred INR 50000 to PERSON-0867 linked to CASE-1174.
TXN-0013,CASE-0216,PERSON-0456,PERSON-0480,BANK-0006,BANK-0030,250000,Synthetic transaction record: PERSON-0456 transferred INR 250000 to PERSON-0480 linked to CASE-0216.
TXN-0014,CASE-0097,PERSON-0380,PERSON-0324,BANK-0380,BANK-0324,50000,Synthetic transaction record: PERSON-0380 transferred INR 50000 to PERSON-0324 linked to CASE-0097.
TXN-0015,CASE-1148,PERSON-0883,PERSON-0436,BANK-0433,BANK-0436,150000,Synthetic transaction record: PERSON-0883 transferred INR 150000 to PERSON-0436 linked to CASE-1148.
TXN-0016,CASE-1199,PERSON-0213,PERSON-0227,BANK-0213,BANK-0227,75000,Synthetic transaction record: PERSON-0213 transferred INR 75000 to PERSON-0227 linked to CASE-1199.
TXN-0017,CASE-0184,PERSON-0644,PERSON-0849,BANK-0194,BANK-0399,500000,Synthetic transaction record: PERSON-0644 transferred INR 500000 to PERSON-0849 linked to CASE-0184.
TXN-0018,CASE-0642,PERSON-0763,PERSON-0517,BANK-0313,BANK-0067,250000,Synthetic transaction record: PERSON-0763 transferred INR 250000 to PERSON-0517 linked to CASE-0642.
TXN-0019,CASE-0043,PERSON-0773,PERSON-0740,BANK-0323,BANK-0290,150000,Synthetic transaction record: PERSON-0773 transferred INR 150000 to PERSON-0740 linked to CASE-0043.
TXN-0020,CASE-0025,PERSON-0788,PERSON-0857,BANK-0338,BANK-0407,500000,Synthetic transaction record: PERSON-0788 transferred INR 500000 to PERSON-0857 linked to CASE-0025.
TXN-0021,CASE-0653,PERSON-0200,PERSON-0130,BANK-0200,BANK-0130,500000,Synthetic transaction record: PERSON-0200 transferred INR 500000 to PERSON-0130 linked to CASE-0653.
TXN-0022,CASE-0809,PERSON-0021,PERSON-0765,BANK-0021,BANK-0315,500000,Synthetic transaction record: PERSON-0021 transferred INR 500000 to PERSON-0765 linked to CASE-0809.
TXN-0023,CASE-0249,PERSON-0125,PERSON-0590,BANK-0125,BANK-0140,50000,Synthetic transaction record: PERSON-0125 transferred INR 50000 to PERSON-0590 linked to CASE-0249.
TXN-0024,CASE-1198,PERSON-0082,PERSON-0011,BANK-0082,BANK-0011,50000,Synthetic transaction record: PERSON-0082 transferred INR 50000 to PERSON-0011 linked to CASE-1198.
TXN-0025,CASE-1091,PERSON-0129,PERSON-0874,BANK-0129,BANK-0424,250000,Synthetic transaction record: PERSON-0129 transferred INR 250000 to PERSON-0874 linked to CASE-1091.
TXN-0026,CASE-0972,PERSON-0315,PERSON-0138,BANK-0315,BANK-0138,500000,Synthetic transaction record: PERSON-0315 transferred INR 500000 to PERSON-0138 linked to CASE-0972.
TXN-0027,CASE-0646,PERSON-0358,PERSON-0125,BANK-0358,BANK-0125,50000,Synthetic transaction record: PERSON-0358 transferred INR 50000 to PERSON-0125 linked to CASE-0646.
TXN-0028,CASE-0874,PERSON-0044,PERSON-0588,BANK-0044,BANK-0138,25000,Synthetic transaction record: PERSON-0044 transferred INR 25000 to PERSON-0588 linked to CASE-0874.
TXN-0029,CASE-1088,PERSON-0336,PERSON-0847,BANK-0336,BANK-0397,250000,Synthetic transaction record: PERSON-0336 transferred INR 250000 to PERSON-0847 linked to CASE-1088.
TXN-0030,CASE-0207,PERSON-0877,PERSON-0515,BANK-0427,BANK-0065,500000,Synthetic transaction record: PERSON-0877 transferred INR 500000 to PERSON-0515 linked to CASE-0207.
TXN-0031,CASE-0252,PERSON-0044,PERSON-0291,BANK-0044,BANK-0291,75000,Synthetic transaction record: PERSON-0044 transferred INR 75000 to PERSON-0291 linked to CASE-0252.
TXN-0032,CASE-0125,PERSON-0901,PERSON-0139,BANK-0001,BANK-0139,75000,Synthetic transaction record: PERSON-0901 transferred INR 75000 to PERSON-0139 linked to CASE-0125.
TXN-0033,CASE-0435,PERSON-0732,PERSON-0473,BANK-0282,BANK-0023,50000,Synthetic transaction record: PERSON-0732 transferred INR 50000 to PERSON-0473 linked to CASE-0435.
TXN-0034,CASE-0821,PERSON-0072,PERSON-0928,BANK-0072,BANK-0028,75000,Synthetic transaction record: PERSON-0072 transferred INR 75000 to PERSON-0928 linked to CASE-0821.
TXN-0035,CASE-1088,PERSON-0509,PERSON-0211,BANK-0059,BANK-0211,150000,Synthetic transaction record: PERSON-0509 transferred INR 150000 to PERSON-0211 linked to CASE-1088.
TXN-0036,CASE-0824,PERSON-0144,PERSON-0937,BANK-0144,BANK-0037,150000,Synthetic transaction record: PERSON-0144 transferred INR 150000 to PERSON-0937 linked to CASE-0824.
TXN-0037,CASE-0162,PERSON-0223,PERSON-0707,BANK-0223,BANK-0257,75000,Synthetic transaction record: PERSON-0223 transferred INR 75000 to PERSON-0707 linked to CASE-0162.
TXN-0038,CASE-1044,PERSON-0738,PERSON-0614,BANK-0288,BANK-0164,150000,Synthetic transaction record: PERSON-0738 transferred INR 150000 to PERSON-0614 linked to CASE-1044.
TXN-0039,CASE-1164,PERSON-0252,PERSON-0215,BANK-0252,BANK-0215,75000,Synthetic transaction record: PERSON-0252 transferred INR 75000 to PERSON-0215 linked to CASE-1164.
TXN-0040,CASE-0496,PERSON-0818,PERSON-0634,BANK-0368,BANK-0184,25000,Synthetic transaction record: PERSON-0818 transferred INR 25000 to PERSON-0634 linked to CASE-0496.
TXN-0041,CASE-0015,PERSON-0642,PERSON-0342,BANK-0192,BANK-0342,250000,Synthetic transaction record: PERSON-0642 transferred INR 250000 to PERSON-0342 linked to CASE-0015.
TXN-0042,CASE-0659,PERSON-0999,PERSON-0895,BANK-0099,BANK-0445,150000,Synthetic transaction record: PERSON-0999 transferred INR 150000 to PERSON-0895 linked to CASE-0659.
TXN-0043,CASE-0186,PERSON-0376,PERSON-0649,BANK-0376,BANK-0199,75000,Synthetic transaction record: PERSON-0376 transferred INR 75000 to PERSON-0649 linked to CASE-0186.
TXN-0044,CASE-0923,PERSON-0682,PERSON-0253,BANK-0232,BANK-0253,25000,Synthetic transaction record: PERSON-0682 transferred INR 25000 to PERSON-0253 linked to CASE-0923.
TXN-0045,CASE-0685,PERSON-0882,PERSON-0396,BANK-0432,BANK-0396,150000,Synthetic transaction record: PERSON-0882 transferred INR 150000 to PERSON-0396 linked to CASE-0685.
TXN-0046,CASE-0491,PERSON-0599,PERSON-0500,BANK-0149,BANK-0050,250000,Synthetic transaction record: PERSON-0599 transferred INR 250000 to PERSON-0500 linked to CASE-0491.
TXN-0047,CASE-0381,PERSON-0366,PERSON-0356,BANK-0366,BANK-0356,25000,Synthetic transaction record: PERSON-0366 transferred INR 25000 to PERSON-0356 linked to CASE-0381.
TXN-0048,CASE-0208,PERSON-0389,PERSON-0298,BANK-0389,BANK-0298,50000,Synthetic transaction record: PERSON-0389 transferred INR 50000 to PERSON-0298 linked to CASE-0208.
TXN-0049,CASE-0805,PERSON-0980,PERSON-0696,BANK-0080,BANK-0246,250000,Synthetic transaction record: PERSON-0980 transferred INR 250000 to PERSON-0696 linked to CASE-0805.
TXN-0050,CASE-0088,PERSON-0676,PERSON-0138,BANK-0226,BANK-0138,250000,Synthetic transaction record: PERSON-0676 transferred INR 250000 to PERSON-0138 linked to CASE-0088.
TXN-0051,CASE-0492,PERSON-0483,PERSON-0498,BANK-0033,BANK-0048,50000,Synthetic transaction record: PERSON-0483 transferred INR 50000 to PERSON-0498 linked to CASE-0492.
TXN-0052,CASE-0936,PERSON-0029,PERSON-0876,BANK-0029,BANK-0426,50000,Synthetic transaction record: PERSON-0029 transferred INR 50000 to PERSON-0876 linked to CASE-0936.
TXN-0053,CASE-1116,PERSON-0609,PERSON-0432,BANK-0159,BANK-0432,500000,Synthetic transaction record: PERSON-0609 transferred INR 500000 to PERSON-0432 linked to CASE-1116.
TXN-0054,CASE-0775,PERSON-0420,PERSON-0005,BANK-0420,BANK-0005,75000,Synthetic transaction record: PERSON-0420 transferred INR 75000 to PERSON-0005 linked to CASE-0775.
TXN-0055,CASE-0511,PERSON-0303,PERSON-0182,BANK-0303,BANK-0182,250000,Synthetic transaction record: PERSON-0303 transferred INR 250000 to PERSON-0182 linked to CASE-0511.
TXN-0056,CASE-0169,PERSON-0387,PERSON-0827,BANK-0387,BANK-0377,75000,Synthetic transaction record: PERSON-0387 transferred INR 75000 to PERSON-0827 linked to CASE-0169.
TXN-0057,CASE-0526,PERSON-0071,PERSON-0837,BANK-0071,BANK-0387,500000,Synthetic transaction record: PERSON-0071 transferred INR 500000 to PERSON-0837 linked to CASE-0526.
TXN-0058,CASE-0845,PERSON-0079,PERSON-0036,BANK-0079,BANK-0036,25000,Synthetic transaction record: PERSON-0079 transferred INR 25000 to PERSON-0036 linked to CASE-0845.
TXN-0059,CASE-0946,PERSON-0982,PERSON-0972,BANK-0082,BANK-0072,75000,Synthetic transaction record: PERSON-0982 transferred INR 75000 to PERSON-0972 linked to CASE-0946.
TXN-0060,CASE-0420,PERSON-0343,PERSON-0549,BANK-0343,BANK-0099,500000,Synthetic transaction record: PERSON-0343 transferred INR 500000 to PERSON-0549 linked to CASE-0420.
TXN-0061,CASE-0614,PERSON-0420,PERSON-0849,BANK-0420,BANK-0399,75000,Synthetic transaction record: PERSON-0420 transferred INR 75000 to PERSON-0849 linked to CASE-0614.
TXN-0062,CASE-0088,PERSON-0999,PERSON-0383,BANK-0099,BANK-0383,25000,Synthetic transaction record: PERSON-0999 transferred INR 25000 to PERSON-0383 linked to CASE-0088.
TXN-0063,CASE-0077,PERSON-0194,PERSON-0686,BANK-0194,BANK-0236,250000,Synthetic transaction record: PERSON-0194 transferred INR 250000 to PERSON-0686 linked to CASE-0077.
TXN-0064,CASE-1120,PERSON-0002,PERSON-0139,BANK-0002,BANK-0139,150000,Synthetic transaction record: PERSON-0002 transferred INR 150000 to PERSON-0139 linked to CASE-1120.
TXN-0065,CASE-0439,PERSON-0009,PERSON-0271,BANK-0009,BANK-0271,50000,Synthetic transaction record: PERSON-0009 transferred INR 50000 to PERSON-0271 linked to CASE-0439.
TXN-0066,CASE-0997,PERSON-0430,PERSON-0214,BANK-0430,BANK-0214,150000,Synthetic transaction record: PERSON-0430 transferred INR 150000 to PERSON-0214 linked to CASE-0997.
TXN-0067,CASE-0276,PERSON-0957,PERSON-0878,BANK-0057,BANK-0428,250000,Synthetic transaction record: PERSON-0957 transferred INR 250000 to PERSON-0878 linked to CASE-0276.
TXN-0068,CASE-0210,PERSON-0270,PERSON-0649,BANK-0270,BANK-0199,75000,Synthetic transaction record: PERSON-0270 transferred INR 75000 to PERSON-0649 linked to CASE-0210.
TXN-0069,CASE-0555,PERSON-0465,PERSON-0119,BANK-0015,BANK-0119,250000,Synthetic transaction record: PERSON-0465 transferred INR 250000 to PERSON-0119 linked to CASE-0555.
TXN-0070,CASE-1186,PERSON-0236,PERSON-0607,BANK-0236,BANK-0157,75000,Synthetic transaction record: PERSON-0236 transferred INR 75000 to PERSON-0607 linked to CASE-1186.
TXN-0071,CASE-0433,PERSON-0949,PERSON-0023,BANK-0049,BANK-0023,250000,Synthetic transaction record: PERSON-0949 transferred INR 250000 to PERSON-0023 linked to CASE-0433.
TXN-0072,CASE-0844,PERSON-0589,PERSON-0817,BANK-0139,BANK-0367,25000,Synthetic transaction record: PERSON-0589 transferred INR 25000 to PERSON-0817 linked to CASE-0844.
TXN-0073,CASE-0857,PERSON-0508,PERSON-0412,BANK-0058,BANK-0412,75000,Synthetic transaction record: PERSON-0508 transferred INR 75000 to PERSON-0412 linked to CASE-0857.
TXN-0074,CASE-1243,PERSON-0642,PERSON-0989,BANK-0192,BANK-0089,500000,Synthetic transaction record: PERSON-0642 transferred INR 500000 to PERSON-0989 linked to CASE-1243.
TXN-0075,CASE-0008,PERSON-0584,PERSON-0178,BANK-0134,BANK-0178,50000,Synthetic transaction record: PERSON-0584 transferred INR 50000 to PERSON-0178 linked to CASE-0008.
TXN-0076,CASE-1036,PERSON-0550,PERSON-0782,BANK-0100,BANK-0332,75000,Synthetic transaction record: PERSON-0550 transferred INR 75000 to PERSON-0782 linked to CASE-1036.
TXN-0077,CASE-1043,PERSON-0466,PERSON-0784,BANK-0016,BANK-0334,75000,Synthetic transaction record: PERSON-0466 transferred INR 75000 to PERSON-0784 linked to CASE-1043.
TXN-0078,CASE-0656,PERSON-0773,PERSON-0984,BANK-0323,BANK-0084,75000,Synthetic transaction record: PERSON-0773 transferred INR 75000 to PERSON-0984 linked to CASE-0656.
TXN-0079,CASE-0230,PERSON-0877,PERSON-0724,BANK-0427,BANK-0274,50000,Synthetic transaction record: PERSON-0877 transferred INR 50000 to PERSON-0724 linked to CASE-0230.
TXN-0080,CASE-0674,PERSON-0551,PERSON-0767,BANK-0101,BANK-0317,150000,Synthetic transaction record: PERSON-0551 transferred INR 150000 to PERSON-0767 linked to CASE-0674.
TXN-0081,CASE-0279,PERSON-0867,PERSON-0503,BANK-0417,BANK-0053,25000,Synthetic transaction record: PERSON-0867 transferred INR 25000 to PERSON-0503 linked to CASE-0279.
TXN-0082,CASE-0929,PERSON-0273,PERSON-0910,BANK-0273,BANK-0010,50000,Synthetic transaction record: PERSON-0273 transferred INR 50000 to PERSON-0910 linked to CASE-0929.
TXN-0083,CASE-0044,PERSON-0658,PERSON-0992,BANK-0208,BANK-0092,150000,Synthetic transaction record: PERSON-0658 transferred INR 150000 to PERSON-0992 linked to CASE-0044.
TXN-0084,CASE-1133,PERSON-0983,PERSON-0574,BANK-0083,BANK-0124,25000,Synthetic transaction record: PERSON-0983 transferred INR 25000 to PERSON-0574 linked to CASE-1133.
TXN-0085,CASE-0217,PERSON-0776,PERSON-0393,BANK-0326,BANK-0393,75000,Synthetic transaction record: PERSON-0776 transferred INR 75000 to PERSON-0393 linked to CASE-0217.
TXN-0086,CASE-0072,PERSON-0208,PERSON-0313,BANK-0208,BANK-0313,50000,Synthetic transaction record: PERSON-0208 transferred INR 50000 to PERSON-0313 linked to CASE-0072.
TXN-0087,CASE-1210,PERSON-0516,PERSON-0779,BANK-0066,BANK-0329,250000,Synthetic transaction record: PERSON-0516 transferred INR 250000 to PERSON-0779 linked to CASE-1210.
TXN-0088,CASE-0134,PERSON-0520,PERSON-0506,BANK-0070,BANK-0056,50000,Synthetic transaction record: PERSON-0520 transferred INR 50000 to PERSON-0506 linked to CASE-0134.
TXN-0089,CASE-1124,PERSON-0482,PERSON-0454,BANK-0032,BANK-0004,500000,Synthetic transaction record: PERSON-0482 transferred INR 500000 to PERSON-0454 linked to CASE-1124.
TXN-0090,CASE-0736,PERSON-0985,PERSON-0525,BANK-0085,BANK-0075,50000,Synthetic transaction record: PERSON-0985 transferred INR 50000 to PERSON-0525 linked to CASE-0736.
TXN-0091,CASE-0480,PERSON-0220,PERSON-0415,BANK-0220,BANK-0415,75000,Synthetic transaction record: PERSON-0220 transferred INR 75000 to PERSON-0415 linked to CASE-0480.
TXN-0092,CASE-0973,PERSON-0461,PERSON-0015,BANK-0011,BANK-0015,75000,Synthetic transaction record: PERSON-0461 transferred INR 75000 to PERSON-0015 linked to CASE-0973.
TXN-0093,CASE-0194,PERSON-0239,PERSON-0735,BANK-0239,BANK-0285,25000,Synthetic transaction record: PERSON-0239 transferred INR 25000 to PERSON-0735 linked to CASE-0194.
TXN-0094,CASE-1240,PERSON-0013,PERSON-0638,BANK-0013,BANK-0188,25000,Synthetic transaction record: PERSON-0013 transferred INR 25000 to PERSON-0638 linked to CASE-1240.
TXN-0095,CASE-0715,PERSON-0198,PERSON-0525,BANK-0198,BANK-0075,500000,Synthetic transaction record: PERSON-0198 transferred INR 500000 to PERSON-0525 linked to CASE-0715.
TXN-0096,CASE-0859,PERSON-0993,PERSON-0024,BANK-0093,BANK-0024,50000,Synthetic transaction record: PERSON-0993 transferred INR 50000 to PERSON-0024 linked to CASE-0859.
TXN-0097,CASE-1117,PERSON-0131,PERSON-0406,BANK-0131,BANK-0406,50000,Synthetic transaction record: PERSON-0131 transferred INR 50000 to PERSON-0406 linked to CASE-1117.
TXN-0098,CASE-0715,PERSON-0271,PERSON-0807,BANK-0271,BANK-0357,50000,Synthetic transaction record: PERSON-0271 transferred INR 50000 to PERSON-0807 linked to CASE-0715.
TXN-0099,CASE-0081,PERSON-0947,PERSON-0269,BANK-0047,BANK-0269,25000,Synthetic transaction record: PERSON-0947 transferred INR 25000 to PERSON-0269 linked to CASE-0081.
TXN-0100,CASE-0349,PERSON-0884,PERSON-0891,BANK-0434,BANK-0441,50000,Synthetic transaction record: PERSON-0884 transferred INR 50000 to PERSON-0891 linked to CASE-0349.
TXN-0101,CASE-0175,PERSON-0626,PERSON-0036,BANK-0176,BANK-0036,500000,Synthetic transaction record: PERSON-0626 transferred INR 500000 to PERSON-0036 linked to CASE-0175.
TXN-0102,CASE-0730,PERSON-0462,PERSON-0473,BANK-0012,BANK-0023,50000,Synthetic transaction record: PERSON-0462 transferred INR 50000 to PERSON-0473 linked to CASE-0730.
TXN-0103,CASE-0015,PERSON-0275,PERSON-0777,BANK-0275,BANK-0327,75000,Synthetic transaction record: PERSON-0275 transferred INR 75000 to PERSON-0777 linked to CASE-0015.
TXN-0104,CASE-0136,PERSON-0021,PERSON-0058,BANK-0021,BANK-0058,500000,Synthetic transaction record: PERSON-0021 transferred INR 500000 to PERSON-0058 linked to CASE-0136.
TXN-0105,CASE-1014,PERSON-0707,PERSON-0606,BANK-0257,BANK-0156,500000,Synthetic transaction record: PERSON-0707 transferred INR 500000 to PERSON-0606 linked to CASE-1014.
TXN-0106,CASE-0558,PERSON-0103,PERSON-0579,BANK-0103,BANK-0129,50000,Synthetic transaction record: PERSON-0103 transferred INR 50000 to PERSON-0579 linked to CASE-0558.
TXN-0107,CASE-0327,PERSON-0278,PERSON-0381,BANK-0278,BANK-0381,50000,Synthetic transaction record: PERSON-0278 transferred INR 50000 to PERSON-0381 linked to CASE-0327.
TXN-0108,CASE-1129,PERSON-0659,PERSON-0078,BANK-0209,BANK-0078,25000,Synthetic transaction record: PERSON-0659 transferred INR 25000 to PERSON-0078 linked to CASE-1129.
TXN-0109,CASE-0989,PERSON-0732,PERSON-0631,BANK-0282,BANK-0181,75000,Synthetic transaction record: PERSON-0732 transferred INR 75000 to PERSON-0631 linked to CASE-0989.
TXN-0110,CASE-0203,PERSON-0978,PERSON-0650,BANK-0078,BANK-0200,50000,Synthetic transaction record: PERSON-0978 transferred INR 50000 to PERSON-0650 linked to CASE-0203.
TXN-0111,CASE-0296,PERSON-0769,PERSON-0284,BANK-0319,BANK-0284,250000,Synthetic transaction record: PERSON-0769 transferred INR 250000 to PERSON-0284 linked to CASE-0296.
TXN-0112,CASE-0954,PERSON-0029,PERSON-0602,BANK-0029,BANK-0152,500000,Synthetic transaction record: PERSON-0029 transferred INR 500000 to PERSON-0602 linked to CASE-0954.
TXN-0113,CASE-1143,PERSON-0487,PERSON-0155,BANK-0037,BANK-0155,500000,Synthetic transaction record: PERSON-0487 transferred INR 500000 to PERSON-0155 linked to CASE-1143.
TXN-0114,CASE-0799,PERSON-0262,PERSON-0887,BANK-0262,BANK-0437,250000,Synthetic transaction record: PERSON-0262 transferred INR 250000 to PERSON-0887 linked to CASE-0799.
TXN-0115,CASE-0834,PERSON-0210,PERSON-0188,BANK-0210,BANK-0188,50000,Synthetic transaction record: PERSON-0210 transferred INR 50000 to PERSON-0188 linked to CASE-0834.
TXN-0116,CASE-0765,PERSON-0081,PERSON-0508,BANK-0081,BANK-0058,75000,Synthetic transaction record: PERSON-0081 transferred INR 75000 to PERSON-0508 linked to CASE-0765.
TXN-0117,CASE-0296,PERSON-0190,PERSON-0297,BANK-0190,BANK-0297,25000,Synthetic transaction record: PERSON-0190 transferred INR 25000 to PERSON-0297 linked to CASE-0296.
TXN-0118,CASE-0543,PERSON-0853,PERSON-0912,BANK-0403,BANK-0012,500000,Synthetic transaction record: PERSON-0853 transferred INR 500000 to PERSON-0912 linked to CASE-0543.
TXN-0119,CASE-0439,PERSON-0177,PERSON-0430,BANK-0177,BANK-0430,25000,Synthetic transaction record: PERSON-0177 transferred INR 25000 to PERSON-0430 linked to CASE-0439.
TXN-0120,CASE-0221,PERSON-0547,PERSON-0849,BANK-0097,BANK-0399,250000,Synthetic transaction record: PERSON-0547 transferred INR 250000 to PERSON-0849 linked to CASE-0221.
TXN-0121,CASE-0106,PERSON-0037,PERSON-0198,BANK-0037,BANK-0198,75000,Synthetic transaction record: PERSON-0037 transferred INR 75000 to PERSON-0198 linked to CASE-0106.
TXN-0122,CASE-0784,PERSON-0539,PERSON-0442,BANK-0089,BANK-0442,25000,Synthetic transaction record: PERSON-0539 transferred INR 25000 to PERSON-0442 linked to CASE-0784.
TXN-0123,CASE-0782,PERSON-0221,PERSON-0052,BANK-0221,BANK-0052,150000,Synthetic transaction record: PERSON-0221 transferred INR 150000 to PERSON-0052 linked to CASE-0782.
TXN-0124,CASE-0025,PERSON-0153,PERSON-0560,BANK-0153,BANK-0110,150000,Synthetic transaction record: PERSON-0153 transferred INR 150000 to PERSON-0560 linked to CASE-0025.
TXN-0125,CASE-0919,PERSON-0712,PERSON-0669,BANK-0262,BANK-0219,50000,Synthetic transaction record: PERSON-0712 transferred INR 50000 to PERSON-0669 linked to CASE-0919.
TXN-0126,CASE-0115,PERSON-0957,PERSON-0953,BANK-0057,BANK-0053,50000,Synthetic transaction record: PERSON-0957 transferred INR 50000 to PERSON-0953 linked to CASE-0115.
TXN-0127,CASE-0072,PERSON-0033,PERSON-0609,BANK-0033,BANK-0159,75000,Synthetic transaction record: PERSON-0033 transferred INR 75000 to PERSON-0609 linked to CASE-0072.
TXN-0128,CASE-0485,PERSON-0401,PERSON-0915,BANK-0401,BANK-0015,150000,Synthetic transaction record: PERSON-0401 transferred INR 150000 to PERSON-0915 linked to CASE-0485.
TXN-0129,CASE-0278,PERSON-0072,PERSON-0585,BANK-0072,BANK-0135,75000,Synthetic transaction record: PERSON-0072 transferred INR 75000 to PERSON-0585 linked to CASE-0278.
TXN-0130,CASE-0403,PERSON-0420,PERSON-0982,BANK-0420,BANK-0082,250000,Synthetic transaction record: PERSON-0420 transferred INR 250000 to PERSON-0982 linked to CASE-0403.
TXN-0131,CASE-1195,PERSON-0032,PERSON-0011,BANK-0032,BANK-0011,75000,Synthetic transaction record: PERSON-0032 transferred INR 75000 to PERSON-0011 linked to CASE-1195.
TXN-0132,CASE-0953,PERSON-0488,PERSON-0620,BANK-0038,BANK-0170,75000,Synthetic transaction record: PERSON-0488 transferred INR 75000 to PERSON-0620 linked to CASE-0953.
TXN-0133,CASE-0062,PERSON-0062,PERSON-0099,BANK-0062,BANK-0099,150000,Synthetic transaction record: PERSON-0062 transferred INR 150000 to PERSON-0099 linked to CASE-0062.
TXN-0134,CASE-0499,PERSON-0140,PERSON-0342,BANK-0140,BANK-0342,250000,Synthetic transaction record: PERSON-0140 transferred INR 250000 to PERSON-0342 linked to CASE-0499.
TXN-0135,CASE-0026,PERSON-0027,PERSON-0818,BANK-0027,BANK-0368,150000,Synthetic transaction record: PERSON-0027 transferred INR 150000 to PERSON-0818 linked to CASE-0026.
TXN-0136,CASE-0443,PERSON-0631,PERSON-0473,BANK-0181,BANK-0023,25000,Synthetic transaction record: PERSON-0631 transferred INR 25000 to PERSON-0473 linked to CASE-0443.
TXN-0137,CASE-0389,PERSON-0771,PERSON-0798,BANK-0321,BANK-0348,25000,Synthetic transaction record: PERSON-0771 transferred INR 25000 to PERSON-0798 linked to CASE-0389.
TXN-0138,CASE-0925,PERSON-0176,PERSON-0165,BANK-0176,BANK-0165,25000,Synthetic transaction record: PERSON-0176 transferred INR 25000 to PERSON-0165 linked to CASE-0925.
TXN-0139,CASE-0224,PERSON-0210,PERSON-0554,BANK-0210,BANK-0104,150000,Synthetic transaction record: PERSON-0210 transferred INR 150000 to PERSON-0554 linked to CASE-0224.
TXN-0140,CASE-1160,PERSON-0043,PERSON-0762,BANK-0043,BANK-0312,250000,Synthetic transaction record: PERSON-0043 transferred INR 250000 to PERSON-0762 linked to CASE-1160.
TXN-0141,CASE-0968,PERSON-0906,PERSON-0078,BANK-0006,BANK-0078,500000,Synthetic transaction record: PERSON-0906 transferred INR 500000 to PERSON-0078 linked to CASE-0968.
TXN-0142,CASE-0799,PERSON-0508,PERSON-0146,BANK-0058,BANK-0146,50000,Synthetic transaction record: PERSON-0508 transferred INR 50000 to PERSON-0146 linked to CASE-0799.
TXN-0143,CASE-0246,PERSON-0026,PERSON-0824,BANK-0026,BANK-0374,75000,Synthetic transaction record: PERSON-0026 transferred INR 75000 to PERSON-0824 linked to CASE-0246.
TXN-0144,CASE-0648,PERSON-0892,PERSON-0945,BANK-0442,BANK-0045,500000,Synthetic transaction record: PERSON-0892 transferred INR 500000 to PERSON-0945 linked to CASE-0648.
TXN-0145,CASE-0573,PERSON-0762,PERSON-0418,BANK-0312,BANK-0418,25000,Synthetic transaction record: PERSON-0762 transferred INR 25000 to PERSON-0418 linked to CASE-0573.
TXN-0146,CASE-1016,PERSON-0114,PERSON-0584,BANK-0114,BANK-0134,50000,Synthetic transaction record: PERSON-0114 transferred INR 50000 to PERSON-0584 linked to CASE-1016.
TXN-0147,CASE-1121,PERSON-0828,PERSON-0988,BANK-0378,BANK-0088,25000,Synthetic transaction record: PERSON-0828 transferred INR 25000 to PERSON-0988 linked to CASE-1121.
TXN-0148,CASE-0971,PERSON-0855,PERSON-0007,BANK-0405,BANK-0007,150000,Synthetic transaction record: PERSON-0855 transferred INR 150000 to PERSON-0007 linked to CASE-0971.
TXN-0149,CASE-0526,PERSON-0314,PERSON-0251,BANK-0314,BANK-0251,150000,Synthetic transaction record: PERSON-0314 transferred INR 150000 to PERSON-0251 linked to CASE-0526.
TXN-0150,CASE-0111,PERSON-0149,PERSON-0845,BANK-0149,BANK-0395,50000,Synthetic transaction record: PERSON-0149 transferred INR 50000 to PERSON-0845 linked to CASE-0111.
TXN-0151,CASE-0618,PERSON-0301,PERSON-0878,BANK-0301,BANK-0428,50000,Synthetic transaction record: PERSON-0301 transferred INR 50000 to PERSON-0878 linked to CASE-0618.
TXN-0152,CASE-0377,PERSON-0370,PERSON-0148,BANK-0370,BANK-0148,25000,Synthetic transaction record: PERSON-0370 transferred INR 25000 to PERSON-0148 linked to CASE-0377.
TXN-0153,CASE-0814,PERSON-0016,PERSON-0148,BANK-0016,BANK-0148,75000,Synthetic transaction record: PERSON-0016 transferred INR 75000 to PERSON-0148 linked to CASE-0814.
TXN-0154,CASE-0371,PERSON-0220,PERSON-0934,BANK-0220,BANK-0034,250000,Synthetic transaction record: PERSON-0220 transferred INR 250000 to PERSON-0934 linked to CASE-0371.
TXN-0155,CASE-0553,PERSON-0774,PERSON-0085,BANK-0324,BANK-0085,50000,Synthetic transaction record: PERSON-0774 transferred INR 50000 to PERSON-0085 linked to CASE-0553.
TXN-0156,CASE-0035,PERSON-0598,PERSON-0279,BANK-0148,BANK-0279,75000,Synthetic transaction record: PERSON-0598 transferred INR 75000 to PERSON-0279 linked to CASE-0035.
TXN-0157,CASE-0914,PERSON-0817,PERSON-0863,BANK-0367,BANK-0413,150000,Synthetic transaction record: PERSON-0817 transferred INR 150000 to PERSON-0863 linked to CASE-0914.
TXN-0158,CASE-0370,PERSON-0385,PERSON-0632,BANK-0385,BANK-0182,25000,Synthetic transaction record: PERSON-0385 transferred INR 25000 to PERSON-0632 linked to CASE-0370.
TXN-0159,CASE-0427,PERSON-0691,PERSON-0188,BANK-0241,BANK-0188,150000,Synthetic transaction record: PERSON-0691 transferred INR 150000 to PERSON-0188 linked to CASE-0427.
TXN-0160,CASE-0724,PERSON-0324,PERSON-0097,BANK-0324,BANK-0097,50000,Synthetic transaction record: PERSON-0324 transferred INR 50000 to PERSON-0097 linked to CASE-0724.
TXN-0161,CASE-0268,PERSON-0482,PERSON-0419,BANK-0032,BANK-0419,25000,Synthetic transaction record: PERSON-0482 transferred INR 25000 to PERSON-0419 linked to CASE-0268.
TXN-0162,CASE-0954,PERSON-0618,PERSON-0838,BANK-0168,BANK-0388,75000,Synthetic transaction record: PERSON-0618 transferred INR 75000 to PERSON-0838 linked to CASE-0954.
TXN-0163,CASE-1142,PERSON-0025,PERSON-0994,BANK-0025,BANK-0094,500000,Synthetic transaction record: PERSON-0025 transferred INR 500000 to PERSON-0994 linked to CASE-1142.
TXN-0164,CASE-0275,PERSON-0277,PERSON-0971,BANK-0277,BANK-0071,75000,Synthetic transaction record: PERSON-0277 transferred INR 75000 to PERSON-0971 linked to CASE-0275.
TXN-0165,CASE-0736,PERSON-0599,PERSON-0554,BANK-0149,BANK-0104,75000,Synthetic transaction record: PERSON-0599 transferred INR 75000 to PERSON-0554 linked to CASE-0736.
TXN-0166,CASE-0230,PERSON-0392,PERSON-0038,BANK-0392,BANK-0038,50000,Synthetic transaction record: PERSON-0392 transferred INR 50000 to PERSON-0038 linked to CASE-0230.
TXN-0167,CASE-0217,PERSON-0109,PERSON-0589,BANK-0109,BANK-0139,500000,Synthetic transaction record: PERSON-0109 transferred INR 500000 to PERSON-0589 linked to CASE-0217.
TXN-0168,CASE-0227,PERSON-0328,PERSON-0979,BANK-0328,BANK-0079,250000,Synthetic transaction record: PERSON-0328 transferred INR 250000 to PERSON-0979 linked to CASE-0227.
TXN-0169,CASE-1191,PERSON-0945,PERSON-0862,BANK-0045,BANK-0412,25000,Synthetic transaction record: PERSON-0945 transferred INR 25000 to PERSON-0862 linked to CASE-1191.
TXN-0170,CASE-0350,PERSON-0825,PERSON-0441,BANK-0375,BANK-0441,250000,Synthetic transaction record: PERSON-0825 transferred INR 250000 to PERSON-0441 linked to CASE-0350.
TXN-0171,CASE-0829,PERSON-0776,PERSON-0720,BANK-0326,BANK-0270,75000,Synthetic transaction record: PERSON-0776 transferred INR 75000 to PERSON-0720 linked to CASE-0829.
TXN-0172,CASE-1243,PERSON-0822,PERSON-0549,BANK-0372,BANK-0099,150000,Synthetic transaction record: PERSON-0822 transferred INR 150000 to PERSON-0549 linked to CASE-1243.
TXN-0173,CASE-0523,PERSON-0491,PERSON-0570,BANK-0041,BANK-0120,150000,Synthetic transaction record: PERSON-0491 transferred INR 150000 to PERSON-0570 linked to CASE-0523.
TXN-0174,CASE-1053,PERSON-0691,PERSON-0432,BANK-0241,BANK-0432,50000,Synthetic transaction record: PERSON-0691 transferred INR 50000 to PERSON-0432 linked to CASE-1053.
TXN-0175,CASE-0439,PERSON-0475,PERSON-0389,BANK-0025,BANK-0389,25000,Synthetic transaction record: PERSON-0475 transferred INR 25000 to PERSON-0389 linked to CASE-0439.
TXN-0176,CASE-0020,PERSON-0513,PERSON-0539,BANK-0063,BANK-0089,75000,Synthetic transaction record: PERSON-0513 transferred INR 75000 to PERSON-0539 linked to CASE-0020.
TXN-0177,CASE-0639,PERSON-0468,PERSON-0266,BANK-0018,BANK-0266,25000,Synthetic transaction record: PERSON-0468 transferred INR 25000 to PERSON-0266 linked to CASE-0639.
TXN-0178,CASE-1047,PERSON-0768,PERSON-0237,BANK-0318,BANK-0237,150000,Synthetic transaction record: PERSON-0768 transferred INR 150000 to PERSON-0237 linked to CASE-1047.
TXN-0179,CASE-1142,PERSON-1000,PERSON-0091,BANK-0100,BANK-0091,250000,Synthetic transaction record: PERSON-1000 transferred INR 250000 to PERSON-0091 linked to CASE-1142.
TXN-0180,CASE-0225,PERSON-0586,PERSON-0034,BANK-0136,BANK-0034,150000,Synthetic transaction record: PERSON-0586 transferred INR 150000 to PERSON-0034 linked to CASE-0225.
TXN-0181,CASE-0598,PERSON-0635,PERSON-0867,BANK-0185,BANK-0417,250000,Synthetic transaction record: PERSON-0635 transferred INR 250000 to PERSON-0867 linked to CASE-0598.
TXN-0182,CASE-0268,PERSON-0088,PERSON-0448,BANK-0088,BANK-0448,75000,Synthetic transaction record: PERSON-0088 transferred INR 75000 to PERSON-0448 linked to CASE-0268.
TXN-0183,CASE-0090,PERSON-0052,PERSON-0414,BANK-0052,BANK-0414,250000,Synthetic transaction record: PERSON-0052 transferred INR 250000 to PERSON-0414 linked to CASE-0090.
TXN-0184,CASE-1084,PERSON-0956,PERSON-0844,BANK-0056,BANK-0394,50000,Synthetic transaction record: PERSON-0956 transferred INR 50000 to PERSON-0844 linked to CASE-1084.
TXN-0185,CASE-0805,PERSON-0623,PERSON-0986,BANK-0173,BANK-0086,500000,Synthetic transaction record: PERSON-0623 transferred INR 500000 to PERSON-0986 linked to CASE-0805.
TXN-0186,CASE-0262,PERSON-0854,PERSON-0203,BANK-0404,BANK-0203,75000,Synthetic transaction record: PERSON-0854 transferred INR 75000 to PERSON-0203 linked to CASE-0262.
TXN-0187,CASE-0472,PERSON-0286,PERSON-0554,BANK-0286,BANK-0104,75000,Synthetic transaction record: PERSON-0286 transferred INR 75000 to PERSON-0554 linked to CASE-0472.
TXN-0188,CASE-1045,PERSON-0448,PERSON-0277,BANK-0448,BANK-0277,150000,Synthetic transaction record: PERSON-0448 transferred INR 150000 to PERSON-0277 linked to CASE-1045.
TXN-0189,CASE-0081,PERSON-0517,PERSON-0162,BANK-0067,BANK-0162,25000,Synthetic transaction record: PERSON-0517 transferred INR 25000 to PERSON-0162 linked to CASE-0081.
TXN-0190,CASE-0459,PERSON-0588,PERSON-0989,BANK-0138,BANK-0089,250000,Synthetic transaction record: PERSON-0588 transferred INR 250000 to PERSON-0989 linked to CASE-0459.
TXN-0191,CASE-0841,PERSON-0327,PERSON-0281,BANK-0327,BANK-0281,150000,Synthetic transaction record: PERSON-0327 transferred INR 150000 to PERSON-0281 linked to CASE-0841.
TXN-0192,CASE-0384,PERSON-0152,PERSON-0732,BANK-0152,BANK-0282,25000,Synthetic transaction record: PERSON-0152 transferred INR 25000 to PERSON-0732 linked to CASE-0384.
TXN-0193,CASE-0345,PERSON-0068,PERSON-0171,BANK-0068,BANK-0171,50000,Synthetic transaction record: PERSON-0068 transferred INR 50000 to PERSON-0171 linked to CASE-0345.
TXN-0194,CASE-1007,PERSON-0703,PERSON-0962,BANK-0253,BANK-0062,500000,Synthetic transaction record: PERSON-0703 transferred INR 500000 to PERSON-0962 linked to CASE-1007.
TXN-0195,CASE-0304,PERSON-0888,PERSON-0015,BANK-0438,BANK-0015,75000,Synthetic transaction record: PERSON-0888 transferred INR 75000 to PERSON-0015 linked to CASE-0304.
TXN-0196,CASE-0674,PERSON-0002,PERSON-0900,BANK-0002,BANK-0450,50000,Synthetic transaction record: PERSON-0002 transferred INR 50000 to PERSON-0900 linked to CASE-0674.
TXN-0197,CASE-0447,PERSON-0003,PERSON-0063,BANK-0003,BANK-0063,25000,Synthetic transaction record: PERSON-0003 transferred INR 25000 to PERSON-0063 linked to CASE-0447.
TXN-0198,CASE-0038,PERSON-0562,PERSON-0532,BANK-0112,BANK-0082,150000,Synthetic transaction record: PERSON-0562 transferred INR 150000 to PERSON-0532 linked to CASE-0038.
TXN-0199,CASE-0510,PERSON-0813,PERSON-0299,BANK-0363,BANK-0299,500000,Synthetic transaction record: PERSON-0813 transferred INR 500000 to PERSON-0299 linked to CASE-0510.
TXN-0200,CASE-0826,PERSON-0465,PERSON-0246,BANK-0015,BANK-0246,250000,Synthetic transaction record: PERSON-0465 transferred INR 250000 to PERSON-0246 linked to CASE-0826.
TXN-0201,CASE-0228,PERSON-0627,PERSON-0005,BANK-0177,BANK-0005,25000,Synthetic transaction record: PERSON-0627 transferred INR 25000 to PERSON-0005 linked to CASE-0228.
TXN-0202,CASE-1058,PERSON-0534,PERSON-0586,BANK-0084,BANK-0136,250000,Synthetic transaction record: PERSON-0534 transferred INR 250000 to PERSON-0586 linked to CASE-1058.
TXN-0203,CASE-0185,PERSON-0125,PERSON-0259,BANK-0125,BANK-0259,25000,Synthetic transaction record: PERSON-0125 transferred INR 25000 to PERSON-0259 linked to CASE-0185.
TXN-0204,CASE-0832,PERSON-0818,PERSON-0003,BANK-0368,BANK-0003,25000,Synthetic transaction record: PERSON-0818 transferred INR 25000 to PERSON-0003 linked to CASE-0832.
TXN-0205,CASE-1188,PERSON-0978,PERSON-0877,BANK-0078,BANK-0427,25000,Synthetic transaction record: PERSON-0978 transferred INR 25000 to PERSON-0877 linked to CASE-1188.
TXN-0206,CASE-0788,PERSON-0582,PERSON-0772,BANK-0132,BANK-0322,500000,Synthetic transaction record: PERSON-0582 transferred INR 500000 to PERSON-0772 linked to CASE-0788.
TXN-0207,CASE-0312,PERSON-0841,PERSON-0241,BANK-0391,BANK-0241,50000,Synthetic transaction record: PERSON-0841 transferred INR 50000 to PERSON-0241 linked to CASE-0312.
TXN-0208,CASE-1013,PERSON-0207,PERSON-0957,BANK-0207,BANK-0057,150000,Synthetic transaction record: PERSON-0207 transferred INR 150000 to PERSON-0957 linked to CASE-1013.
TXN-0209,CASE-1192,PERSON-0690,PERSON-0545,BANK-0240,BANK-0095,250000,Synthetic transaction record: PERSON-0690 transferred INR 250000 to PERSON-0545 linked to CASE-1192.
TXN-0210,CASE-0942,PERSON-0758,PERSON-0734,BANK-0308,BANK-0284,250000,Synthetic transaction record: PERSON-0758 transferred INR 250000 to PERSON-0734 linked to CASE-0942.
TXN-0211,CASE-0092,PERSON-0398,PERSON-0010,BANK-0398,BANK-0010,250000,Synthetic transaction record: PERSON-0398 transferred INR 250000 to PERSON-0010 linked to CASE-0092.
TXN-0212,CASE-0690,PERSON-0308,PERSON-0557,BANK-0308,BANK-0107,25000,Synthetic transaction record: PERSON-0308 transferred INR 25000 to PERSON-0557 linked to CASE-0690.
TXN-0213,CASE-1122,PERSON-0436,PERSON-0492,BANK-0436,BANK-0042,75000,Synthetic transaction record: PERSON-0436 transferred INR 75000 to PERSON-0492 linked to CASE-1122.
TXN-0214,CASE-0796,PERSON-0251,PERSON-0042,BANK-0251,BANK-0042,25000,Synthetic transaction record: PERSON-0251 transferred INR 25000 to PERSON-0042 linked to CASE-0796.
TXN-0215,CASE-0048,PERSON-0944,PERSON-0612,BANK-0044,BANK-0162,250000,Synthetic transaction record: PERSON-0944 transferred INR 250000 to PERSON-0612 linked to CASE-0048.
TXN-0216,CASE-1055,PERSON-0284,PERSON-0701,BANK-0284,BANK-0251,50000,Synthetic transaction record: PERSON-0284 transferred INR 50000 to PERSON-0701 linked to CASE-1055.
TXN-0217,CASE-0511,PERSON-0445,PERSON-0122,BANK-0445,BANK-0122,25000,Synthetic transaction record: PERSON-0445 transferred INR 25000 to PERSON-0122 linked to CASE-0511.
TXN-0218,CASE-0501,PERSON-0976,PERSON-0457,BANK-0076,BANK-0007,25000,Synthetic transaction record: PERSON-0976 transferred INR 25000 to PERSON-0457 linked to CASE-0501.
TXN-0219,CASE-0197,PERSON-0536,PERSON-0904,BANK-0086,BANK-0004,25000,Synthetic transaction record: PERSON-0536 transferred INR 25000 to PERSON-0904 linked to CASE-0197.
TXN-0220,CASE-0652,PERSON-0095,PERSON-0679,BANK-0095,BANK-0229,250000,Synthetic transaction record: PERSON-0095 transferred INR 250000 to PERSON-0679 linked to CASE-0652.
TXN-0221,CASE-1138,PERSON-0662,PERSON-0379,BANK-0212,BANK-0379,500000,Synthetic transaction record: PERSON-0662 transferred INR 500000 to PERSON-0379 linked to CASE-1138.
TXN-0222,CASE-0531,PERSON-0338,PERSON-0514,BANK-0338,BANK-0064,50000,Synthetic transaction record: PERSON-0338 transferred INR 50000 to PERSON-0514 linked to CASE-0531.
TXN-0223,CASE-1175,PERSON-0986,PERSON-0825,BANK-0086,BANK-0375,75000,Synthetic transaction record: PERSON-0986 transferred INR 75000 to PERSON-0825 linked to CASE-1175.
TXN-0224,CASE-0308,PERSON-0997,PERSON-0019,BANK-0097,BANK-0019,50000,Synthetic transaction record: PERSON-0997 transferred INR 50000 to PERSON-0019 linked to CASE-0308.
TXN-0225,CASE-0533,PERSON-0825,PERSON-0869,BANK-0375,BANK-0419,500000,Synthetic transaction record: PERSON-0825 transferred INR 500000 to PERSON-0869 linked to CASE-0533.
TXN-0226,CASE-0025,PERSON-0071,PERSON-0372,BANK-0071,BANK-0372,50000,Synthetic transaction record: PERSON-0071 transferred INR 50000 to PERSON-0372 linked to CASE-0025.
TXN-0227,CASE-0664,PERSON-0781,PERSON-0245,BANK-0331,BANK-0245,75000,Synthetic transaction record: PERSON-0781 transferred INR 75000 to PERSON-0245 linked to CASE-0664.
TXN-0228,CASE-0846,PERSON-0421,PERSON-0031,BANK-0421,BANK-0031,150000,Synthetic transaction record: PERSON-0421 transferred INR 150000 to PERSON-0031 linked to CASE-0846.
TXN-0229,CASE-0659,PERSON-0385,PERSON-0967,BANK-0385,BANK-0067,250000,Synthetic transaction record: PERSON-0385 transferred INR 250000 to PERSON-0967 linked to CASE-0659.
TXN-0230,CASE-1244,PERSON-0612,PERSON-0257,BANK-0162,BANK-0257,75000,Synthetic transaction record: PERSON-0612 transferred INR 75000 to PERSON-0257 linked to CASE-1244.
TXN-0231,CASE-1192,PERSON-0912,PERSON-0721,BANK-0012,BANK-0271,75000,Synthetic transaction record: PERSON-0912 transferred INR 75000 to PERSON-0721 linked to CASE-1192.
TXN-0232,CASE-0829,PERSON-0443,PERSON-0453,BANK-0443,BANK-0003,50000,Synthetic transaction record: PERSON-0443 transferred INR 50000 to PERSON-0453 linked to CASE-0829.
TXN-0233,CASE-0110,PERSON-0098,PERSON-0060,BANK-0098,BANK-0060,250000,Synthetic transaction record: PERSON-0098 transferred INR 250000 to PERSON-0060 linked to CASE-0110.
TXN-0234,CASE-0283,PERSON-0274,PERSON-0903,BANK-0274,BANK-0003,500000,Synthetic transaction record: PERSON-0274 transferred INR 500000 to PERSON-0903 linked to CASE-0283.
TXN-0235,CASE-0033,PERSON-0830,PERSON-0143,BANK-0380,BANK-0143,500000,Synthetic transaction record: PERSON-0830 transferred INR 500000 to PERSON-0143 linked to CASE-0033.
TXN-0236,CASE-1105,PERSON-0933,PERSON-0094,BANK-0033,BANK-0094,500000,Synthetic transaction record: PERSON-0933 transferred INR 500000 to PERSON-0094 linked to CASE-1105.
TXN-0237,CASE-1039,PERSON-0156,PERSON-0943,BANK-0156,BANK-0043,50000,Synthetic transaction record: PERSON-0156 transferred INR 50000 to PERSON-0943 linked to CASE-1039.
TXN-0238,CASE-0456,PERSON-0526,PERSON-0458,BANK-0076,BANK-0008,250000,Synthetic transaction record: PERSON-0526 transferred INR 250000 to PERSON-0458 linked to CASE-0456.
TXN-0239,CASE-0592,PERSON-0992,PERSON-0002,BANK-0092,BANK-0002,50000,Synthetic transaction record: PERSON-0992 transferred INR 50000 to PERSON-0002 linked to CASE-0592.
TXN-0240,CASE-0801,PERSON-0145,PERSON-0035,BANK-0145,BANK-0035,250000,Synthetic transaction record: PERSON-0145 transferred INR 250000 to PERSON-0035 linked to CASE-0801.
TXN-0241,CASE-0710,PERSON-0513,PERSON-0909,BANK-0063,BANK-0009,25000,Synthetic transaction record: PERSON-0513 transferred INR 25000 to PERSON-0909 linked to CASE-0710.
TXN-0242,CASE-1018,PERSON-0269,PERSON-0706,BANK-0269,BANK-0256,75000,Synthetic transaction record: PERSON-0269 transferred INR 75000 to PERSON-0706 linked to CASE-1018.
TXN-0243,CASE-0279,PERSON-0479,PERSON-0233,BANK-0029,BANK-0233,75000,Synthetic transaction record: PERSON-0479 transferred INR 75000 to PERSON-0233 linked to CASE-0279.
TXN-0244,CASE-0395,PERSON-0422,PERSON-0320,BANK-0422,BANK-0320,50000,Synthetic transaction record: PERSON-0422 transferred INR 50000 to PERSON-0320 linked to CASE-0395.
TXN-0245,CASE-0456,PERSON-0353,PERSON-0466,BANK-0353,BANK-0016,25000,Synthetic transaction record: PERSON-0353 transferred INR 25000 to PERSON-0466 linked to CASE-0456.
TXN-0246,CASE-0018,PERSON-0302,PERSON-0090,BANK-0302,BANK-0090,50000,Synthetic transaction record: PERSON-0302 transferred INR 50000 to PERSON-0090 linked to CASE-0018.
TXN-0247,CASE-0194,PERSON-0791,PERSON-0574,BANK-0341,BANK-0124,50000,Synthetic transaction record: PERSON-0791 transferred INR 50000 to PERSON-0574 linked to CASE-0194.
TXN-0248,CASE-1130,PERSON-0719,PERSON-0340,BANK-0269,BANK-0340,25000,Synthetic transaction record: PERSON-0719 transferred INR 25000 to PERSON-0340 linked to CASE-1130.
TXN-0249,CASE-1125,PERSON-0119,PERSON-0704,BANK-0119,BANK-0254,150000,Synthetic transaction record: PERSON-0119 transferred INR 150000 to PERSON-0704 linked to CASE-1125.
TXN-0250,CASE-0143,PERSON-0644,PERSON-0181,BANK-0194,BANK-0181,500000,Synthetic transaction record: PERSON-0644 transferred INR 500000 to PERSON-0181 linked to CASE-0143.
TXN-0251,CASE-0671,PERSON-0355,PERSON-0579,BANK-0355,BANK-0129,25000,Synthetic transaction record: PERSON-0355 transferred INR 25000 to PERSON-0579 linked to CASE-0671.
TXN-0252,CASE-0588,PERSON-0682,PERSON-0888,BANK-0232,BANK-0438,150000,Synthetic transaction record: PERSON-0682 transferred INR 150000 to PERSON-0888 linked to CASE-0588.
TXN-0253,CASE-0235,PERSON-0905,PERSON-0033,BANK-0005,BANK-0033,25000,Synthetic transaction record: PERSON-0905 transferred INR 25000 to PERSON-0033 linked to CASE-0235.
TXN-0254,CASE-0952,PERSON-0617,PERSON-0178,BANK-0167,BANK-0178,50000,Synthetic transaction record: PERSON-0617 transferred INR 50000 to PERSON-0178 linked to CASE-0952.
TXN-0255,CASE-0114,PERSON-0271,PERSON-0437,BANK-0271,BANK-0437,150000,Synthetic transaction record: PERSON-0271 transferred INR 150000 to PERSON-0437 linked to CASE-0114.
TXN-0256,CASE-0049,PERSON-0056,PERSON-0088,BANK-0056,BANK-0088,50000,Synthetic transaction record: PERSON-0056 transferred INR 50000 to PERSON-0088 linked to CASE-0049.
TXN-0257,CASE-1151,PERSON-0249,PERSON-0535,BANK-0249,BANK-0085,50000,Synthetic transaction record: PERSON-0249 transferred INR 50000 to PERSON-0535 linked to CASE-1151.
TXN-0258,CASE-0939,PERSON-0089,PERSON-0031,BANK-0089,BANK-0031,25000,Synthetic transaction record: PERSON-0089 transferred INR 25000 to PERSON-0031 linked to CASE-0939.
TXN-0259,CASE-0360,PERSON-0206,PERSON-0926,BANK-0206,BANK-0026,50000,Synthetic transaction record: PERSON-0206 transferred INR 50000 to PERSON-0926 linked to CASE-0360.
TXN-0260,CASE-1163,PERSON-0753,PERSON-0948,BANK-0303,BANK-0048,500000,Synthetic transaction record: PERSON-0753 transferred INR 500000 to PERSON-0948 linked to CASE-1163.
TXN-0261,CASE-0875,PERSON-0071,PERSON-0360,BANK-0071,BANK-0360,25000,Synthetic transaction record: PERSON-0071 transferred INR 25000 to PERSON-0360 linked to CASE-0875.
TXN-0262,CASE-0257,PERSON-0031,PERSON-0671,BANK-0031,BANK-0221,75000,Synthetic transaction record: PERSON-0031 transferred INR 75000 to PERSON-0671 linked to CASE-0257.
TXN-0263,CASE-1091,PERSON-0733,PERSON-0384,BANK-0283,BANK-0384,25000,Synthetic transaction record: PERSON-0733 transferred INR 25000 to PERSON-0384 linked to CASE-1091.
TXN-0264,CASE-1020,PERSON-0754,PERSON-0440,BANK-0304,BANK-0440,150000,Synthetic transaction record: PERSON-0754 transferred INR 150000 to PERSON-0440 linked to CASE-1020.
TXN-0265,CASE-0666,PERSON-0230,PERSON-0979,BANK-0230,BANK-0079,500000,Synthetic transaction record: PERSON-0230 transferred INR 500000 to PERSON-0979 linked to CASE-0666.
TXN-0266,CASE-0530,PERSON-0320,PERSON-0391,BANK-0320,BANK-0391,500000,Synthetic transaction record: PERSON-0320 transferred INR 500000 to PERSON-0391 linked to CASE-0530.
TXN-0267,CASE-0095,PERSON-0994,PERSON-0897,BANK-0094,BANK-0447,75000,Synthetic transaction record: PERSON-0994 transferred INR 75000 to PERSON-0897 linked to CASE-0095.
TXN-0268,CASE-0364,PERSON-0916,PERSON-0148,BANK-0016,BANK-0148,150000,Synthetic transaction record: PERSON-0916 transferred INR 150000 to PERSON-0148 linked to CASE-0364.
TXN-0269,CASE-0859,PERSON-0225,PERSON-0873,BANK-0225,BANK-0423,500000,Synthetic transaction record: PERSON-0225 transferred INR 500000 to PERSON-0873 linked to CASE-0859.
TXN-0270,CASE-0615,PERSON-0393,PERSON-0846,BANK-0393,BANK-0396,25000,Synthetic transaction record: PERSON-0393 transferred INR 25000 to PERSON-0846 linked to CASE-0615.
TXN-0271,CASE-0220,PERSON-0637,PERSON-0091,BANK-0187,BANK-0091,75000,Synthetic transaction record: PERSON-0637 transferred INR 75000 to PERSON-0091 linked to CASE-0220.
TXN-0272,CASE-0485,PERSON-0008,PERSON-0375,BANK-0008,BANK-0375,150000,Synthetic transaction record: PERSON-0008 transferred INR 150000 to PERSON-0375 linked to CASE-0485.
TXN-0273,CASE-0420,PERSON-0988,PERSON-0750,BANK-0088,BANK-0300,75000,Synthetic transaction record: PERSON-0988 transferred INR 75000 to PERSON-0750 linked to CASE-0420.
TXN-0274,CASE-1008,PERSON-0866,PERSON-0153,BANK-0416,BANK-0153,75000,Synthetic transaction record: PERSON-0866 transferred INR 75000 to PERSON-0153 linked to CASE-1008.
TXN-0275,CASE-0482,PERSON-0359,PERSON-0572,BANK-0359,BANK-0122,150000,Synthetic transaction record: PERSON-0359 transferred INR 150000 to PERSON-0572 linked to CASE-0482.
TXN-0276,CASE-0171,PERSON-0503,PERSON-0420,BANK-0053,BANK-0420,250000,Synthetic transaction record: PERSON-0503 transferred INR 250000 to PERSON-0420 linked to CASE-0171.
TXN-0277,CASE-0347,PERSON-0168,PERSON-0963,BANK-0168,BANK-0063,75000,Synthetic transaction record: PERSON-0168 transferred INR 75000 to PERSON-0963 linked to CASE-0347.
TXN-0278,CASE-0208,PERSON-0768,PERSON-0696,BANK-0318,BANK-0246,50000,Synthetic transaction record: PERSON-0768 transferred INR 50000 to PERSON-0696 linked to CASE-0208.
TXN-0279,CASE-0940,PERSON-0685,PERSON-0976,BANK-0235,BANK-0076,50000,Synthetic transaction record: PERSON-0685 transferred INR 50000 to PERSON-0976 linked to CASE-0940.
TXN-0280,CASE-0808,PERSON-0464,PERSON-0004,BANK-0014,BANK-0004,250000,Synthetic transaction record: PERSON-0464 transferred INR 250000 to PERSON-0004 linked to CASE-0808.
TXN-0281,CASE-0803,PERSON-0868,PERSON-0429,BANK-0418,BANK-0429,500000,Synthetic transaction record: PERSON-0868 transferred INR 500000 to PERSON-0429 linked to CASE-0803.
TXN-0282,CASE-0794,PERSON-0958,PERSON-0360,BANK-0058,BANK-0360,500000,Synthetic transaction record: PERSON-0958 transferred INR 500000 to PERSON-0360 linked to CASE-0794.
TXN-0283,CASE-0820,PERSON-0976,PERSON-0157,BANK-0076,BANK-0157,50000,Synthetic transaction record: PERSON-0976 transferred INR 50000 to PERSON-0157 linked to CASE-0820.
TXN-0284,CASE-0566,PERSON-0079,PERSON-0980,BANK-0079,BANK-0080,250000,Synthetic transaction record: PERSON-0079 transferred INR 250000 to PERSON-0980 linked to CASE-0566.
TXN-0285,CASE-0906,PERSON-0906,PERSON-0419,BANK-0006,BANK-0419,250000,Synthetic transaction record: PERSON-0906 transferred INR 250000 to PERSON-0419 linked to CASE-0906.
TXN-0286,CASE-0906,PERSON-0523,PERSON-0877,BANK-0073,BANK-0427,75000,Synthetic transaction record: PERSON-0523 transferred INR 75000 to PERSON-0877 linked to CASE-0906.
TXN-0287,CASE-0601,PERSON-0485,PERSON-0479,BANK-0035,BANK-0029,25000,Synthetic transaction record: PERSON-0485 transferred INR 25000 to PERSON-0479 linked to CASE-0601.
TXN-0288,CASE-0327,PERSON-0593,PERSON-0062,BANK-0143,BANK-0062,500000,Synthetic transaction record: PERSON-0593 transferred INR 500000 to PERSON-0062 linked to CASE-0327.
TXN-0289,CASE-0426,PERSON-0371,PERSON-0016,BANK-0371,BANK-0016,25000,Synthetic transaction record: PERSON-0371 transferred INR 25000 to PERSON-0016 linked to CASE-0426.
TXN-0290,CASE-0846,PERSON-0999,PERSON-0956,BANK-0099,BANK-0056,25000,Synthetic transaction record: PERSON-0999 transferred INR 25000 to PERSON-0956 linked to CASE-0846.
TXN-0291,CASE-1046,PERSON-0311,PERSON-0513,BANK-0311,BANK-0063,250000,Synthetic transaction record: PERSON-0311 transferred INR 250000 to PERSON-0513 linked to CASE-1046.
TXN-0292,CASE-0990,PERSON-0309,PERSON-0997,BANK-0309,BANK-0097,50000,Synthetic transaction record: PERSON-0309 transferred INR 50000 to PERSON-0997 linked to CASE-0990.
TXN-0293,CASE-0258,PERSON-0241,PERSON-0321,BANK-0241,BANK-0321,75000,Synthetic transaction record: PERSON-0241 transferred INR 75000 to PERSON-0321 linked to CASE-0258.
TXN-0294,CASE-0430,PERSON-0315,PERSON-0055,BANK-0315,BANK-0055,75000,Synthetic transaction record: PERSON-0315 transferred INR 75000 to PERSON-0055 linked to CASE-0430.
TXN-0295,CASE-0859,PERSON-0900,PERSON-0757,BANK-0450,BANK-0307,150000,Synthetic transaction record: PERSON-0900 transferred INR 150000 to PERSON-0757 linked to CASE-0859.
TXN-0296,CASE-1122,PERSON-0157,PERSON-0971,BANK-0157,BANK-0071,25000,Synthetic transaction record: PERSON-0157 transferred INR 25000 to PERSON-0971 linked to CASE-1122.
TXN-0297,CASE-0309,PERSON-0089,PERSON-0345,BANK-0089,BANK-0345,500000,Synthetic transaction record: PERSON-0089 transferred INR 500000 to PERSON-0345 linked to CASE-0309.
TXN-0298,CASE-0887,PERSON-0864,PERSON-0259,BANK-0414,BANK-0259,250000,Synthetic transaction record: PERSON-0864 transferred INR 250000 to PERSON-0259 linked to CASE-0887.
TXN-0299,CASE-0730,PERSON-0168,PERSON-0366,BANK-0168,BANK-0366,75000,Synthetic transaction record: PERSON-0168 transferred INR 75000 to PERSON-0366 linked to CASE-0730.
TXN-0300,CASE-1178,PERSON-0805,PERSON-0177,BANK-0355,BANK-0177,25000,Synthetic transaction record: PERSON-0805 transferred INR 25000 to PERSON-0177 linked to CASE-1178.
TXN-0301,CASE-0819,PERSON-0676,PERSON-0708,BANK-0226,BANK-0258,75000,Synthetic transaction record: PERSON-0676 transferred INR 75000 to PERSON-0708 linked to CASE-0819.
TXN-0302,CASE-0580,PERSON-0659,PERSON-0839,BANK-0209,BANK-0389,25000,Synthetic transaction record: PERSON-0659 transferred INR 25000 to PERSON-0839 linked to CASE-0580.
TXN-0303,CASE-0254,PERSON-0104,PERSON-0687,BANK-0104,BANK-0237,500000,Synthetic transaction record: PERSON-0104 transferred INR 500000 to PERSON-0687 linked to CASE-0254.
TXN-0304,CASE-1010,PERSON-0793,PERSON-0201,BANK-0343,BANK-0201,250000,Synthetic transaction record: PERSON-0793 transferred INR 250000 to PERSON-0201 linked to CASE-1010.
TXN-0305,CASE-1128,PERSON-0083,PERSON-0544,BANK-0083,BANK-0094,50000,Synthetic transaction record: PERSON-0083 transferred INR 50000 to PERSON-0544 linked to CASE-1128.
TXN-0306,CASE-0950,PERSON-0256,PERSON-0003,BANK-0256,BANK-0003,500000,Synthetic transaction record: PERSON-0256 transferred INR 500000 to PERSON-0003 linked to CASE-0950.
TXN-0307,CASE-0879,PERSON-0240,PERSON-0315,BANK-0240,BANK-0315,50000,Synthetic transaction record: PERSON-0240 transferred INR 50000 to PERSON-0315 linked to CASE-0879.
TXN-0308,CASE-0691,PERSON-0694,PERSON-0601,BANK-0244,BANK-0151,75000,Synthetic transaction record: PERSON-0694 transferred INR 75000 to PERSON-0601 linked to CASE-0691.
TXN-0309,CASE-1025,PERSON-0896,PERSON-0885,BANK-0446,BANK-0435,250000,Synthetic transaction record: PERSON-0896 transferred INR 250000 to PERSON-0885 linked to CASE-1025.
TXN-0310,CASE-0367,PERSON-0742,PERSON-0067,BANK-0292,BANK-0067,250000,Synthetic transaction record: PERSON-0742 transferred INR 250000 to PERSON-0067 linked to CASE-0367.
TXN-0311,CASE-1059,PERSON-0284,PERSON-0601,BANK-0284,BANK-0151,150000,Synthetic transaction record: PERSON-0284 transferred INR 150000 to PERSON-0601 linked to CASE-1059.
TXN-0312,CASE-1100,PERSON-0024,PERSON-0415,BANK-0024,BANK-0415,150000,Synthetic transaction record: PERSON-0024 transferred INR 150000 to PERSON-0415 linked to CASE-1100.
TXN-0313,CASE-0532,PERSON-0887,PERSON-0793,BANK-0437,BANK-0343,25000,Synthetic transaction record: PERSON-0887 transferred INR 25000 to PERSON-0793 linked to CASE-0532.
TXN-0314,CASE-0712,PERSON-0868,PERSON-0101,BANK-0418,BANK-0101,25000,Synthetic transaction record: PERSON-0868 transferred INR 25000 to PERSON-0101 linked to CASE-0712.
TXN-0315,CASE-0090,PERSON-0187,PERSON-0094,BANK-0187,BANK-0094,50000,Synthetic transaction record: PERSON-0187 transferred INR 50000 to PERSON-0094 linked to CASE-0090.
TXN-0316,CASE-0760,PERSON-0319,PERSON-0201,BANK-0319,BANK-0201,500000,Synthetic transaction record: PERSON-0319 transferred INR 500000 to PERSON-0201 linked to CASE-0760.
TXN-0317,CASE-0572,PERSON-0085,PERSON-0822,BANK-0085,BANK-0372,500000,Synthetic transaction record: PERSON-0085 transferred INR 500000 to PERSON-0822 linked to CASE-0572.
TXN-0318,CASE-0382,PERSON-0254,PERSON-0884,BANK-0254,BANK-0434,25000,Synthetic transaction record: PERSON-0254 transferred INR 25000 to PERSON-0884 linked to CASE-0382.
TXN-0319,CASE-0243,PERSON-0726,PERSON-0412,BANK-0276,BANK-0412,25000,Synthetic transaction record: PERSON-0726 transferred INR 25000 to PERSON-0412 linked to CASE-0243.
TXN-0320,CASE-0637,PERSON-0626,PERSON-0762,BANK-0176,BANK-0312,250000,Synthetic transaction record: PERSON-0626 transferred INR 250000 to PERSON-0762 linked to CASE-0637.
TXN-0321,CASE-0869,PERSON-0005,PERSON-0844,BANK-0005,BANK-0394,50000,Synthetic transaction record: PERSON-0005 transferred INR 50000 to PERSON-0844 linked to CASE-0869.
TXN-0322,CASE-1018,PERSON-0146,PERSON-0103,BANK-0146,BANK-0103,500000,Synthetic transaction record: PERSON-0146 transferred INR 500000 to PERSON-0103 linked to CASE-1018.
TXN-0323,CASE-1035,PERSON-0395,PERSON-0055,BANK-0395,BANK-0055,25000,Synthetic transaction record: PERSON-0395 transferred INR 25000 to PERSON-0055 linked to CASE-1035.
TXN-0324,CASE-0415,PERSON-0168,PERSON-0064,BANK-0168,BANK-0064,500000,Synthetic transaction record: PERSON-0168 transferred INR 500000 to PERSON-0064 linked to CASE-0415.
TXN-0325,CASE-0413,PERSON-0108,PERSON-0609,BANK-0108,BANK-0159,150000,Synthetic transaction record: PERSON-0108 transferred INR 150000 to PERSON-0609 linked to CASE-0413.
TXN-0326,CASE-1128,PERSON-0848,PERSON-0607,BANK-0398,BANK-0157,250000,Synthetic transaction record: PERSON-0848 transferred INR 250000 to PERSON-0607 linked to CASE-1128.
TXN-0327,CASE-1238,PERSON-0935,PERSON-0981,BANK-0035,BANK-0081,25000,Synthetic transaction record: PERSON-0935 transferred INR 25000 to PERSON-0981 linked to CASE-1238.
TXN-0328,CASE-0165,PERSON-0092,PERSON-0827,BANK-0092,BANK-0377,75000,Synthetic transaction record: PERSON-0092 transferred INR 75000 to PERSON-0827 linked to CASE-0165.
TXN-0329,CASE-0067,PERSON-0961,PERSON-0014,BANK-0061,BANK-0014,50000,Synthetic transaction record: PERSON-0961 transferred INR 50000 to PERSON-0014 linked to CASE-0067.
TXN-0330,CASE-0610,PERSON-0942,PERSON-0960,BANK-0042,BANK-0060,150000,Synthetic transaction record: PERSON-0942 transferred INR 150000 to PERSON-0960 linked to CASE-0610.
TXN-0331,CASE-0240,PERSON-0247,PERSON-0110,BANK-0247,BANK-0110,500000,Synthetic transaction record: PERSON-0247 transferred INR 500000 to PERSON-0110 linked to CASE-0240.
TXN-0332,CASE-1017,PERSON-0766,PERSON-0102,BANK-0316,BANK-0102,250000,Synthetic transaction record: PERSON-0766 transferred INR 250000 to PERSON-0102 linked to CASE-1017.
TXN-0333,CASE-0956,PERSON-0781,PERSON-0668,BANK-0331,BANK-0218,250000,Synthetic transaction record: PERSON-0781 transferred INR 250000 to PERSON-0668 linked to CASE-0956.
TXN-0334,CASE-0850,PERSON-0047,PERSON-0800,BANK-0047,BANK-0350,500000,Synthetic transaction record: PERSON-0047 transferred INR 500000 to PERSON-0800 linked to CASE-0850.
TXN-0335,CASE-0215,PERSON-0906,PERSON-0646,BANK-0006,BANK-0196,150000,Synthetic transaction record: PERSON-0906 transferred INR 150000 to PERSON-0646 linked to CASE-0215.
TXN-0336,CASE-0319,PERSON-0779,PERSON-0963,BANK-0329,BANK-0063,75000,Synthetic transaction record: PERSON-0779 transferred INR 75000 to PERSON-0963 linked to CASE-0319.
TXN-0337,CASE-0105,PERSON-0740,PERSON-0520,BANK-0290,BANK-0070,75000,Synthetic transaction record: PERSON-0740 transferred INR 75000 to PERSON-0520 linked to CASE-0105.
TXN-0338,CASE-0202,PERSON-0596,PERSON-0664,BANK-0146,BANK-0214,75000,Synthetic transaction record: PERSON-0596 transferred INR 75000 to PERSON-0664 linked to CASE-0202.
TXN-0339,CASE-0956,PERSON-0842,PERSON-0537,BANK-0392,BANK-0087,75000,Synthetic transaction record: PERSON-0842 transferred INR 75000 to PERSON-0537 linked to CASE-0956.
TXN-0340,CASE-0747,PERSON-0944,PERSON-0010,BANK-0044,BANK-0010,500000,Synthetic transaction record: PERSON-0944 transferred INR 500000 to PERSON-0010 linked to CASE-0747.
TXN-0341,CASE-0247,PERSON-0079,PERSON-0211,BANK-0079,BANK-0211,150000,Synthetic transaction record: PERSON-0079 transferred INR 150000 to PERSON-0211 linked to CASE-0247.
TXN-0342,CASE-0698,PERSON-0229,PERSON-0346,BANK-0229,BANK-0346,250000,Synthetic transaction record: PERSON-0229 transferred INR 250000 to PERSON-0346 linked to CASE-0698.
TXN-0343,CASE-0340,PERSON-0724,PERSON-0123,BANK-0274,BANK-0123,25000,Synthetic transaction record: PERSON-0724 transferred INR 25000 to PERSON-0123 linked to CASE-0340.
TXN-0344,CASE-0968,PERSON-0945,PERSON-0171,BANK-0045,BANK-0171,250000,Synthetic transaction record: PERSON-0945 transferred INR 250000 to PERSON-0171 linked to CASE-0968.
TXN-0345,CASE-1083,PERSON-0693,PERSON-0889,BANK-0243,BANK-0439,150000,Synthetic transaction record: PERSON-0693 transferred INR 150000 to PERSON-0889 linked to CASE-1083.
TXN-0346,CASE-1071,PERSON-0763,PERSON-0004,BANK-0313,BANK-0004,150000,Synthetic transaction record: PERSON-0763 transferred INR 150000 to PERSON-0004 linked to CASE-1071.
TXN-0347,CASE-0282,PERSON-0799,PERSON-0480,BANK-0349,BANK-0030,250000,Synthetic transaction record: PERSON-0799 transferred INR 250000 to PERSON-0480 linked to CASE-0282.
TXN-0348,CASE-0116,PERSON-0733,PERSON-0233,BANK-0283,BANK-0233,150000,Synthetic transaction record: PERSON-0733 transferred INR 150000 to PERSON-0233 linked to CASE-0116.
TXN-0349,CASE-0230,PERSON-0969,PERSON-0426,BANK-0069,BANK-0426,25000,Synthetic transaction record: PERSON-0969 transferred INR 25000 to PERSON-0426 linked to CASE-0230.
TXN-0350,CASE-0874,PERSON-0029,PERSON-0566,BANK-0029,BANK-0116,500000,Synthetic transaction record: PERSON-0029 transferred INR 500000 to PERSON-0566 linked to CASE-0874.
TXN-0351,CASE-1049,PERSON-0114,PERSON-0798,BANK-0114,BANK-0348,250000,Synthetic transaction record: PERSON-0114 transferred INR 250000 to PERSON-0798 linked to CASE-1049.
TXN-0352,CASE-0963,PERSON-1000,PERSON-0855,BANK-0100,BANK-0405,50000,Synthetic transaction record: PERSON-1000 transferred INR 50000 to PERSON-0855 linked to CASE-0963.
TXN-0353,CASE-0266,PERSON-0916,PERSON-0208,BANK-0016,BANK-0208,500000,Synthetic transaction record: PERSON-0916 transferred INR 500000 to PERSON-0208 linked to CASE-0266.
TXN-0354,CASE-1221,PERSON-0901,PERSON-0777,BANK-0001,BANK-0327,250000,Synthetic transaction record: PERSON-0901 transferred INR 250000 to PERSON-0777 linked to CASE-1221.
TXN-0355,CASE-0787,PERSON-0258,PERSON-0493,BANK-0258,BANK-0043,150000,Synthetic transaction record: PERSON-0258 transferred INR 150000 to PERSON-0493 linked to CASE-0787.
TXN-0356,CASE-0248,PERSON-0549,PERSON-0203,BANK-0099,BANK-0203,150000,Synthetic transaction record: PERSON-0549 transferred INR 150000 to PERSON-0203 linked to CASE-0248.
TXN-0357,CASE-0694,PERSON-0858,PERSON-0233,BANK-0408,BANK-0233,25000,Synthetic transaction record: PERSON-0858 transferred INR 25000 to PERSON-0233 linked to CASE-0694.
TXN-0358,CASE-0917,PERSON-0900,PERSON-0430,BANK-0450,BANK-0430,250000,Synthetic transaction record: PERSON-0900 transferred INR 250000 to PERSON-0430 linked to CASE-0917.
TXN-0359,CASE-0218,PERSON-0922,PERSON-0925,BANK-0022,BANK-0025,25000,Synthetic transaction record: PERSON-0922 transferred INR 25000 to PERSON-0925 linked to CASE-0218.
TXN-0360,CASE-0373,PERSON-0818,PERSON-0294,BANK-0368,BANK-0294,250000,Synthetic transaction record: PERSON-0818 transferred INR 250000 to PERSON-0294 linked to CASE-0373.
TXN-0361,CASE-0031,PERSON-0690,PERSON-0741,BANK-0240,BANK-0291,500000,Synthetic transaction record: PERSON-0690 transferred INR 500000 to PERSON-0741 linked to CASE-0031.
TXN-0362,CASE-1125,PERSON-0376,PERSON-0804,BANK-0376,BANK-0354,75000,Synthetic transaction record: PERSON-0376 transferred INR 75000 to PERSON-0804 linked to CASE-1125.
TXN-0363,CASE-0954,PERSON-0888,PERSON-0994,BANK-0438,BANK-0094,250000,Synthetic transaction record: PERSON-0888 transferred INR 250000 to PERSON-0994 linked to CASE-0954.
TXN-0364,CASE-0065,PERSON-0016,PERSON-0174,BANK-0016,BANK-0174,500000,Synthetic transaction record: PERSON-0016 transferred INR 500000 to PERSON-0174 linked to CASE-0065.
TXN-0365,CASE-0527,PERSON-0686,PERSON-0889,BANK-0236,BANK-0439,75000,Synthetic transaction record: PERSON-0686 transferred INR 75000 to PERSON-0889 linked to CASE-0527.
TXN-0366,CASE-0398,PERSON-0818,PERSON-0787,BANK-0368,BANK-0337,50000,Synthetic transaction record: PERSON-0818 transferred INR 50000 to PERSON-0787 linked to CASE-0398.
TXN-0367,CASE-0437,PERSON-0898,PERSON-0405,BANK-0448,BANK-0405,50000,Synthetic transaction record: PERSON-0898 transferred INR 50000 to PERSON-0405 linked to CASE-0437.
TXN-0368,CASE-0333,PERSON-0994,PERSON-0845,BANK-0094,BANK-0395,25000,Synthetic transaction record: PERSON-0994 transferred INR 25000 to PERSON-0845 linked to CASE-0333.
TXN-0369,CASE-0801,PERSON-0600,PERSON-0039,BANK-0150,BANK-0039,150000,Synthetic transaction record: PERSON-0600 transferred INR 150000 to PERSON-0039 linked to CASE-0801.
TXN-0370,CASE-1234,PERSON-0685,PERSON-0782,BANK-0235,BANK-0332,150000,Synthetic transaction record: PERSON-0685 transferred INR 150000 to PERSON-0782 linked to CASE-1234.
TXN-0371,CASE-1130,PERSON-0361,PERSON-0868,BANK-0361,BANK-0418,150000,Synthetic transaction record: PERSON-0361 transferred INR 150000 to PERSON-0868 linked to CASE-1130.
TXN-0372,CASE-0532,PERSON-0408,PERSON-0683,BANK-0408,BANK-0233,150000,Synthetic transaction record: PERSON-0408 transferred INR 150000 to PERSON-0683 linked to CASE-0532.
TXN-0373,CASE-0041,PERSON-0399,PERSON-0821,BANK-0399,BANK-0371,150000,Synthetic transaction record: PERSON-0399 transferred INR 150000 to PERSON-0821 linked to CASE-0041.
TXN-0374,CASE-0731,PERSON-0068,PERSON-0448,BANK-0068,BANK-0448,250000,Synthetic transaction record: PERSON-0068 transferred INR 250000 to PERSON-0448 linked to CASE-0731.
TXN-0375,CASE-0243,PERSON-0252,PERSON-0592,BANK-0252,BANK-0142,75000,Synthetic transaction record: PERSON-0252 transferred INR 75000 to PERSON-0592 linked to CASE-0243.
TXN-0376,CASE-0291,PERSON-0092,PERSON-0330,BANK-0092,BANK-0330,25000,Synthetic transaction record: PERSON-0092 transferred INR 25000 to PERSON-0330 linked to CASE-0291.
TXN-0377,CASE-0237,PERSON-0859,PERSON-0417,BANK-0409,BANK-0417,75000,Synthetic transaction record: PERSON-0859 transferred INR 75000 to PERSON-0417 linked to CASE-0237.
TXN-0378,CASE-0298,PERSON-0398,PERSON-0075,BANK-0398,BANK-0075,25000,Synthetic transaction record: PERSON-0398 transferred INR 25000 to PERSON-0075 linked to CASE-0298.
TXN-0379,CASE-0984,PERSON-0951,PERSON-0010,BANK-0051,BANK-0010,50000,Synthetic transaction record: PERSON-0951 transferred INR 50000 to PERSON-0010 linked to CASE-0984.
TXN-0380,CASE-0405,PERSON-0373,PERSON-0048,BANK-0373,BANK-0048,500000,Synthetic transaction record: PERSON-0373 transferred INR 500000 to PERSON-0048 linked to CASE-0405.
TXN-0381,CASE-1071,PERSON-0786,PERSON-0265,BANK-0336,BANK-0265,50000,Synthetic transaction record: PERSON-0786 transferred INR 50000 to PERSON-0265 linked to CASE-1071.
TXN-0382,CASE-0578,PERSON-0869,PERSON-0217,BANK-0419,BANK-0217,500000,Synthetic transaction record: PERSON-0869 transferred INR 500000 to PERSON-0217 linked to CASE-0578.
TXN-0383,CASE-0231,PERSON-0635,PERSON-0552,BANK-0185,BANK-0102,50000,Synthetic transaction record: PERSON-0635 transferred INR 50000 to PERSON-0552 linked to CASE-0231.
TXN-0384,CASE-1184,PERSON-0141,PERSON-0296,BANK-0141,BANK-0296,250000,Synthetic transaction record: PERSON-0141 transferred INR 250000 to PERSON-0296 linked to CASE-1184.
TXN-0385,CASE-0600,PERSON-0516,PERSON-0068,BANK-0066,BANK-0068,50000,Synthetic transaction record: PERSON-0516 transferred INR 50000 to PERSON-0068 linked to CASE-0600.
TXN-0386,CASE-0049,PERSON-0011,PERSON-0309,BANK-0011,BANK-0309,25000,Synthetic transaction record: PERSON-0011 transferred INR 25000 to PERSON-0309 linked to CASE-0049.
TXN-0387,CASE-0871,PERSON-0616,PERSON-0829,BANK-0166,BANK-0379,25000,Synthetic transaction record: PERSON-0616 transferred INR 25000 to PERSON-0829 linked to CASE-0871.
TXN-0388,CASE-0032,PERSON-0324,PERSON-0879,BANK-0324,BANK-0429,50000,Synthetic transaction record: PERSON-0324 transferred INR 50000 to PERSON-0879 linked to CASE-0032.
TXN-0389,CASE-0096,PERSON-0151,PERSON-0104,BANK-0151,BANK-0104,75000,Synthetic transaction record: PERSON-0151 transferred INR 75000 to PERSON-0104 linked to CASE-0096.
TXN-0390,CASE-0146,PERSON-0387,PERSON-0488,BANK-0387,BANK-0038,500000,Synthetic transaction record: PERSON-0387 transferred INR 500000 to PERSON-0488 linked to CASE-0146.
TXN-0391,CASE-0747,PERSON-0782,PERSON-0827,BANK-0332,BANK-0377,500000,Synthetic transaction record: PERSON-0782 transferred INR 500000 to PERSON-0827 linked to CASE-0747.
TXN-0392,CASE-1127,PERSON-0398,PERSON-0716,BANK-0398,BANK-0266,75000,Synthetic transaction record: PERSON-0398 transferred INR 75000 to PERSON-0716 linked to CASE-1127.
TXN-0393,CASE-0828,PERSON-0731,PERSON-0814,BANK-0281,BANK-0364,50000,Synthetic transaction record: PERSON-0731 transferred INR 50000 to PERSON-0814 linked to CASE-0828.
TXN-0394,CASE-0474,PERSON-0684,PERSON-0889,BANK-0234,BANK-0439,250000,Synthetic transaction record: PERSON-0684 transferred INR 250000 to PERSON-0889 linked to CASE-0474.
TXN-0395,CASE-0676,PERSON-0239,PERSON-0318,BANK-0239,BANK-0318,250000,Synthetic transaction record: PERSON-0239 transferred INR 250000 to PERSON-0318 linked to CASE-0676.
TXN-0396,CASE-0186,PERSON-0096,PERSON-0004,BANK-0096,BANK-0004,75000,Synthetic transaction record: PERSON-0096 transferred INR 75000 to PERSON-0004 linked to CASE-0186.
TXN-0397,CASE-0035,PERSON-0840,PERSON-0122,BANK-0390,BANK-0122,75000,Synthetic transaction record: PERSON-0840 transferred INR 75000 to PERSON-0122 linked to CASE-0035.
TXN-0398,CASE-1022,PERSON-0431,PERSON-0266,BANK-0431,BANK-0266,50000,Synthetic transaction record: PERSON-0431 transferred INR 50000 to PERSON-0266 linked to CASE-1022.
TXN-0399,CASE-1005,PERSON-0518,PERSON-0840,BANK-0068,BANK-0390,250000,Synthetic transaction record: PERSON-0518 transferred INR 250000 to PERSON-0840 linked to CASE-1005.
TXN-0400,CASE-0870,PERSON-0877,PERSON-0983,BANK-0427,BANK-0083,25000,Synthetic transaction record: PERSON-0877 transferred INR 25000 to PERSON-0983 linked to CASE-0870.
TXN-0401,CASE-0656,PERSON-0484,PERSON-0253,BANK-0034,BANK-0253,250000,Synthetic transaction record: PERSON-0484 transferred INR 250000 to PERSON-0253 linked to CASE-0656.
TXN-0402,CASE-0691,PERSON-0329,PERSON-0763,BANK-0329,BANK-0313,25000,Synthetic transaction record: PERSON-0329 transferred INR 25000 to PERSON-0763 linked to CASE-0691.
TXN-0403,CASE-0281,PERSON-0560,PERSON-0789,BANK-0110,BANK-0339,25000,Synthetic transaction record: PERSON-0560 transferred INR 25000 to PERSON-0789 linked to CASE-0281.
TXN-0404,CASE-0920,PERSON-0930,PERSON-0505,BANK-0030,BANK-0055,75000,Synthetic transaction record: PERSON-0930 transferred INR 75000 to PERSON-0505 linked to CASE-0920.
TXN-0405,CASE-0202,PERSON-0138,PERSON-0240,BANK-0138,BANK-0240,250000,Synthetic transaction record: PERSON-0138 transferred INR 250000 to PERSON-0240 linked to CASE-0202.
TXN-0406,CASE-0763,PERSON-0784,PERSON-0577,BANK-0334,BANK-0127,150000,Synthetic transaction record: PERSON-0784 transferred INR 150000 to PERSON-0577 linked to CASE-0763.
TXN-0407,CASE-1038,PERSON-0101,PERSON-0350,BANK-0101,BANK-0350,75000,Synthetic transaction record: PERSON-0101 transferred INR 75000 to PERSON-0350 linked to CASE-1038.
TXN-0408,CASE-0532,PERSON-0159,PERSON-0386,BANK-0159,BANK-0386,500000,Synthetic transaction record: PERSON-0159 transferred INR 500000 to PERSON-0386 linked to CASE-0532.
TXN-0409,CASE-0094,PERSON-0781,PERSON-0688,BANK-0331,BANK-0238,250000,Synthetic transaction record: PERSON-0781 transferred INR 250000 to PERSON-0688 linked to CASE-0094.
TXN-0410,CASE-0946,PERSON-0165,PERSON-0233,BANK-0165,BANK-0233,500000,Synthetic transaction record: PERSON-0165 transferred INR 500000 to PERSON-0233 linked to CASE-0946.
TXN-0411,CASE-0786,PERSON-0020,PERSON-0158,BANK-0020,BANK-0158,75000,Synthetic transaction record: PERSON-0020 transferred INR 75000 to PERSON-0158 linked to CASE-0786.
TXN-0412,CASE-0600,PERSON-0446,PERSON-0777,BANK-0446,BANK-0327,500000,Synthetic transaction record: PERSON-0446 transferred INR 500000 to PERSON-0777 linked to CASE-0600.
TXN-0413,CASE-0758,PERSON-0791,PERSON-0287,BANK-0341,BANK-0287,150000,Synthetic transaction record: PERSON-0791 transferred INR 150000 to PERSON-0287 linked to CASE-0758.
TXN-0414,CASE-0948,PERSON-0480,PERSON-0145,BANK-0030,BANK-0145,25000,Synthetic transaction record: PERSON-0480 transferred INR 25000 to PERSON-0145 linked to CASE-0948.
TXN-0415,CASE-0734,PERSON-0067,PERSON-0453,BANK-0067,BANK-0003,25000,Synthetic transaction record: PERSON-0067 transferred INR 25000 to PERSON-0453 linked to CASE-0734.
TXN-0416,CASE-0056,PERSON-0472,PERSON-0209,BANK-0022,BANK-0209,25000,Synthetic transaction record: PERSON-0472 transferred INR 25000 to PERSON-0209 linked to CASE-0056.
TXN-0417,CASE-1025,PERSON-0475,PERSON-0126,BANK-0025,BANK-0126,75000,Synthetic transaction record: PERSON-0475 transferred INR 75000 to PERSON-0126 linked to CASE-1025.
TXN-0418,CASE-0787,PERSON-0825,PERSON-0270,BANK-0375,BANK-0270,500000,Synthetic transaction record: PERSON-0825 transferred INR 500000 to PERSON-0270 linked to CASE-0787.
TXN-0419,CASE-0985,PERSON-0545,PERSON-0657,BANK-0095,BANK-0207,50000,Synthetic transaction record: PERSON-0545 transferred INR 50000 to PERSON-0657 linked to CASE-0985.
TXN-0420,CASE-0986,PERSON-0681,PERSON-0741,BANK-0231,BANK-0291,25000,Synthetic transaction record: PERSON-0681 transferred INR 25000 to PERSON-0741 linked to CASE-0986.
TXN-0421,CASE-0444,PERSON-0101,PERSON-0499,BANK-0101,BANK-0049,75000,Synthetic transaction record: PERSON-0101 transferred INR 75000 to PERSON-0499 linked to CASE-0444.
TXN-0422,CASE-0629,PERSON-0234,PERSON-0543,BANK-0234,BANK-0093,25000,Synthetic transaction record: PERSON-0234 transferred INR 25000 to PERSON-0543 linked to CASE-0629.
TXN-0423,CASE-0381,PERSON-0910,PERSON-0453,BANK-0010,BANK-0003,75000,Synthetic transaction record: PERSON-0910 transferred INR 75000 to PERSON-0453 linked to CASE-0381.
TXN-0424,CASE-0150,PERSON-0861,PERSON-0309,BANK-0411,BANK-0309,250000,Synthetic transaction record: PERSON-0861 transferred INR 250000 to PERSON-0309 linked to CASE-0150.
TXN-0425,CASE-0665,PERSON-0723,PERSON-0471,BANK-0273,BANK-0021,500000,Synthetic transaction record: PERSON-0723 transferred INR 500000 to PERSON-0471 linked to CASE-0665.
TXN-0426,CASE-0371,PERSON-0393,PERSON-0052,BANK-0393,BANK-0052,50000,Synthetic transaction record: PERSON-0393 transferred INR 50000 to PERSON-0052 linked to CASE-0371.
TXN-0427,CASE-1153,PERSON-0177,PERSON-0341,BANK-0177,BANK-0341,75000,Synthetic transaction record: PERSON-0177 transferred INR 75000 to PERSON-0341 linked to CASE-1153.
TXN-0428,CASE-0808,PERSON-0702,PERSON-0541,BANK-0252,BANK-0091,150000,Synthetic transaction record: PERSON-0702 transferred INR 150000 to PERSON-0541 linked to CASE-0808.
TXN-0429,CASE-0303,PERSON-0915,PERSON-0462,BANK-0015,BANK-0012,50000,Synthetic transaction record: PERSON-0915 transferred INR 50000 to PERSON-0462 linked to CASE-0303.
TXN-0430,CASE-1137,PERSON-0529,PERSON-0854,BANK-0079,BANK-0404,75000,Synthetic transaction record: PERSON-0529 transferred INR 75000 to PERSON-0854 linked to CASE-1137.
TXN-0431,CASE-0094,PERSON-0460,PERSON-0427,BANK-0010,BANK-0427,150000,Synthetic transaction record: PERSON-0460 transferred INR 150000 to PERSON-0427 linked to CASE-0094.
TXN-0432,CASE-0514,PERSON-0140,PERSON-0011,BANK-0140,BANK-0011,150000,Synthetic transaction record: PERSON-0140 transferred INR 150000 to PERSON-0011 linked to CASE-0514.
TXN-0433,CASE-0773,PERSON-0700,PERSON-0212,BANK-0250,BANK-0212,50000,Synthetic transaction record: PERSON-0700 transferred INR 50000 to PERSON-0212 linked to CASE-0773.
TXN-0434,CASE-0980,PERSON-0969,PERSON-0070,BANK-0069,BANK-0070,500000,Synthetic transaction record: PERSON-0969 transferred INR 500000 to PERSON-0070 linked to CASE-0980.
TXN-0435,CASE-0423,PERSON-0966,PERSON-0347,BANK-0066,BANK-0347,50000,Synthetic transaction record: PERSON-0966 transferred INR 50000 to PERSON-0347 linked to CASE-0423.
TXN-0436,CASE-1124,PERSON-0991,PERSON-0943,BANK-0091,BANK-0043,150000,Synthetic transaction record: PERSON-0991 transferred INR 150000 to PERSON-0943 linked to CASE-1124.
TXN-0437,CASE-0975,PERSON-0428,PERSON-0709,BANK-0428,BANK-0259,50000,Synthetic transaction record: PERSON-0428 transferred INR 50000 to PERSON-0709 linked to CASE-0975.
TXN-0438,CASE-0734,PERSON-0619,PERSON-0129,BANK-0169,BANK-0129,50000,Synthetic transaction record: PERSON-0619 transferred INR 50000 to PERSON-0129 linked to CASE-0734.
TXN-0439,CASE-1084,PERSON-0442,PERSON-0740,BANK-0442,BANK-0290,250000,Synthetic transaction record: PERSON-0442 transferred INR 250000 to PERSON-0740 linked to CASE-1084.
TXN-0440,CASE-0974,PERSON-0622,PERSON-0054,BANK-0172,BANK-0054,150000,Synthetic transaction record: PERSON-0622 transferred INR 150000 to PERSON-0054 linked to CASE-0974.
TXN-0441,CASE-0062,PERSON-0817,PERSON-0270,BANK-0367,BANK-0270,250000,Synthetic transaction record: PERSON-0817 transferred INR 250000 to PERSON-0270 linked to CASE-0062.
TXN-0442,CASE-1072,PERSON-0403,PERSON-0606,BANK-0403,BANK-0156,500000,Synthetic transaction record: PERSON-0403 transferred INR 500000 to PERSON-0606 linked to CASE-1072.
TXN-0443,CASE-0479,PERSON-0181,PERSON-0059,BANK-0181,BANK-0059,500000,Synthetic transaction record: PERSON-0181 transferred INR 500000 to PERSON-0059 linked to CASE-0479.
TXN-0444,CASE-0686,PERSON-0799,PERSON-0380,BANK-0349,BANK-0380,50000,Synthetic transaction record: PERSON-0799 transferred INR 50000 to PERSON-0380 linked to CASE-0686.
TXN-0445,CASE-0532,PERSON-0007,PERSON-0356,BANK-0007,BANK-0356,25000,Synthetic transaction record: PERSON-0007 transferred INR 25000 to PERSON-0356 linked to CASE-0532.
TXN-0446,CASE-1075,PERSON-0967,PERSON-0855,BANK-0067,BANK-0405,250000,Synthetic transaction record: PERSON-0967 transferred INR 250000 to PERSON-0855 linked to CASE-1075.
TXN-0447,CASE-0297,PERSON-0486,PERSON-0205,BANK-0036,BANK-0205,250000,Synthetic transaction record: PERSON-0486 transferred INR 250000 to PERSON-0205 linked to CASE-0297.
TXN-0448,CASE-0857,PERSON-0761,PERSON-0086,BANK-0311,BANK-0086,75000,Synthetic transaction record: PERSON-0761 transferred INR 75000 to PERSON-0086 linked to CASE-0857.
TXN-0449,CASE-1221,PERSON-0875,PERSON-0461,BANK-0425,BANK-0011,150000,Synthetic transaction record: PERSON-0875 transferred INR 150000 to PERSON-0461 linked to CASE-1221.
TXN-0450,CASE-0528,PERSON-0796,PERSON-0010,BANK-0346,BANK-0010,75000,Synthetic transaction record: PERSON-0796 transferred INR 75000 to PERSON-0010 linked to CASE-0528.
